date,SPY,IJR,EFA,EEM,AGG,TLT,SHY,LQD,GLD,VNQ
2004-01-02,73.644165,16.772152,24.196959,12.007375,49.241650,39.806244,53.282532,43.827896,,
2004-01-05,74.445312,16.976419,24.662722,12.428685,49.299854,39.702538,53.289032,43.875832,,
2004-01-06,74.518166,16.936567,24.699774,12.288250,49.522835,40.140915,53.353802,44.271103,,
2004-01-07,74.769707,17.069832,24.452776,12.316906,49.634388,40.301224,53.392685,44.307026,,
2004-01-08,75.067642,17.115915,24.803869,12.363482,49.619812,40.287086,53.399117,44.378864,,
2004-01-09,74.412201,16.963961,24.646847,12.341270,50.031883,40.989510,53.528645,44.738186,,
2004-01-12,74.961716,17.150789,24.639788,12.330523,49.891293,40.956512,53.561039,44.814049,,
2004-01-13,74.524757,17.174442,24.496878,12.260305,50.007652,41.234650,53.625839,44.933807,,
2004-01-14,75.147148,17.281569,24.708599,12.279654,50.002792,41.437355,53.573986,45.029659,,
2004-01-15,75.332474,17.302738,24.558630,12.028871,50.065845,41.592911,53.567532,45.233238,,
2004-01-16,75.630402,17.300257,24.470421,12.080460,50.027046,41.300625,53.528645,45.033623,,
2004-01-20,75.610558,17.484583,24.735060,12.431554,49.983433,41.291191,53.554585,44.941830,,
2004-01-21,76.206459,17.561810,25.034992,12.448033,50.017334,41.390194,53.586948,45.045589,,
2004-01-22,76.007820,17.437254,25.050869,12.416508,50.104603,41.691952,53.625839,45.273178,,
2004-01-23,75.762856,17.587971,24.782690,12.395730,49.983433,41.192204,53.548084,44.913876,,
2004-01-26,76.716255,17.743658,24.862080,12.478127,49.789509,40.942375,53.509243,44.666344,,
2004-01-27,75.928383,17.487068,24.752699,12.415071,49.862206,41.196915,53.573986,44.937813,,
2004-01-28,75.061058,17.250425,24.435125,12.239527,49.760414,40.833958,53.438046,44.582489,,
2004-01-29,75.133835,17.147053,24.466890,12.046785,49.644058,40.749073,53.450916,44.574501,,
2004-01-30,75.133835,17.184414,24.403376,12.030304,49.741016,41.031914,53.476814,44.682312,,
2004-02-02,75.458290,17.145813,24.346916,12.033171,49.754642,40.945770,53.495712,44.670250,,
2004-02-03,75.332474,17.133350,24.391026,11.965821,49.890759,41.154083,53.547546,44.762463,,
2004-02-04,74.716736,16.800802,24.126385,11.858343,49.895615,41.073620,53.515156,44.726368,,
2004-02-05,74.935242,16.941542,24.226952,11.854759,49.754642,40.912640,53.476166,44.650257,,
2004-02-06,75.776093,17.300257,24.683895,12.124884,49.958763,41.362324,53.560570,44.782475,,
2004-02-09,75.795967,17.374975,24.839153,12.299714,49.992828,41.485416,53.579960,44.970909,,
2004-02-10,76.040932,17.549351,24.946772,12.288969,49.885883,41.253498,53.508659,44.838631,,
2004-02-11,76.848686,17.716244,25.229057,12.479564,50.080326,41.561169,53.592937,45.111168,,
2004-02-12,76.570610,17.641525,25.008522,12.473108,50.085171,41.385990,53.612419,45.030983,,
2004-02-13,76.226288,17.424807,24.976763,12.481709,50.308815,41.561169,53.690258,45.287510,,
2004-02-17,76.914917,17.667683,25.458406,12.732491,50.187263,41.532757,53.644836,45.155273,,
2004-02-18,76.577209,17.635298,25.105558,12.559095,50.148369,41.589531,53.651295,45.051079,,
2004-02-19,76.292526,17.337618,25.273165,12.449467,50.201855,41.632156,53.677261,45.211376,,
2004-02-20,76.060791,17.272848,24.964428,12.309743,50.046284,41.343380,53.618862,44.990929,,
2004-02-23,75.868759,17.076050,25.034992,12.202269,50.182419,41.599022,53.670780,45.115189,,
2004-02-24,75.736366,17.125885,24.937950,12.137782,50.138699,41.674759,53.677261,45.159306,,
2004-02-25,76.054214,17.347574,24.752699,12.270339,50.255344,41.741013,53.716148,45.191353,,
2004-02-26,76.100525,17.449717,24.761524,12.331240,50.172668,41.608490,53.696690,45.223408,,
2004-02-27,76.153496,17.498291,24.964428,12.506075,50.308815,41.968220,53.735592,45.355694,,
2004-03-01,76.908226,17.840809,25.299627,12.791245,50.331268,41.952053,53.718094,45.341587,,
2004-03-02,76.458015,17.736191,24.893841,12.689497,50.155792,41.685905,53.666119,45.253040,,
2004-03-03,76.597092,17.767321,24.840914,12.610682,50.102200,41.609890,53.627155,45.232956,,
2004-03-04,76.795692,17.920519,24.920309,12.696667,50.224045,41.795265,53.672638,45.305363,,
2004-03-05,77.053932,17.899345,25.211409,12.743236,50.594376,42.603180,53.789505,45.788189,,
2004-03-08,76.113762,17.748638,25.049107,12.621432,50.764927,42.855083,53.874020,45.916927,,
2004-03-09,75.809204,17.656471,24.876205,12.539030,50.838017,43.140240,53.906460,46.009468,,
2004-03-10,74.538010,17.275343,24.477480,12.252425,50.779564,43.111729,53.874020,46.158363,,
2004-03-11,73.571365,17.095985,24.080515,11.987313,50.891605,43.173504,53.919449,45.961208,,
2004-03-12,74.538010,17.524450,24.292233,12.087626,50.735710,42.907387,53.880524,45.908920,,
2004-03-15,73.624290,17.125885,23.879393,11.861926,50.745399,42.978687,53.854507,45.961208,,
2004-03-16,74.014923,17.125885,24.099924,12.008812,50.867233,43.335098,53.893467,46.170425,,
2004-03-17,74.842552,17.387438,24.602745,12.173608,50.842884,43.263821,53.893467,46.194599,,
2004-03-18,74.862373,17.250425,24.593924,12.245262,50.794121,43.035709,53.874020,46.001438,,
2004-03-19,73.789383,17.150789,24.276354,12.084044,50.740536,42.978687,53.893467,45.929043,,
2004-03-22,72.852554,16.894211,23.960541,11.890583,50.872128,43.240078,53.925964,46.106033,,
2004-03-23,72.726334,16.895451,24.144035,12.010242,50.876976,43.316128,53.938938,46.190548,,
2004-03-24,72.786140,16.845633,24.048765,12.019560,50.906216,43.292328,53.951904,46.146305,,
2004-03-25,73.749542,17.165726,24.505703,12.137062,50.876976,43.125988,53.945423,46.021572,,
2004-03-26,73.769440,17.205589,24.399851,12.114852,50.701599,42.669773,53.893467,45.679558,,
2004-03-29,74.805908,17.574223,24.752699,12.270339,50.608971,42.384586,53.854507,45.751980,,
2004-03-30,75.058403,17.710196,24.805634,12.420804,50.409168,42.356060,53.847950,45.639313,,
2004-03-31,75.144814,17.763836,24.982071,12.574859,50.652840,42.560436,53.886986,45.804295,,
2004-04-01,75.596581,17.844910,25.313749,12.677320,50.677273,42.421108,53.821922,45.784519,,
2004-04-02,76.167992,18.056986,25.386076,12.804148,50.213161,41.371445,53.633274,45.069599,,
2004-04-05,76.586525,18.201685,25.386076,12.893704,49.905445,41.046951,53.581280,44.843422,,
2004-04-06,76.340729,18.040766,25.308443,12.965359,50.047092,41.271236,53.646286,45.053471,,
2004-04-07,76.161339,18.123093,25.347261,12.918783,49.924980,41.175823,53.659309,45.065613,,
2004-04-08,75.988594,17.973392,25.294329,12.929529,49.954311,41.056530,53.659309,45.110004,,
2004-04-12,76.287575,18.063225,25.458406,13.029132,49.939629,40.908627,53.607273,44.835403,,
2004-04-13,75.217865,17.675261,25.132021,12.877226,49.851677,40.464890,53.535717,44.552650,,
2004-04-14,75.337479,17.601658,24.872673,12.687349,49.705120,40.431477,53.444740,44.492069,,
2004-04-15,75.051750,17.520571,24.699774,12.582024,49.631805,40.192932,53.477222,44.306252,,
2004-04-16,75.629822,17.647820,24.964428,12.675171,49.768642,40.345604,53.548744,44.560719,,
2004-04-19,75.629822,17.757589,24.990877,12.696667,49.705120,40.259758,53.483669,44.479942,,
2004-04-20,74.360771,17.435753,24.646847,12.585603,49.543934,39.892334,53.360096,44.189129,,
2004-04-21,74.859100,17.664030,24.814453,12.492457,49.426727,40.087971,53.366650,44.225491,,
2004-04-22,75.908859,17.994604,24.990877,12.488874,49.607441,40.326530,53.444740,44.467827,,
2004-04-23,75.981934,17.922266,24.955591,12.582024,49.509712,40.097530,53.334106,44.278008,,
2004-04-26,75.875641,17.839920,24.948538,12.402892,49.495090,40.164257,53.340645,44.282055,,
2004-04-27,75.942078,17.861139,24.973234,12.336971,49.617191,40.317020,53.405663,44.492069,,
2004-04-28,74.958740,17.551764,24.512756,11.983729,49.387619,39.940086,53.295128,44.221439,,
2004-04-29,74.300987,17.246134,24.249889,11.588932,49.245930,39.744415,53.288612,44.023544,,
2004-04-30,73.722931,17.072737,24.135204,11.342449,49.231304,39.906643,53.314594,44.023544,,
2004-05-03,74.513596,17.254866,24.382202,11.456377,49.157822,39.956951,53.338062,44.081123,,
2004-05-04,74.453835,17.380854,24.692717,11.680644,49.245979,39.683918,53.325008,43.935154,,
2004-05-05,74.932198,17.417030,24.964428,11.709304,49.182312,39.573772,53.305466,43.870308,,
2004-05-06,74.287697,17.218685,24.435125,11.466411,49.030441,39.468410,53.292454,43.671597,,
2004-05-07,73.058548,16.772095,23.773535,11.208463,48.614128,38.951080,53.070992,43.103905,,
2004-05-10,72.307777,16.467712,23.164860,10.667490,48.540653,38.860069,53.097031,42.783535,,
2004-05-11,72.918999,16.780828,23.332458,10.984193,48.663074,39.037300,53.103584,42.868725,,
2004-05-12,73.384109,16.840708,23.482428,10.987773,48.594486,38.778671,53.116596,42.884960,,
2004-05-13,73.078484,16.691010,23.235432,10.959111,48.584728,38.630150,53.090538,42.657852,,
2004-05-14,73.111671,16.612427,23.216026,10.670357,48.594486,38.946312,53.175198,42.917366,,
2004-05-17,72.487137,16.430304,22.961967,10.243314,48.839428,39.291168,53.246834,43.124180,,
2004-05-18,72.852554,16.633625,23.205444,10.547829,48.863907,39.137897,53.194763,43.185001,,
2004-05-19,72.600113,16.530088,23.434799,10.839454,48.780674,39.008568,53.168709,43.043098,,
2004-05-20,72.832619,16.608677,23.464790,10.772820,48.912922,39.310329,53.194763,43.282333,,
2004-05-21,72.958862,16.769609,23.637682,10.949796,48.834545,39.152260,53.194763,43.245792,,
2004-05-24,73.264511,16.956728,23.789408,11.120328,48.873726,39.276806,53.207767,43.420181,,
2004-05-25,74.314293,17.364645,24.144035,11.365380,48.859028,39.391754,53.207767,43.464794,,
2004-05-26,74.573387,17.451973,24.099924,11.320955,48.981506,39.602516,53.305466,43.659420,,
2004-05-27,74.991966,17.440741,24.558630,11.500082,49.216621,39.913837,53.331516,43.858139,,
2004-05-28,74.985329,17.441980,24.410431,11.475005,49.045158,39.803684,53.311981,43.793228,,
2004-06-01,74.885651,17.564234,24.468655,11.395468,48.989643,39.439178,53.236355,43.559498,,
2004-06-02,75.164719,17.546772,24.539225,11.395468,49.009289,39.338203,53.203743,43.445530,,
2004-06-03,74.473747,17.236153,24.302814,11.142542,48.989643,39.419922,53.216736,43.559498,,
2004-06-04,75.065079,17.432007,24.593924,11.306622,48.886414,39.189137,53.131931,43.404816,,
2004-06-07,76.207878,17.766325,25.137316,11.697124,48.935612,39.198776,53.151516,43.461857,,
2004-06-08,76.314148,17.792515,24.996170,11.534477,48.817616,39.270897,53.158058,43.465912,,
2004-06-09,75.603226,17.581707,24.567457,11.273667,48.832386,39.102604,53.073250,43.274551,,
2004-06-10,75.975296,17.558006,24.858553,11.286559,48.783253,39.179531,53.066715,43.298981,,
2004-06-14,75.224487,17.334705,24.260469,10.851634,48.645699,38.866974,52.929768,43.079124,,
2004-06-15,75.756020,17.604155,24.690956,11.061575,49.058418,39.689243,53.105858,43.567715,,
2004-06-16,75.742767,17.738882,24.682131,10.913255,48.960155,39.535336,53.066715,43.571743,,
2004-06-17,75.629822,17.745115,24.840914,10.967710,49.014206,39.795021,53.131931,43.657223,,
2004-06-18,75.772514,17.721416,24.885023,10.905373,49.087883,39.708485,53.099354,43.604332,,
2004-06-21,75.485771,17.726400,24.796812,10.955531,49.151779,39.737328,53.138493,43.681667,,
2004-06-22,75.865845,17.812483,24.807392,11.071604,49.132156,39.617134,53.158058,43.620605,,
2004-06-23,76.519386,18.028290,24.964428,11.268648,49.092796,39.694050,53.171104,43.592117,,
2004-06-24,76.279305,17.992113,25.061447,11.313787,49.279522,39.934444,53.223263,43.734604,,
2004-06-25,75.912567,18.156775,24.969706,11.428432,49.264790,39.972942,53.229813,43.767174,,
2004-06-28,75.652458,18.089645,25.123201,11.330990,49.102627,39.564198,53.105858,43.461857,,
2004-06-29,75.965881,18.273411,25.070272,11.417685,49.014206,39.814266,53.158058,43.767174,,
2004-06-30,76.372643,18.400909,25.229057,11.581047,49.402374,40.222996,53.301559,43.848618,,
2004-07-01,75.312393,18.177155,24.911482,11.436314,49.464981,40.298290,53.312649,44.067738,,
2004-07-02,75.272385,18.147154,25.050869,11.435594,49.780472,40.723156,53.456417,44.374306,,
2004-07-06,74.612206,17.917145,24.638025,11.313073,49.745926,40.655537,53.443382,44.272121,,
2004-07-07,74.832253,17.860886,24.929136,11.460674,49.716400,40.670013,53.449898,44.308903,,
2004-07-08,74.312157,17.563372,24.770348,11.297308,49.770630,40.694180,53.469498,44.333412,,
2004-07-09,74.505516,17.620882,24.980289,11.357495,49.622719,40.737621,53.469498,44.349751,,
2004-07-12,74.538864,17.577127,25.052626,11.328121,49.770630,40.795544,53.489105,44.439693,,
2004-07-13,74.592194,17.615885,24.929136,11.379706,49.716400,40.674866,53.449898,44.353889,,
2004-07-14,74.365501,17.519629,24.787983,11.270798,49.745926,40.689358,53.430283,44.374306,,
2004-07-15,73.885384,17.569620,24.479242,11.212046,49.652302,40.732780,53.430283,44.284382,,
2004-07-16,73.825363,17.464603,24.676840,11.335284,49.982555,41.273510,53.534874,44.713600,,
2004-07-19,73.511932,17.444622,24.696245,11.318089,49.908611,41.302509,53.508686,44.742214,,
2004-07-20,74.445511,17.725880,24.708599,11.366096,49.775555,40.930733,53.410702,44.435638,,
2004-07-21,73.071854,17.219603,24.172260,11.234973,49.657227,40.819714,53.397621,44.427448,,
2004-07-22,73.271873,17.157104,24.302814,11.234973,49.765629,40.877670,53.410702,44.325230,,
2004-07-23,72.658371,16.975840,23.854691,11.041513,49.879063,41.012794,53.410702,44.517380,,
2004-07-26,72.518364,16.804590,23.854691,10.939049,49.647385,40.819714,53.371471,44.492882,,
2004-07-27,73.198532,17.127102,24.002888,11.147554,49.534004,40.269321,53.325741,44.182205,,
2004-07-28,73.418571,17.063351,24.034649,11.143973,49.607948,40.274136,53.358398,44.051388,,
2004-07-29,73.732002,17.298359,24.064640,11.213476,49.494553,40.365864,53.371471,44.218967,,
2004-07-30,73.912018,17.387114,24.152849,11.159737,49.859360,40.839020,53.449898,44.533760,,
2004-08-02,74.065392,17.365862,24.267529,11.103850,49.845444,40.892303,53.491154,44.625248,,
2004-08-03,73.491928,17.143353,24.108744,11.116748,49.914669,41.057102,53.504208,44.576019,,
2004-08-04,73.485268,17.150858,24.105215,11.127498,50.023491,41.076500,53.497688,44.695023,,
2004-08-05,72.284981,16.793327,23.747072,11.055842,50.058064,41.192802,53.530441,44.777149,,
2004-08-06,71.251358,16.438318,23.711782,10.975595,50.379501,41.885941,53.720245,45.179325,,
2004-08-09,71.351364,16.397060,23.685318,11.067302,50.414158,41.740517,53.713711,45.187561,,
2004-08-10,72.271645,16.673332,23.879393,11.191983,50.280636,41.590290,53.582794,45.039772,,
2004-08-11,72.124931,16.657076,23.799997,11.088086,50.315258,41.769600,53.667889,45.006962,,
2004-08-12,71.338058,16.374559,23.535353,10.964130,50.419098,41.856853,53.680958,45.068523,,
2004-08-13,71.478104,16.364559,23.676498,10.981322,50.517967,41.992527,53.733364,45.249092,,
2004-08-16,72.218269,16.682083,23.914673,11.131076,50.458645,41.847118,53.720245,45.203941,,
2004-08-17,72.625069,16.744591,23.932316,11.205594,50.607033,42.084656,53.772644,45.450214,,
2004-08-18,73.371887,17.044600,24.114035,11.338149,50.443806,41.881077,53.759575,45.318848,,
2004-08-19,73.158524,17.009596,24.057585,11.350332,50.611935,41.982880,53.792267,45.478939,,
2004-08-20,73.671989,17.268358,24.170490,11.406935,50.463619,41.944107,53.759575,45.314743,,
2004-08-23,73.485268,17.150858,23.974663,11.468556,50.478401,41.701736,53.713711,45.228573,,
2004-08-24,73.585266,17.165850,23.969378,11.435594,50.483379,41.725945,53.739891,45.187561,,
2004-08-25,74.085426,17.264608,24.223427,11.571733,50.488323,41.871384,53.720245,45.400951,,
2004-08-26,74.085426,17.212107,24.241068,11.587499,50.582294,42.108879,53.772644,45.429722,,
2004-08-27,74.318794,17.357113,24.302814,11.566001,50.616894,42.079792,53.752953,45.536396,,
2004-08-30,73.705292,17.113348,24.214600,11.503665,50.666370,42.278503,53.766125,45.712872,,
2004-08-31,74.092094,17.213360,24.440430,11.553823,50.666370,42.540218,53.844662,45.905777,,
2004-09-01,74.232147,17.359615,24.461594,11.649117,50.848885,42.584045,53.859085,45.818027,,
2004-09-02,75.072319,17.625877,24.717422,11.793857,50.645512,42.165573,53.773865,45.624352,,
2004-09-03,74.765579,17.499624,24.389265,11.668464,50.620720,42.170410,53.701710,45.265881,,
2004-09-07,75.259048,17.737127,24.729767,11.758030,50.615757,42.126598,53.701710,45.521366,,
2004-09-08,75.072319,17.578379,24.717422,11.750861,50.769512,42.481876,53.780426,45.715019,,
2004-09-09,75.005646,17.794628,24.638025,11.786690,50.719898,42.321236,53.786972,45.809772,,
2004-09-10,75.392410,17.894640,24.823277,11.898465,50.829063,42.384537,53.800064,45.785034,,
2004-09-13,75.639122,18.033401,24.911482,12.007375,50.878654,42.569401,53.806606,45.941624,,
2004-09-14,75.792526,17.979645,24.973234,12.003076,50.933201,42.613243,53.819748,45.954006,,
2004-09-15,75.219055,17.870897,24.615086,11.950055,50.903481,42.515919,53.786972,45.954006,,
2004-09-16,75.445770,18.039652,24.777403,12.099806,51.057194,42.997650,53.878735,46.217670,,
2004-09-17,75.766502,18.007147,24.858553,12.180775,50.843933,42.783543,53.813179,46.044613,,
2004-09-20,75.311180,17.969643,24.703299,12.192955,51.062153,43.065758,53.898426,46.295944,,
2004-09-21,75.639275,18.147154,25.089672,12.320496,51.047295,43.192314,53.819748,46.312500,,
2004-09-22,74.695122,17.874647,24.682131,12.134198,51.215969,43.639999,53.872211,46.477291,,
2004-09-23,74.293320,17.838390,24.615086,12.187940,51.062153,43.464787,53.806606,46.291836,,
2004-09-24,74.634850,17.885891,24.646847,12.153546,51.077122,43.518333,53.773865,46.275394,,
2004-09-27,74.159424,17.689613,24.523352,12.081176,51.062153,43.708122,53.806606,46.436081,,
2004-09-28,74.514328,17.874992,24.763292,12.230932,51.146515,43.532921,53.839344,46.403122,,
2004-09-29,74.889328,18.080404,24.858553,12.295418,50.853817,43.109589,53.773865,46.184708,,19.495880
2004-09-30,74.835747,18.066626,24.946772,12.359903,50.928261,42.944153,53.793541,46.048759,,19.652321
2004-10-01,76.101295,18.518803,25.334911,12.596354,50.837189,42.729599,53.755428,45.844833,,20.016037
2004-10-04,76.228561,18.572666,25.373724,12.811308,50.852097,42.793129,53.762005,45.815891,,20.102081
2004-10-05,76.268700,18.565145,25.387846,12.716723,50.847157,42.793129,53.768551,46.006157,,20.098164
2004-10-06,76.791031,18.690397,25.483107,12.863616,50.752628,42.597710,53.722618,45.873795,,20.192034
2004-10-07,75.967407,18.412333,25.308443,12.753986,50.752628,42.411995,53.702885,45.774529,,19.984749
2004-10-08,75.337914,18.161827,25.484880,12.660835,51.001396,42.973927,53.840801,46.221226,,20.082521
2004-10-11,75.645950,18.214441,25.546614,12.726755,51.051128,43.017929,53.880169,46.262585,,20.004305
2004-10-12,75.351357,18.181871,25.255516,12.526132,51.001396,43.115593,53.893295,46.287403,,20.070787
2004-10-13,74.688454,17.972689,25.079086,12.356318,51.076031,43.271992,53.932762,46.465267,,20.121630
2004-10-14,74.085777,17.823637,24.946772,12.187940,51.319843,43.477238,53.945854,46.655548,,20.278069
2004-10-15,74.500969,17.980206,25.230822,12.350586,51.225300,43.325741,53.926189,46.448719,,20.485348
2004-10-18,74.782181,18.016529,25.331385,12.481709,51.180511,43.345280,53.932762,46.527325,,20.594852
2004-10-19,74.152718,17.851192,25.281984,12.421524,51.205402,43.457649,53.913033,46.519028,,20.485348
2004-10-20,74.005440,17.965172,25.379019,12.343420,51.384510,43.755722,53.959023,46.672077,,20.387571
2004-10-21,74.487534,18.201900,25.527222,12.521120,51.255157,43.785034,53.893295,46.630711,,20.594852
2004-10-22,73.650551,17.888781,25.370201,12.431554,51.379578,43.887653,53.945854,46.593460,,20.430590
2004-10-25,73.563484,18.055363,25.343729,12.465229,51.439274,43.921848,53.965572,46.696884,,20.332823
2004-10-26,74.688454,18.297092,25.484880,12.510371,51.289986,43.789921,53.959023,46.647221,,20.524456
2004-10-27,75.585693,18.556379,25.749519,12.725327,51.175560,43.359921,53.886818,46.366005,,20.766937
2004-10-28,75.813339,18.444897,25.820080,12.662273,51.235310,43.501621,53.906494,46.444630,,20.778666
2004-10-29,75.799980,18.441133,25.820080,12.711717,51.369583,43.701984,53.952465,46.593460,,20.766937
2004-11-01,76.007591,18.538837,25.864193,12.806291,51.259354,43.430199,53.918186,46.398739,,20.970299
2004-11-02,76.034340,18.500010,26.065317,12.835668,51.214455,43.493969,53.944527,46.469345,,20.766937
2004-11-03,76.991905,18.819416,26.374065,13.022677,51.324207,43.513592,53.937988,46.378017,,20.978119
2004-11-04,78.043144,19.057396,26.742802,13.219721,51.279308,43.557720,53.891895,46.577312,,21.294905
2004-11-05,78.532005,19.198933,26.868055,13.269875,51.149555,43.081802,53.753746,46.378017,,20.720005
2004-11-08,78.418190,19.109995,26.681053,13.120126,50.964931,42.929733,53.727451,46.182850,,20.774754
2004-11-09,78.264114,19.188904,26.614004,13.204676,51.084675,42.905178,53.766930,46.191166,,20.852974
2004-11-10,78.324425,19.259054,26.562849,13.219721,51.024818,42.743263,53.701138,46.149628,,21.001591
2004-11-11,78.920380,19.421881,26.852179,13.370187,51.074734,42.650089,53.740658,46.153797,,21.173664
2004-11-12,79.543114,19.603493,27.169746,13.595895,51.134598,43.111256,53.727451,46.386311,,21.588223
2004-11-15,79.738564,19.684917,27.196215,13.608793,51.159569,43.150543,53.727451,46.402912,,21.861994
2004-11-16,79.167671,19.513313,26.966862,13.453308,51.109634,43.150543,53.687954,46.378017,,21.729025
2004-11-17,79.637840,19.663618,27.310886,13.757106,51.239372,43.518509,53.766930,46.635429,,21.224516
2004-11-18,79.745270,19.651096,27.249142,13.782188,51.259354,43.650928,53.760342,46.710175,44.380001,21.189310
2004-11-19,78.858742,19.401833,27.072718,13.585149,51.154579,43.302620,53.674850,46.465179,44.779999,20.970299
2004-11-22,79.234848,19.659857,27.152107,13.638165,51.234398,43.528286,53.687954,46.444420,44.950001,21.115002
2004-11-23,79.355766,19.727499,27.205044,13.661812,51.204414,43.582241,53.681438,46.502548,44.750000,21.204954
2004-11-24,79.543808,19.921637,27.328533,13.807261,51.254353,43.582241,53.674850,46.498425,45.049999,21.572582
2004-11-26,79.483330,19.952953,27.487324,14.036554,51.104671,43.297688,53.622150,46.332340,45.290001,21.549112
2004-11-29,79.120705,20.024342,27.575531,13.950563,50.964931,42.836502,53.628811,45.966927,45.400002,21.470894
2004-11-30,79.174393,20.059420,27.390293,13.976362,50.989925,42.654987,53.641914,46.025078,45.119999,21.588223
2004-12-01,80.074379,20.309933,27.866642,14.083125,50.798767,42.588474,53.678131,45.997574,45.380001,22.006691
2004-12-02,80.141502,20.187181,27.822536,14.062344,50.893837,42.416031,53.658367,45.851665,44.950001,21.818972
2004-12-03,80.087784,20.189684,27.988371,14.126109,51.189106,43.076183,53.777035,46.110107,45.599998,22.112303
2004-12-06,80.060905,20.045647,27.817240,14.106049,51.244152,43.223984,53.783596,46.239330,45.169998,22.217886
2004-12-07,79.315445,19.671129,27.665512,13.889662,51.314217,43.278168,53.783596,46.347664,45.110001,21.936295
2004-12-08,79.778839,19.767580,27.646111,13.816581,51.489391,43.953053,53.803421,46.506065,44.009998,21.994967
2004-12-09,80.060905,19.735020,27.531427,13.591596,51.419315,43.662437,53.796818,46.614426,43.779999,22.155308
2004-12-10,80.141502,19.859022,27.261494,13.577976,51.354233,43.770809,53.803421,46.635288,43.439999,22.343031
2004-12-13,80.839981,20.018089,27.672567,13.784333,51.429310,43.864399,53.763863,46.726963,43.910000,22.280468
2004-12-14,81.122025,20.152115,27.681393,13.911160,51.479351,44.036800,53.777035,46.747799,43.549999,22.260900
2004-12-15,81.182457,20.278616,27.848995,14.103901,51.594433,44.435860,53.829762,46.997868,43.990002,22.303917
2004-12-16,81.135468,20.142092,27.672567,14.032966,51.394245,43.780636,53.770470,46.593613,43.680000,22.100544
2004-12-17,80.594315,20.053158,27.593172,14.000728,51.269169,43.721561,53.750683,46.643581,44.189999,22.350849
2004-12-20,80.614578,20.084478,27.845472,14.183436,51.319218,43.800354,53.750683,46.610260,44.340000,22.272633
2004-12-21,81.235352,20.281120,28.041306,14.319578,51.319218,43.933395,53.757259,46.631107,44.220001,22.526844
2004-12-22,81.431015,20.358780,28.083637,14.315997,51.429310,43.785568,53.757259,46.681110,44.020000,22.694805
2004-12-23,81.491768,20.383829,28.267971,14.413396,51.454296,43.642750,53.744083,46.764473,44.270000,22.522846
2004-12-27,81.323074,20.187075,28.490118,14.402517,51.259155,43.302788,53.711117,46.514408,44.480000,22.354887
2004-12-28,81.768364,20.512270,28.680000,14.477216,51.234131,43.268349,53.730888,46.564419,44.369999,22.438866
2004-12-29,81.889862,20.490932,28.542059,14.556999,51.224121,43.223984,53.724339,46.493568,43.660000,22.566830
2004-12-30,81.734650,20.457031,28.545645,14.520013,51.329197,43.514645,53.744083,46.660271,43.830002,22.674814
2004-12-31,81.559227,20.429409,28.706869,14.639682,51.396488,43.789085,53.766514,46.665318,43.799999,22.614815
2005-01-03,81.174606,20.090397,28.500856,14.487372,51.396488,43.883049,53.773167,46.966576,43.020000,22.350887
2005-01-04,80.182678,19.713728,27.954483,14.041328,51.346256,43.423130,53.654289,46.702953,42.740002,22.014954
2005-01-05,79.629402,19.398582,27.936567,13.869439,51.326206,43.655563,53.667522,46.740616,42.669998,21.283131
2005-01-06,80.034256,19.471405,27.936567,13.860009,51.361347,43.685249,53.693901,46.774063,42.150002,21.447086
2005-01-07,79.919540,19.268002,27.811186,13.886842,51.346256,43.784149,53.700500,46.753159,41.840000,21.399101
2005-01-10,80.297424,19.487726,27.936567,13.904250,51.321194,43.853378,53.667522,46.673668,41.950001,21.331121
2005-01-11,79.744087,19.323244,27.882822,13.878144,51.391415,44.110516,53.680695,46.782406,42.209999,21.115175
2005-01-12,80.007271,19.416157,28.106749,14.048577,51.466763,44.169861,53.687275,46.828445,42.599998,21.015190
2005-01-13,79.366211,19.339573,27.864916,13.990568,51.592224,44.595131,53.753326,46.954021,42.599998,21.015190
2005-01-14,79.784576,19.549255,27.999271,14.240785,51.406517,44.590248,53.726913,47.008366,42.320000,21.275131
2005-01-18,80.614578,19.819197,28.020769,14.215394,51.542007,44.738583,53.707123,47.033504,42.320000,21.483086
2005-01-19,79.771080,19.565582,27.730560,14.019571,51.617313,44.867142,53.713696,47.104622,42.259998,21.503080
2005-01-20,79.285286,19.471405,27.546057,13.845510,51.687618,44.956131,53.759872,47.020969,42.250000,21.435087
2005-01-21,78.799423,19.423695,27.655331,14.034074,51.712658,45.005596,53.812729,47.125565,42.740002,21.455088
2005-01-24,78.644211,19.299397,27.703695,14.012320,51.722698,45.198425,53.779694,47.209213,42.770000,21.283131
2005-01-25,78.866875,19.373472,27.712645,14.139237,51.632339,44.773140,53.759872,47.050232,42.240002,20.883213
2005-01-26,79.103073,19.672293,28.047642,14.345944,51.607265,44.857235,53.740120,47.066994,42.689999,20.819241
2005-01-27,79.238022,19.731321,28.088837,14.359729,51.536983,44.773140,53.726913,46.966576,42.619999,20.671268
2005-01-28,79.238022,19.650944,28.026144,14.372785,51.712658,45.223202,53.753326,47.238537,42.689999,20.703260
2005-01-31,79.730591,19.971127,28.160492,14.562072,51.647423,45.351742,53.746803,47.238537,42.220001,20.679256
2005-02-01,80.236656,20.138109,28.336052,14.686827,51.702290,45.279747,53.760548,47.228851,42.099998,20.831232
2005-02-02,80.479614,20.301340,28.375454,14.733242,51.742577,45.384022,53.740734,47.186825,42.160000,21.063181
2005-02-03,80.270401,20.239807,28.221401,14.718008,51.677151,45.359184,53.707729,47.245663,41.680000,21.127157
2005-02-04,81.127388,20.513538,28.366503,14.947927,51.893581,45.989594,53.760548,47.396820,41.470001,21.415094
2005-02-07,81.019386,20.524830,28.187370,14.995061,51.903683,46.332108,53.747398,47.413654,41.270000,21.343117
2005-02-08,81.113876,20.577562,28.187370,15.024080,51.933857,46.595196,53.727543,47.585869,41.259998,21.395096
2005-02-09,80.506584,20.165741,28.115707,14.975487,52.074829,46.719330,53.826790,47.753857,41.310001,21.531069
2005-02-10,80.796715,20.257389,28.407701,15.048016,51.808041,46.088863,53.787083,47.585869,41.750000,21.695036
2005-02-11,81.491768,20.478380,28.604746,15.194515,51.878510,46.059082,53.760548,47.447250,42.080002,21.759016
2005-02-14,81.431015,20.474609,28.826889,15.303311,51.888557,46.203053,53.734138,47.527050,42.549999,21.763016
2005-02-15,81.734650,20.473352,29.020359,15.339576,51.787849,45.969742,53.740734,47.455616,42.580002,21.858994
2005-02-16,81.788658,20.585087,28.764194,15.292426,51.727509,45.796028,53.714321,47.228851,42.520000,21.986959
2005-02-17,81.127388,20.399277,28.823299,15.267045,51.702290,45.508102,53.740734,47.123837,42.730000,21.970972
2005-02-18,81.235352,20.390484,28.966614,15.454892,51.717388,45.101082,53.667976,47.044067,42.750000,21.779024
2005-02-22,80.027473,20.005024,28.898544,15.398322,51.571426,44.902500,53.687847,47.002060,43.570000,21.155151
2005-02-23,80.601036,20.097935,28.912882,15.469393,51.596542,45.051403,53.681236,47.069294,43.419998,21.075172
2005-02-24,81.134117,20.321428,28.957659,15.709462,51.546211,44.952145,53.667976,46.976841,43.330002,21.091173
2005-02-25,81.937073,20.659170,29.294434,15.998845,51.591568,45.170578,53.641548,47.060871,43.500000,21.395096
2005-02-28,81.397247,20.528597,29.226364,15.972015,51.455650,44.684128,53.608402,46.796238,43.529999,21.335121
2005-03-01,81.802155,20.693075,29.387583,16.016983,51.418762,44.670204,53.597157,46.787403,43.220001,21.559063
2005-03-02,81.761627,20.698103,29.167255,15.752978,51.353134,44.610435,53.630299,46.804279,43.250000,21.415094
2005-03-03,81.795387,20.698103,29.181574,15.796500,51.393555,44.585506,53.650158,46.800072,42.970001,21.531069
2005-03-04,82.814301,20.975569,29.692114,15.985072,51.539951,45.068531,53.650158,46.951862,43.380001,21.934978
2005-03-07,82.854774,20.976835,29.566730,16.090233,51.555084,45.247757,53.630299,47.086720,43.470001,22.038960
2005-03-08,82.544380,20.777201,29.647343,15.967657,51.443989,44.819588,53.630299,46.875908,44.029999,21.914982
2005-03-09,81.626678,20.529848,29.512991,15.876276,51.130989,44.087570,53.610405,46.429035,44.020000,21.295124
2005-03-10,81.808884,20.370390,29.609728,15.723966,51.070446,44.356472,53.570644,46.492256,44.200001,21.439087
2005-03-11,81.235352,20.421875,29.602552,15.635483,51.110828,44.032848,53.557404,46.412159,44.430000,21.199144
2005-03-14,81.741409,20.522324,29.507616,15.515816,51.090569,44.296719,53.537487,46.407955,44.029999,21.495073
2005-03-15,81.066628,20.379179,29.324894,15.129247,51.100708,44.017883,53.517605,46.218204,44.060001,21.467087
2005-03-16,80.378372,20.325190,29.358936,15.000865,51.136051,44.286755,53.583897,46.378418,44.310001,21.211145
2005-03-17,80.540314,20.303862,29.324894,15.274296,51.125954,44.431156,53.603775,46.273037,43.820000,21.435087
2005-03-18,80.301163,20.247345,29.265776,15.205399,51.090569,44.152332,53.577271,46.133896,43.889999,21.359112
2005-03-21,80.003120,20.252371,29.066933,14.985637,51.090569,44.027802,53.610405,46.079086,43.090000,21.215143
2005-03-22,79.190216,20.165741,28.733734,14.708574,50.812943,43.654385,53.517605,45.682751,42.650002,20.835230
2005-03-23,79.257957,19.935968,28.542059,14.522184,50.878586,43.863522,53.510963,45.817703,42.419998,20.799242
2005-03-24,79.352814,20.032656,28.536690,14.506236,50.908878,43.953117,53.524235,45.914646,42.389999,20.841324
2005-03-28,79.467972,20.054312,28.536690,14.606318,50.807926,43.684265,53.497723,45.847191,42.540001,20.736097
2005-03-29,78.939606,19.743217,28.241102,14.228450,50.777603,43.943207,53.537487,45.927326,42.560001,20.744200
2005-03-30,80.057320,20.031635,28.472198,14.552646,50.929070,44.162270,53.544140,46.045364,42.610001,21.019381
2005-03-31,79.908272,20.006443,28.459652,14.708574,50.954308,44.480938,53.617081,46.205555,42.820000,20.970833
2005-04-01,79.549255,19.913246,28.393368,14.795619,51.254677,44.630905,53.650280,46.247929,42.619999,20.982958
2005-04-04,79.684753,20.035416,28.402332,14.828250,51.193932,44.620899,53.650280,45.964260,42.400002,20.889887
2005-04-05,80.064110,20.082020,28.554590,14.824623,51.092628,44.505939,53.663563,46.103977,42.450001,20.841324
2005-04-06,80.341805,20.085794,28.635214,15.027703,51.224319,44.660870,53.703430,46.078533,42.630001,20.950596
2005-04-07,80.775383,20.178995,28.751650,15.179289,51.163532,44.301033,53.683529,45.845745,42.570000,21.140797
2005-04-08,79.935356,19.881760,28.751650,15.107481,51.163532,44.455978,53.676842,45.993870,42.689999,21.043667
2005-04-11,79.996338,19.833908,28.859131,14.962429,51.259762,44.695850,53.676842,46.120892,42.779999,21.063894
2005-04-12,80.409569,19.972452,28.930780,15.151005,51.401585,45.110645,53.710083,46.307137,42.840000,21.347185
2005-04-13,79.461205,19.660097,28.626249,14.849290,51.472553,45.000721,53.789833,46.417175,42.900002,21.371460
2005-04-14,78.424736,19.282259,28.250061,14.469247,51.518120,44.930756,53.836399,46.247929,42.310001,21.169115
2005-04-15,77.327332,18.954800,27.904331,14.164628,51.700439,45.525505,53.922768,46.459553,42.400002,21.326942
2005-04-18,77.564423,19.066898,27.802216,14.332160,51.639679,45.490536,53.896152,46.467999,42.689999,21.294567
2005-04-19,78.180878,19.396872,28.171238,14.572233,51.705547,45.930389,53.962601,46.662781,43.279999,21.399790
2005-04-20,77.090233,19.124832,27.811186,14.228450,51.741016,45.815395,53.942738,46.688156,43.400002,21.347185
2005-04-21,78.587341,19.510229,28.314560,14.638230,51.614338,45.335571,53.849663,46.442627,43.189999,21.343138
2005-04-22,78.289215,19.254549,28.214245,14.476498,51.720722,45.715427,53.862885,46.662781,43.389999,21.509052
2005-04-25,78.804108,19.464882,28.362919,14.750656,51.700439,45.850399,53.876270,46.777035,43.439999,21.743773
2005-04-26,78.038589,19.162609,28.008223,14.599793,51.573814,45.780415,53.862885,46.700855,43.639999,21.772106
2005-04-27,78.343437,19.167646,27.932987,14.467791,51.786587,45.940308,53.902832,46.929436,43.200001,21.942066
2005-04-28,77.361214,18.740705,27.556787,14.237149,51.918278,46.280186,53.949326,47.124172,43.000000,21.889467
2005-04-29,78.411194,18.893097,27.999271,14.525089,51.832169,46.200203,53.896152,46.954842,43.349998,22.180838
2005-05-02,78.851509,19.127346,27.990314,14.621553,51.834267,46.190186,53.902798,46.970985,42.880001,22.164650
2005-05-03,78.987000,19.143728,28.051210,14.607772,51.798687,46.315586,53.936161,46.996456,42.759998,22.197023
2005-05-04,79.596672,19.371683,28.384418,15.005950,51.854568,45.909302,53.956100,46.890221,42.900002,22.217258
2005-05-05,79.569611,19.417030,28.425623,15.085002,51.890141,46.014668,54.009392,46.958256,42.910000,22.500542
2005-05-06,79.318954,19.467392,28.302021,15.125619,51.696964,45.673569,53.889477,46.703255,42.520000,22.217258
2005-05-09,79.813461,19.639948,28.366503,15.139399,51.656338,45.718678,53.862854,46.541805,42.549999,22.601713
2005-05-10,78.987000,19.398138,27.972393,14.799241,51.712269,46.044735,53.902798,46.533306,42.639999,22.601713
2005-05-11,79.420540,19.447256,28.097797,14.868149,51.798687,46.185177,53.936161,46.575752,42.689999,22.613852
2005-05-12,78.546654,19.155060,27.748474,14.614298,51.920586,46.365768,53.962818,46.427044,42.160000,22.387220
2005-05-13,78.390862,19.063114,27.587248,14.464166,51.971447,46.546310,54.022720,46.686256,41.950001,22.379120
2005-05-16,79.122475,19.352800,27.698317,14.636056,51.895226,46.491123,54.009392,46.614021,41.880001,22.484352
2005-05-17,79.650902,19.481253,27.694740,14.639682,51.956154,46.621563,54.009392,46.639538,41.860001,22.682640
2005-05-18,80.470566,19.876730,28.008223,14.931242,52.093430,46.932514,54.062695,46.805252,42.049999,22.905222
2005-05-19,80.809242,19.949772,28.027927,14.985637,51.966366,46.812126,53.982769,46.737251,41.980000,23.208738
2005-05-20,80.694084,19.899393,27.909706,14.947927,51.905354,46.867325,53.982769,46.724525,41.650002,23.257301
2005-05-23,81.141197,20.073200,28.140787,14.997235,52.078186,47.233467,54.016045,46.919994,41.619999,23.309906
2005-05-24,80.951515,20.014004,28.067345,14.953726,52.169674,47.363876,54.049385,47.021999,41.730000,22.986168
2005-05-25,80.890541,19.817528,27.990314,14.846382,52.159477,47.032841,54.069405,47.017746,41.869999,22.702873
2005-05-26,81.324097,20.075720,28.008223,15.013195,52.154419,47.017761,54.049385,47.047493,41.689999,22.605766
2005-05-27,81.459564,20.202919,28.124668,15.114734,52.118851,47.067970,54.069405,47.043259,41.880001,22.723122
2005-05-31,80.937958,20.114767,27.757441,14.984186,52.261139,47.649742,54.109322,47.247219,41.650002,22.961882
2005-06-01,81.628906,20.377993,27.925821,15.161153,52.647686,48.233242,54.216152,47.571850,41.529999,23.224922
2005-06-02,81.805077,20.452295,28.164076,15.276474,52.611992,48.349030,54.196163,47.755302,42.099998,23.143999
2005-06-03,81.391876,20.287302,27.900742,15.197418,52.479393,47.951351,54.129391,47.503613,42.169998,23.148043
2005-06-06,81.317329,20.390591,28.085258,15.350452,52.489578,48.202999,54.156086,47.635872,42.480000,23.322056
2005-06-07,81.378296,20.453558,28.228567,15.274296,52.627281,48.585648,54.169403,47.734001,42.380001,23.520338
2005-06-08,81.229271,20.306198,28.124668,15.216275,52.530415,48.354076,54.156086,47.635872,42.340000,23.617470
2005-06-09,81.615395,20.493858,28.235731,15.296061,52.525291,48.313812,54.122639,47.546253,42.270000,23.641752
2005-06-10,81.425697,20.516525,28.128246,15.339576,52.321365,47.770103,54.075939,47.332958,42.619999,23.593189
2005-06-13,81.683105,20.535419,28.031519,15.400496,52.275414,47.483162,54.075939,47.222054,42.779999,23.702465
2005-06-14,81.872787,20.769674,27.999271,15.463591,52.209103,47.170990,54.089317,47.170849,42.599998,23.896708
2005-06-15,82.028618,20.833912,28.165867,15.578909,52.178539,47.256603,54.075939,47.081253,42.740002,23.949310
2005-06-16,82.238586,20.981272,28.257225,15.718165,52.336613,47.493233,54.122639,47.128185,43.459999,23.973595
2005-06-17,82.543327,20.913252,28.681789,15.907462,52.336613,47.488159,54.115955,47.119675,43.630001,24.244738
2005-06-20,82.570511,20.958601,28.413082,15.763860,52.219326,47.407623,54.102646,47.064201,43.660000,24.224493
2005-06-21,82.618134,20.952919,28.628038,15.687704,52.433491,47.754971,54.109337,47.222054,43.810001,24.018114
2005-06-22,82.686142,20.960495,28.542059,15.835661,52.657902,48.333927,54.229496,47.559078,43.720001,23.981689
2005-06-23,81.523102,20.687929,28.219610,15.557153,52.606853,48.283596,54.209515,47.588940,44.020000,23.896708
2005-06-24,80.924568,20.328306,28.214245,15.502757,52.688442,48.525249,54.236187,47.708416,43.900002,23.848139
2005-06-27,81.040199,20.441874,28.149748,15.600670,52.729275,48.656116,54.256199,47.776630,43.910000,23.817049
2005-06-28,81.720352,20.782564,28.310976,15.718165,52.576256,48.323875,54.196163,47.627308,43.450001,23.935705
2005-06-29,81.502686,20.865862,28.192734,15.626777,52.550804,48.248348,54.209515,47.652943,43.630001,24.013433
2005-06-30,81.060577,20.827991,28.155121,15.578909,52.719093,48.681282,54.242882,47.823555,43.439999,24.017536
2005-07-01,81.298630,21.005926,28.117500,15.635483,52.531300,48.091270,54.092937,47.603889,42.700001,24.222118
2005-07-05,81.951576,21.248194,28.149748,15.705105,52.336899,47.636627,54.106361,47.449696,42.279999,24.528978
2005-07-06,81.264633,21.119488,28.074505,15.628957,52.418770,47.899326,54.139763,47.552513,42.250000,24.467611
2005-07-07,81.584297,21.180050,27.918663,15.674645,52.485268,48.000298,54.186665,47.676720,42.360001,24.492153
2005-07-08,82.516113,21.535892,28.294846,15.837833,52.398277,47.803337,54.126442,47.582458,42.259998,24.909492
2005-07-11,82.937836,21.793310,28.499054,16.079350,52.403419,47.803337,54.086258,47.321251,42.540001,25.212276
2005-07-12,83.155449,21.744091,28.794640,16.270828,52.377827,47.535606,54.086258,47.214207,42.639999,25.208181
2005-07-13,83.271049,21.687309,28.563547,16.259949,52.306271,47.464878,54.092937,47.321251,42.349998,25.060877
2005-07-14,83.597549,21.501825,28.644169,16.353508,52.306271,47.343609,54.092937,47.364063,41.900002,24.643547
2005-07-15,83.549911,21.554813,28.568932,16.264301,52.331810,47.469959,54.099640,47.385498,42.049999,24.745832
2005-07-18,83.216667,21.414755,28.488319,16.214254,52.239689,47.116287,54.086258,47.346943,42.009998,24.811302
2005-07-19,83.672356,21.706244,28.552811,16.399200,52.265293,47.283047,54.106361,47.385498,41.889999,24.999504
2005-07-20,83.958031,22.001507,28.746273,16.401379,52.352245,47.540672,54.099640,47.436863,42.200001,25.220459
2005-07-21,83.468323,21.653240,28.805391,16.579798,52.081142,46.893990,54.046154,47.192760,42.459999,24.864487
2005-07-22,84.026070,21.929586,28.778521,16.540627,52.157864,47.257736,54.099640,47.411179,42.450001,25.060877
2005-07-25,83.787994,21.819805,28.697906,16.397022,52.157864,47.086002,54.079552,47.406898,42.509998,25.060877
2005-07-26,83.890015,21.804657,28.611921,16.490582,52.214108,47.161758,54.066204,47.415474,42.250000,25.339115
2005-07-27,84.196075,21.922016,28.939745,16.579798,52.183445,47.086002,54.066204,47.355534,42.439999,25.408669
2005-07-28,84.726616,22.175648,29.138580,16.786501,52.336899,47.505310,54.072887,47.535362,42.750000,25.764637
2005-07-29,84.162079,22.107508,28.998871,16.775616,52.173206,47.035458,54.039444,47.428307,42.820000,25.731892
2005-08-01,84.100891,22.171862,29.283689,17.049774,52.142876,46.860565,54.006592,47.315666,43.130001,25.715544
2005-08-02,84.604172,22.353579,29.493282,17.352205,52.029980,46.708435,54.013279,47.229630,43.139999,25.899654
2005-08-03,84.828613,22.262709,29.713625,17.308697,52.199352,46.936611,54.033417,47.341446,43.529999,25.838285
2005-08-04,84.148476,21.952295,29.471788,17.156387,52.148052,46.840302,54.033417,47.341446,43.680000,25.400484
2005-08-05,83.577156,21.691095,29.364302,16.840893,51.891441,46.475246,53.986416,47.259735,43.599998,24.520800
2005-08-08,83.420700,21.547235,29.434158,16.956213,51.881157,46.389030,53.932770,47.044754,43.349998,23.637009
2005-08-09,83.924026,21.600243,29.810354,17.297819,51.973492,46.561394,53.993153,47.122173,43.340000,23.747484
2005-08-10,83.883217,21.653240,30.014584,17.482763,51.978668,46.510696,53.993153,47.160847,43.650002,23.976614
2005-08-11,84.216499,21.842518,30.498249,17.384846,52.117252,46.835205,54.033417,47.307053,44.450001,24.295759
2005-08-12,83.699547,21.554813,30.310150,17.199903,52.266087,47.311840,54.100479,47.534920,44.490002,24.275297
2005-08-15,84.216499,21.732740,30.363882,17.319572,52.219917,47.190090,54.073624,47.466125,44.130001,24.504433
2005-08-16,83.121452,21.433683,30.036070,17.019310,52.343086,47.519699,54.100479,47.590843,44.549999,24.647631
2005-08-17,83.114632,21.316334,29.960823,17.030186,52.235271,47.205364,54.113831,47.466125,43.910000,24.451237
2005-08-18,83.107849,21.312548,29.638386,16.716871,52.379032,47.555191,54.160831,47.599461,43.830002,24.287579
2005-08-19,83.298294,21.403400,29.783476,16.651590,52.327698,47.550156,54.140690,47.556435,43.599998,24.201654
2005-08-22,83.298294,21.467754,30.111305,16.858295,52.373894,47.499447,54.147446,47.534920,43.700001,24.275297
2005-08-23,83.141846,21.448820,29.982330,16.699463,52.409786,47.717472,54.201031,47.573662,43.759998,24.377594
2005-08-24,82.400490,21.342833,29.665253,16.481880,52.476601,47.763092,54.207764,47.556435,43.590000,24.463511
2005-08-25,82.699776,21.456392,29.778111,16.666824,52.476601,47.915199,54.201031,47.646774,43.730000,24.492153
2005-08-26,82.135223,21.100557,29.681381,16.645069,52.435490,47.899998,54.160831,47.724110,43.610001,24.189369
2005-08-29,82.767776,21.308764,29.665253,16.827841,52.455997,47.960838,54.174236,47.728458,43.570000,24.193478
2005-08-30,82.332489,21.308764,29.579273,16.651590,52.584332,48.265045,54.254715,47.805820,43.009998,24.267130
2005-08-31,83.373108,21.747877,30.111305,16.997551,52.789661,48.670681,54.395596,48.141243,43.400002,24.688549
2005-09-01,83.311890,21.819805,30.471376,17.232536,52.861759,48.377583,54.461540,48.005180,44.220001,24.909492
2005-09-02,83.162239,21.645664,30.578859,17.384846,52.835991,48.418297,54.528797,48.018181,44.250000,24.844030
2005-09-06,84.134857,21.914448,30.955048,17.602432,52.732967,48.077427,54.441322,47.918858,44.270000,25.375927
2005-09-07,84.277718,21.993948,30.869064,17.624191,52.645428,47.624599,54.400982,47.746162,44.330002,25.322741
2005-09-08,83.998856,21.906870,30.632589,17.595903,52.640293,47.675411,54.374043,47.759140,44.599998,25.159081
2005-09-09,84.746994,22.050728,31.035664,17.854826,52.624825,47.828133,54.387524,47.780708,44.840000,25.285923
2005-09-12,84.576988,22.141573,30.793816,17.828720,52.552761,47.497372,54.367279,47.659855,44.889999,25.208181
2005-09-13,84.107651,21.990152,30.584232,17.628542,52.681477,47.746655,54.400982,47.741844,44.560001,25.015871
2005-09-14,83.801628,21.785738,30.605724,17.565445,52.624825,47.563545,54.394260,47.625275,44.959999,24.995415
2005-09-15,83.760826,21.770590,30.627226,17.667706,52.496109,47.171730,54.380783,47.456902,45.419998,25.007690
2005-09-16,84.356422,21.914448,30.971172,17.939684,52.377659,46.861343,54.340424,47.327366,45.820000,25.060877
2005-09-19,84.076355,21.872808,30.766951,17.913576,52.424011,46.963142,54.353840,47.456902,46.250000,24.864487
2005-09-20,83.365974,21.615383,30.654097,17.961445,52.387993,47.085255,54.313534,47.383507,46.230000,24.672180
2005-09-21,82.587311,21.308764,30.686331,18.131163,52.506397,47.522804,54.367279,47.595051,47.060001,24.128010
2005-09-22,82.880981,21.339048,30.654097,17.950562,52.552761,47.477036,54.387524,47.569153,46.360001,24.258934
2005-09-23,82.949333,21.479109,30.525120,17.935335,52.460064,47.120827,54.340424,47.431023,46.279999,24.279392
2005-09-26,83.044952,21.620564,30.858320,18.094170,52.331318,46.907188,54.300091,47.279884,46.570000,24.472260
2005-09-27,83.024498,21.639530,30.740078,17.974497,52.295242,46.973320,54.279869,47.323044,46.250000,24.410181
2005-09-28,83.106430,21.609190,31.057167,18.179028,52.439445,47.288757,54.300091,47.422375,46.799999,24.174271
2005-09-29,83.782684,21.867077,31.427973,18.498873,52.321007,47.075062,54.279869,47.405079,47.099998,24.625399
2005-09-30,84.042206,21.904995,31.223755,18.468416,52.295242,46.912197,54.232796,47.245342,46.700001,25.018570
2005-10-03,83.741653,22.045321,31.116276,18.585909,52.118084,46.545441,54.208530,47.100601,46.419998,24.944080
2005-10-04,82.799072,21.738127,30.912048,18.411840,52.190365,46.698753,54.201767,47.161308,46.450001,24.521915
2005-10-05,81.713028,21.199608,30.643347,17.852650,52.273041,46.903053,54.228752,47.226280,46.360001,24.141167
2005-10-06,81.419289,20.991026,30.498249,17.228186,52.236881,46.724319,54.228752,47.122253,47.209999,24.108051
2005-10-07,81.699318,21.267872,30.605724,17.654655,52.185188,46.913280,54.269226,47.200264,47.360001,23.859722
2005-10-10,81.009445,20.953104,30.455252,17.595903,52.252338,46.882599,54.262482,47.169933,47.369999,23.553465
2005-10-11,80.893356,20.748314,30.492872,17.672060,52.097359,46.785534,54.248966,47.091904,47.389999,23.449995
2005-10-12,80.258133,20.395620,30.288658,17.130278,52.076679,46.330921,54.208530,46.892509,46.849998,23.027851
2005-10-13,80.210312,20.463877,30.224154,17.023657,51.942364,46.162384,54.208530,46.814503,47.020000,23.031988
2005-10-14,81.057274,20.805201,30.508993,16.958387,51.926838,46.090885,54.222015,46.719112,46.799999,23.565882
2005-10-17,81.357834,20.831739,30.202671,17.145510,52.009548,46.080605,54.195030,46.784142,47.259998,23.702459
2005-10-18,80.476692,20.626951,29.853344,16.710342,51.988838,46.131695,54.242271,46.844837,47.000000,23.474817
2005-10-19,81.815475,21.017576,30.095190,17.036718,52.081890,46.152168,54.269226,46.892509,46.340000,23.739704
2005-10-20,80.374222,20.623152,29.407293,16.351334,52.092167,46.274738,54.269226,46.775482,45.980000,23.363098
2005-10-21,80.688446,20.816570,29.536263,16.786501,52.216183,46.703827,54.302883,47.022530,46.520000,23.586578
2005-10-24,81.938423,21.245115,29.998449,17.239061,52.107697,46.341175,54.282742,46.844837,46.389999,24.066662
2005-10-25,81.774460,21.154100,30.030695,16.899641,51.952728,45.942703,54.188267,46.615059,47.060001,23.967340
2005-10-26,81.535431,20.918970,29.976948,16.960564,51.746040,45.605583,54.168053,46.476398,46.930000,23.723148
2005-10-27,80.667953,20.554895,29.917843,16.558031,51.864853,45.769005,54.208530,46.511086,47.180000,23.466543
2005-10-28,81.829132,20.930347,30.175798,16.993196,51.782188,45.774132,54.208530,46.511086,47.220001,24.174271
2005-10-31,82.054535,21.123758,30.229540,17.297819,51.777069,45.860958,54.188267,46.498058,46.400002,24.298433
2005-11-01,82.300415,21.233740,30.487497,17.602432,51.794666,45.808151,54.203148,46.481503,45.730000,23.760410
2005-11-02,83.161110,21.654696,30.906691,17.874407,51.747978,45.592648,54.196445,46.390144,46.130001,23.979752
2005-11-03,83.516243,21.692619,30.890558,17.893993,51.571682,45.284801,54.169353,46.229160,45.959999,23.909382
2005-11-04,83.406982,21.624350,30.605724,17.857002,51.623539,45.212929,54.169353,46.263958,45.509998,23.772816
2005-11-07,83.488945,21.692619,30.783068,17.870058,51.628712,45.366920,54.162594,46.311825,45.770000,23.884556
2005-11-08,83.488945,21.658487,30.707838,17.702522,51.805019,45.808151,54.230228,46.590317,45.910000,23.818335
2005-11-09,83.598244,21.624350,30.686331,17.967974,51.670200,45.336121,54.162594,46.342300,46.560001,24.087357
2005-11-10,84.247116,21.715376,30.648714,17.996254,51.851681,45.890202,54.236996,46.585960,46.480000,24.658506
2005-11-11,84.534012,21.829151,30.809938,18.035419,51.903553,45.915905,54.257286,46.625114,46.799999,24.757822
2005-11-14,84.486168,21.798803,30.627226,17.987555,51.727230,45.572117,54.176105,46.390144,46.619999,24.737141
2005-11-15,84.178810,21.525763,30.460632,17.885286,51.799850,45.869720,54.216732,46.512009,46.660000,24.724718
2005-11-16,84.349564,21.567471,30.406879,18.037600,51.919106,46.351994,54.284363,46.707794,47.779999,24.584003
2005-11-17,85.135078,21.897417,30.928175,18.303047,51.934689,46.464924,54.331718,46.786110,48.480000,24.989599
2005-11-18,85.469803,22.007391,31.143141,18.353088,51.913933,46.249393,54.331718,46.694695,48.459999,25.080662
2005-11-21,85.900101,22.253902,31.186136,18.363970,52.079838,46.387909,54.365540,46.847061,48.990002,25.204821
2005-11-22,86.268959,22.367678,31.288240,18.355265,52.214718,46.449490,54.439983,46.934093,49.320000,25.527632
2005-11-23,86.767563,22.409393,31.438717,18.548918,52.178368,46.269901,54.372307,46.890575,49.150002,25.639378
2005-11-25,86.835861,22.424562,31.137775,18.535862,52.225063,46.439266,54.419643,46.951443,49.419998,25.726294
2005-11-28,86.221146,22.071861,31.218382,18.418364,52.152447,46.670116,54.433163,47.108101,49.740002,25.444860
2005-11-29,86.125504,22.155293,31.170002,18.255178,52.079838,46.228901,54.392612,46.890575,49.799999,25.461412
2005-11-30,85.661057,22.212185,30.928175,18.298691,51.970974,46.177570,54.399384,46.803513,49.099998,25.308285
2005-12-01,86.535278,22.599018,31.508591,18.777378,51.897606,46.105412,54.345779,46.708778,50.169998,25.676626
2005-12-02,86.644623,22.636942,31.626818,18.755613,51.897606,46.120895,54.393257,46.721859,50.320000,25.548328
2005-12-05,86.460220,22.523163,31.766544,18.907927,51.923607,45.914753,54.332188,46.599571,50.779999,25.453142
2005-12-06,86.624130,22.576254,31.863274,19.081991,52.012054,46.383675,54.406815,46.695671,50.889999,25.370358
2005-12-07,86.118652,22.432154,31.653685,18.901402,51.944408,46.208462,54.413601,46.638901,51.320000,25.237934
2005-12-08,86.064018,22.466276,31.648312,18.759974,52.209904,46.507332,54.481457,46.734970,51.900002,25.428299
2005-12-09,86.289429,22.530746,31.965387,18.951441,52.032986,46.141491,54.427181,46.651966,52.400002,25.494526
2005-12-12,86.371353,22.580044,32.368443,19.060238,51.923607,46.053886,54.420372,46.551525,52.560001,25.511076
2005-12-13,86.958794,22.625557,32.524300,19.310453,52.121410,46.223923,54.447529,46.590847,51.650002,25.635229
2005-12-14,87.300362,22.667269,32.508175,19.182081,52.261925,46.698025,54.508617,46.831028,50.349998,25.684896
2005-12-15,87.047615,22.424562,32.207218,19.103758,52.209904,46.584667,54.508617,46.791752,50.240002,25.490379
2005-12-16,86.767441,22.303204,32.459805,19.038479,52.204678,46.739262,54.542500,46.988274,50.090000,25.581438
2005-12-19,86.321129,22.014982,32.400692,18.994957,52.246353,46.785637,54.508617,46.909660,50.220001,25.246197
2005-12-20,86.403534,22.033945,32.406075,19.158148,52.261925,46.728935,54.501789,46.948982,49.040001,25.279306
2005-12-21,86.540848,22.261488,32.561924,19.469294,52.261925,46.646481,54.501789,46.966446,49.369999,25.432447
2005-12-22,86.994041,22.329742,32.750008,19.473639,52.376431,47.017536,54.549335,46.970783,50.139999,25.577314
2005-12-23,87.042107,22.458591,32.733597,19.589808,52.511848,47.306061,54.576427,47.154221,50.119999,25.664213
2005-12-27,86.156326,22.070915,32.432529,19.371992,52.647144,47.692589,54.583206,47.368225,50.639999,25.548187
2005-12-28,86.348572,22.215345,32.667892,19.424801,52.461136,47.559578,54.650608,47.390610,51.470001,25.518427
2005-12-29,85.964066,22.154537,32.678848,19.427000,52.497684,47.663078,54.609798,47.263447,51.470001,25.386669
2005-12-30,85.497108,21.968294,32.531063,19.415998,52.560387,47.554459,54.589336,47.206455,51.580002,25.314417
2006-01-03,87.000931,22.355970,33.620358,20.142036,52.586586,47.492367,54.664215,47.465141,53.119999,25.824440
2006-01-04,87.412941,22.481407,33.899517,20.324642,52.711971,47.606152,54.718697,47.465141,53.299999,26.015697
2006-01-05,87.467896,22.549816,33.729824,20.428051,52.711971,47.549290,54.670998,47.504559,52.340000,26.215475
2006-01-06,88.195732,22.747444,34.184166,20.854876,52.591732,47.461262,54.684620,47.430023,53.720001,26.461983
2006-01-09,88.422318,22.971697,34.200584,21.059483,52.649254,47.492367,54.691437,47.438824,54.599998,26.687243
2006-01-10,88.511604,23.176939,33.894051,20.806471,52.544754,47.109406,54.637012,47.311646,54.060001,26.848747
2006-01-11,88.793114,23.135128,34.184166,21.050682,52.508175,47.031799,54.637012,47.232727,54.529999,26.891256
2006-01-12,88.442917,23.040104,33.904991,20.758072,52.643993,47.347454,54.664215,47.381813,54.430000,26.814758
2006-01-13,88.360497,22.998289,34.036366,20.780067,52.790314,47.621689,54.773098,47.522102,55.439999,26.483232
2006-01-17,88.120216,22.918486,33.609402,20.417051,52.816425,47.833878,54.752674,47.522102,55.259998,26.376980
2006-01-18,87.769974,22.899485,33.155075,20.406050,52.879112,47.818325,54.745869,47.508945,54.070000,26.372721
2006-01-19,88.106453,23.199734,33.532776,21.066080,52.800812,47.678650,54.752674,47.500179,55.590000,26.704245
2006-01-20,86.499626,22.964092,33.023701,20.439047,52.826874,47.802784,54.773098,47.539623,55.200001,26.444981
2006-01-23,86.808640,22.929886,33.483505,21.033081,52.826874,47.787304,54.779892,47.649178,55.770000,26.563990
2006-01-24,86.897926,23.233946,33.653198,21.363104,52.738106,47.554459,54.766335,47.543991,55.730000,26.763750
2006-01-25,86.973473,23.264345,33.768139,21.374088,52.607460,47.036949,54.691437,47.280994,56.139999,26.780748
2006-01-26,87.454140,23.553211,34.167736,21.880131,52.445431,46.835205,54.698265,47.210857,55.880001,26.869999
2006-01-27,88.264381,23.731834,34.348370,22.130936,52.513386,46.835205,54.657429,47.280994,55.630001,27.171770
2006-01-30,88.195732,23.720444,34.375744,22.027529,52.518635,46.788548,54.684620,47.105640,56.680000,27.150513
2006-01-31,87.550240,23.769848,34.408585,22.172741,52.529057,46.917961,54.684620,47.000488,56.700001,27.222771
2006-02-01,88.161407,23.857267,34.512577,22.161743,52.382763,46.757500,54.634800,47.013203,56.700001,27.350277
2006-02-02,87.138268,23.625418,34.123943,21.591911,52.419437,46.845795,54.634800,46.973606,56.980000,27.159019
2006-02-03,86.705658,23.522802,34.036366,21.297098,52.566284,47.178104,54.662125,47.048424,56.500000,26.920998
2006-02-06,86.932243,23.644432,33.987103,21.803118,52.555813,47.271629,54.634800,47.127617,56.720001,27.023008
2006-02-07,86.163162,23.309961,33.735310,21.231089,52.519058,47.048344,54.641602,47.008820,54.599998,26.810503
2006-02-08,86.945992,23.420179,33.855728,21.297098,52.492893,46.939236,54.621140,47.008820,54.830002,26.691500
2006-02-09,86.801788,23.260548,33.921421,21.352097,52.524357,47.152157,54.607460,47.083595,56.180000,26.818998
2006-02-10,86.959732,23.222540,33.844784,21.319094,52.414188,46.892525,54.566555,46.995590,54.790001,26.844505
2006-02-13,86.801788,23.047701,33.609402,20.793264,52.450932,46.897732,54.607460,47.065983,53.720001,26.882753
2006-02-14,87.721924,23.309961,33.981625,21.319094,52.366985,46.731548,54.607460,47.017624,54.490002,27.031506
2006-02-15,88.030922,23.488598,33.675091,21.209084,52.424667,46.845795,54.600697,47.048424,53.759998,27.269527
2006-02-16,88.690117,23.716633,33.998043,21.759115,52.372257,46.856194,54.641602,47.114426,54.520000,27.452288
2006-02-17,88.449799,23.655825,33.899517,21.730513,52.587288,47.230049,54.682610,47.268414,54.959999,27.745554
2006-02-21,88.230057,23.636827,33.904991,21.539110,52.393227,47.152157,54.641602,47.246395,55.119999,27.711550
2006-02-22,88.765678,23.762245,34.162258,21.655712,52.603043,47.474136,54.682610,47.422436,55.340000,28.021824
2006-02-23,88.635208,23.743246,34.249840,21.649111,52.571548,47.354683,54.634800,47.316853,54.639999,27.975058
2006-02-24,88.861794,23.906673,34.364788,21.690918,52.613453,47.282005,54.655300,47.294804,55.639999,27.826311
2006-02-27,88.896149,23.933281,34.485222,21.888926,52.503376,47.204098,54.627983,47.272839,55.220001,27.830564
2006-02-28,88.051521,23.655825,34.167736,21.319094,52.613453,47.437756,54.703060,47.321217,56.070000,27.728546
2006-03-01,88.834343,24.028299,34.518055,21.908726,52.615070,47.151157,54.675034,47.138756,56.099998,27.890051
2006-03-02,88.827454,24.009295,34.452381,21.926325,52.483498,46.822857,54.695568,46.922268,56.740002,27.856062
2006-03-03,88.415474,23.857267,34.310055,21.561108,52.378166,46.551884,54.640701,46.833878,56.279999,27.703043
2006-03-06,88.010307,23.644432,34.178677,21.231089,52.088650,46.145336,54.661266,46.590916,55.230000,28.204578
2006-03-07,87.872993,23.328964,33.762676,20.483059,52.220219,46.176643,54.661266,46.568802,54.950001,27.864561
2006-03-08,88.058372,23.378372,33.877613,20.604063,52.246616,46.161041,54.695568,46.590916,53.970001,28.009071
2006-03-09,87.467896,23.214939,33.839302,20.395052,52.178188,46.176643,54.716080,46.582039,54.240002,28.238571
2006-03-10,88.298744,23.560806,34.353848,20.824062,52.199181,46.004688,54.661266,46.701355,53.830002,28.493586
2006-03-13,88.463478,23.625418,34.638489,20.802073,52.293961,45.968227,54.661266,46.639523,54.310001,28.306572
2006-03-14,89.390526,23.895273,35.005241,21.451107,52.467655,46.275642,54.770859,46.939953,54.869999,28.510597
2006-03-15,89.788795,24.092913,35.131130,21.699718,52.325573,46.025528,54.784603,46.869221,55.119999,29.050367
2006-03-16,89.974182,24.066307,35.246075,21.506107,52.546631,46.442429,54.880531,47.125500,55.340000,29.352139
2006-03-17,90.049347,24.165131,35.415775,21.657907,52.430836,46.301735,54.859924,47.081318,55.119999,29.615664
2006-03-20,89.904572,24.191734,35.486927,21.781122,52.409782,46.374660,54.887341,47.134327,55.169998,29.117195
2006-03-21,89.339264,24.020697,35.120186,21.341093,52.272877,46.134972,54.791454,46.957615,54.830002,28.779455
2006-03-22,89.883896,24.225939,35.448608,21.576509,52.367683,46.234009,54.805092,46.948788,54.750000,28.843588
2006-03-23,89.697739,24.396973,35.021656,21.376297,52.325573,46.088062,54.791454,46.922268,54.700001,28.920523
2006-03-24,89.766693,24.529995,35.300819,21.561108,52.415016,46.426788,54.866821,47.037132,55.709999,28.877798
2006-03-27,89.635704,24.528845,35.240608,21.693113,52.457199,46.254841,54.853115,47.037132,56.389999,28.544333
2006-03-28,89.084152,24.422235,34.901222,21.297098,52.325573,45.822304,54.805092,46.816219,56.060001,28.860682
2006-03-29,89.642601,24.772543,35.361042,21.704111,52.220219,45.603409,54.805092,46.772049,57.070000,29.399345
2006-03-30,89.484009,24.749706,35.787998,21.814129,51.983356,45.285545,54.777737,46.630638,58.599998,28.976120
2006-03-31,89.504738,24.837269,35.536190,21.781122,52.157070,45.269905,54.798241,46.524632,58.099998,29.035969
2006-04-03,89.435776,24.643080,35.924839,22.397154,52.105846,45.284542,54.768055,46.563683,58.470001,28.535778
2006-04-04,90.007973,24.825851,36.209476,22.529154,52.174519,45.237457,54.809250,46.608017,58.330002,28.339134
2006-04-05,90.318230,24.886765,36.329910,22.760168,52.211510,45.300251,54.816162,46.763321,58.660000,28.493036
2006-04-06,90.221680,24.894388,36.362747,22.643566,52.169250,44.954998,54.809250,46.594707,59.279999,28.377613
2006-04-07,89.304779,24.582159,35.946735,22.298147,51.994839,44.515587,54.774918,46.412804,58.590000,27.950104
2006-04-10,89.442650,24.517435,36.012428,22.221138,51.947277,44.599304,54.788658,46.310787,59.599998,27.685062
2006-04-11,88.684341,24.178553,35.771576,22.031929,52.052979,44.756229,54.836746,46.443886,59.009998,27.616659
2006-04-12,88.849785,24.342281,35.596409,22.159548,52.005379,44.484169,54.802406,46.297466,59.430000,27.616659
2006-04-13,88.732590,24.376551,35.689461,22.265139,51.899734,44.170349,54.795532,46.208714,59.500000,27.253267
2006-04-17,88.698143,24.384165,35.853687,22.529154,51.984314,44.332523,54.829876,46.199818,61.090000,27.176329
2006-04-18,90.104515,24.978159,36.587166,23.277199,51.947277,44.410961,54.905514,46.386181,61.849998,27.838957
2006-04-19,90.276840,25.195194,36.838974,23.420202,51.994839,44.138985,54.891781,46.355125,63.750000,28.180952
2006-04-20,90.400932,25.160915,36.674751,23.336597,51.915600,44.102379,54.871143,46.332935,60.959999,28.210888
2006-04-21,90.414719,25.141891,36.921078,23.519207,51.910282,44.358673,54.871143,46.421700,63.200001,28.215164
2006-04-24,90.249252,24.951504,36.959393,23.211195,52.105846,44.536522,54.898632,46.514812,61.650002,28.069796
2006-04-25,89.876968,24.860117,36.937492,22.892176,51.931450,44.008186,54.857449,46.293015,62.779999,27.856054
2006-04-26,89.897682,24.902000,37.167400,23.343203,51.841602,43.934956,54.816162,46.239758,63.650002,27.770554
2006-04-27,90.331963,24.673542,37.233086,22.975775,51.963150,43.992538,54.905514,46.324093,62.959999,27.945833
2006-04-28,90.635330,24.863934,37.238556,23.200193,52.079426,44.023933,54.919277,46.430569,65.089996,28.048418
2006-05-01,89.897682,24.711626,37.222137,23.193592,51.875168,43.693043,54.886852,46.195274,65.160004,27.710701
2006-05-02,90.573280,24.924850,37.791420,23.602808,51.928200,43.808567,54.893719,46.266571,66.550003,27.428558
2006-05-03,90.235497,24.905811,37.566982,23.629215,51.891109,43.714008,54.893719,46.266571,66.459999,27.479855
2006-05-04,90.559486,25.187569,37.857101,23.860226,51.864540,43.640495,54.900639,46.248711,67.480003,27.868877
2006-05-05,91.359215,25.423651,38.437336,24.245243,51.960011,43.903103,54.914402,46.302212,67.989998,28.227976
2006-05-08,91.248894,25.454105,38.404488,24.421257,51.997200,43.929356,54.907558,46.360153,67.559998,28.351965
2006-05-09,91.428131,25.469339,38.634399,24.443251,51.970665,43.903103,54.914402,46.377972,69.680000,28.339134
2006-05-10,91.379913,25.351297,38.513977,24.179249,51.912308,43.981880,54.914402,46.409184,70.379997,28.236532
2006-05-11,90.276840,24.791594,38.125336,23.563211,51.880482,43.766563,54.935085,46.328964,71.029999,27.714981
2006-05-12,89.097954,24.273748,37.632683,22.947184,51.769062,43.404190,54.914402,46.213104,71.120003,27.364426
2006-05-15,89.277229,24.220432,37.309723,22.397154,51.800919,43.577522,54.942051,46.253197,67.410004,27.740623
2006-05-16,89.146210,24.254711,37.254974,22.509361,52.055531,43.903103,54.990257,46.422531,68.610001,27.633755
2006-05-17,87.450294,23.835857,36.067154,21.737120,51.906982,43.630024,54.962677,46.275467,68.150002,27.116482
2006-05-18,87.009071,23.576941,35.957691,21.319094,52.124496,44.223457,55.017876,46.569603,67.459999,26.907005
2006-05-19,87.622650,23.755898,36.138309,21.778917,52.113892,44.339020,55.004063,46.547306,65.580002,26.971134
2006-05-22,86.953903,23.607403,35.344624,20.753664,52.124496,44.433517,55.004063,46.574039,65.300003,26.898449
2006-05-23,86.292122,23.306587,35.355549,20.527052,51.981316,44.407238,55.038612,46.542873,66.379997,26.603474
2006-05-24,86.981529,23.451288,35.333649,20.384045,51.991882,44.428238,55.073051,46.591885,64.059998,26.646233
2006-05-25,88.056961,23.866325,35.809883,21.250895,51.986538,44.254955,55.073051,46.529434,64.699997,27.146408
2006-05-26,88.505081,23.980549,36.099991,21.187094,52.209377,44.223457,55.093727,46.533955,65.099998,27.471306
2006-05-30,86.933250,23.375141,35.552612,20.274038,52.092648,44.202450,55.052361,46.431461,65.110001,27.244726
2006-05-31,87.905312,23.733049,35.815350,20.615061,51.975983,43.939873,55.010971,46.342297,64.230003,27.291742
2006-06-01,88.746376,24.113823,36.045265,21.037485,51.934963,44.135994,55.078796,46.423286,62.560001,27.791929
2006-06-02,88.932510,24.106203,36.395588,21.253099,52.334354,44.705425,55.161789,46.714184,63.500000,28.112549
2006-06-05,87.636444,23.493179,35.607357,20.351040,52.163925,44.647415,55.113396,46.570965,63.290001,28.249355
2006-06-06,87.422737,23.378946,35.174915,20.201443,52.302406,44.858349,55.113396,46.673920,62.549999,27.911636
2006-06-07,86.767799,23.142868,34.693226,19.757015,52.137344,44.868881,55.078796,46.548607,62.279999,28.108282
2006-06-08,86.691956,23.169523,33.926876,19.405003,52.313091,44.958469,55.141048,46.700806,60.910000,28.048418
2006-06-09,86.416214,23.013411,33.888569,19.151981,52.387623,45.195786,55.141048,46.749981,60.450001,28.232267
2006-06-12,85.478638,22.514606,33.598450,18.439148,52.227867,45.232655,55.148003,46.624691,60.029999,27.894526
2006-06-13,84.485870,22.213804,32.547470,18.029928,52.376995,45.264297,55.134140,46.673920,55.919998,27.608101
2006-06-14,85.140831,22.301388,33.018223,18.546949,52.179962,44.810886,55.078796,46.472549,55.619999,27.372974
2006-06-15,86.947021,23.051479,34.156788,19.627213,52.094715,44.552544,55.064960,46.378571,57.320000,27.945833
2006-06-16,86.313438,22.674536,33.883091,19.515003,52.062744,44.452354,55.037243,46.315884,57.680000,27.890251
2006-06-19,85.634827,22.449886,33.713402,18.788965,51.924309,44.389072,55.016506,46.257721,56.360001,27.697876
2006-06-20,85.925690,22.369911,33.915939,19.019972,51.956287,44.315273,55.009605,46.221947,57.299999,27.552530
2006-06-21,86.562752,22.754488,34.353848,19.636007,51.972221,44.325802,55.023415,46.163788,58.330002,27.873154
2006-06-22,86.181885,22.644068,34.173206,19.283987,51.748539,44.072754,54.995720,46.056374,57.730000,27.676514
2006-06-23,86.168030,22.775671,34.074688,19.250990,51.775211,43.983097,54.981949,45.980286,57.990002,27.467030
2006-06-26,86.548897,23.031231,34.342903,19.250990,51.626114,43.898750,54.988857,45.980286,58.279999,27.759964
2006-06-27,85.801056,22.645983,33.707932,18.887966,51.769871,44.114925,55.023415,45.908691,57.680000,27.729729
2006-06-28,86.382698,22.748966,34.091103,19.479801,51.716633,43.882896,54.995720,45.805775,57.540001,27.811821
2006-06-29,88.127655,23.549984,35.350086,20.637058,51.897705,44.030560,55.092594,46.047436,59.520000,28.429663
2006-06-30,88.134613,23.687304,35.793476,20.659060,51.892338,44.457615,55.141048,46.302475,61.230000,28.645695
2006-07-03,88.494675,23.839884,35.979580,21.116690,51.971485,44.413692,55.132721,46.245411,62.180000,29.177122
2006-07-05,87.989166,23.572876,35.295364,20.461050,51.816422,44.059036,55.084122,45.953274,62.500000,29.129599
2006-07-06,88.245369,23.595762,35.667568,20.879078,51.864513,44.328991,55.125809,46.182487,63.020000,29.198734
2006-07-07,87.670639,23.279165,35.503345,20.483059,52.057068,44.614830,55.167442,46.357780,62.630001,29.077751
2006-07-10,87.836830,23.298235,35.798946,20.648058,52.105183,44.657127,55.167442,46.416233,62.020000,29.306744
2006-07-11,88.224617,23.420303,35.897469,20.747066,52.190720,44.800076,55.167442,46.488125,63.810001,29.354273
2006-07-12,87.282883,23.004528,35.224178,20.285048,52.222801,44.810669,55.188263,46.564537,64.919998,29.432062
2006-07-13,85.863350,22.546808,34.605640,19.482002,52.265549,44.985325,55.257713,46.560047,65.550003,29.034548
2006-07-14,85.530998,22.352276,34.310055,19.581009,52.335056,45.011780,55.264668,46.600487,65.849998,28.637049
2006-07-17,85.406342,22.253098,33.828358,19.272997,52.222801,45.080620,55.257713,46.649921,63.950001,28.637049
2006-07-18,85.842613,22.314135,33.773621,19.541403,52.185375,44.694210,55.216034,46.407211,62.900002,29.069118
2006-07-19,87.033562,22.951122,34.605640,20.747066,52.388561,45.117638,55.292446,46.618454,64.029999,29.518461
2006-07-20,86.438072,22.249277,34.419537,20.150839,52.442009,45.249992,55.361870,46.820713,62.540001,29.276506
2006-07-21,85.828743,21.947945,34.419537,19.759216,52.409939,45.165302,55.347996,46.784748,61.709999,28.796917
2006-07-24,87.393669,22.550627,35.043549,20.648058,52.490105,45.138840,55.347996,46.798252,61.139999,29.272181
2006-07-25,87.705284,22.726074,35.032619,20.703064,52.447334,45.006516,55.334095,46.762321,61.549999,29.423401
2006-07-26,87.822975,22.600214,35.278919,20.615061,52.479462,45.170609,55.403515,46.861191,62.000000,29.527088
2006-07-27,87.739868,22.348461,35.497879,20.898872,52.564934,45.101776,55.431290,46.789295,62.900002,29.432062
2006-07-28,88.619293,22.787109,36.209476,21.347698,52.677250,45.361145,55.500767,46.969067,63.110001,29.859783
2006-07-31,88.529259,22.809996,36.083572,21.143089,52.613121,45.419350,55.507660,46.978020,63.160000,29.760408
2006-08-01,88.093025,22.565876,35.831783,20.802073,52.741413,45.415104,55.541851,47.043953,64.320000,29.604870
2006-08-02,88.688553,22.771849,36.225910,21.077082,52.762897,45.585148,55.541851,47.125187,64.750000,29.548719
2006-08-03,88.924004,23.084633,36.165691,21.055079,52.773659,45.595787,55.534859,47.129719,64.120003,29.829550
2006-08-04,88.771637,22.905355,36.193062,21.099085,52.940109,45.872120,55.583607,47.314789,64.279999,30.300480
2006-08-07,88.563889,22.794743,35.968628,20.967075,52.945473,45.898724,55.604546,47.274185,64.500000,30.002365
2006-08-08,88.224617,22.497217,35.842731,20.967075,52.945473,45.797760,55.632397,47.301254,63.970001,29.557356
2006-08-09,87.926857,22.317945,36.017895,21.046289,52.988430,45.648926,55.653316,47.278675,64.629997,29.375881
2006-08-10,88.196884,22.451448,36.099991,21.261896,52.961575,45.579842,55.639381,47.274185,63.250000,29.397480
2006-08-11,87.947647,22.268353,35.787998,21.004477,52.870316,45.383205,55.590626,47.179337,62.709999,29.216019
2006-08-14,88.016853,22.359898,35.908409,21.088083,52.811241,45.303505,55.562729,47.120686,62.250000,29.496851
2006-08-15,89.069374,22.825256,36.685703,21.605110,52.940109,45.686138,55.639381,47.364464,62.009998,29.833866
2006-08-16,89.810310,23.179993,37.019608,21.816320,53.117252,45.994339,55.729977,47.563107,62.490002,29.890039
2006-08-17,90.038818,23.153290,36.882763,21.847126,53.122650,45.978374,55.723049,47.540520,61.029999,29.846821
2006-08-18,90.495819,23.260090,37.036034,21.640314,53.160244,46.111267,55.743908,47.635334,61.040001,29.980759
2006-08-21,90.108063,23.035042,36.921078,21.528109,53.289074,46.275997,55.778774,47.703007,62.439999,30.153591
2006-08-22,90.101158,23.092266,36.817078,21.521507,53.299831,46.291946,55.771809,47.734634,62.049999,30.365297
2006-08-23,89.851883,22.748966,36.685703,21.132088,53.278370,46.313229,55.757912,47.716560,61.830002,30.131981
2006-08-24,89.775688,22.657417,36.581703,21.074881,53.272995,46.398209,55.792713,47.716560,61.750000,30.248644
2006-08-25,89.886467,22.695560,36.554329,21.134281,53.326656,46.467297,55.806667,47.784302,61.770000,30.227036
2006-08-28,90.315773,22.935869,36.707596,21.374088,53.278370,46.509808,55.820595,47.797840,61.000000,30.585653
2006-08-29,90.419640,23.115147,37.003193,21.446699,53.299831,46.573612,55.841537,47.829472,60.939999,30.589962
2006-08-30,90.475075,23.218140,37.003193,21.539110,53.380371,46.695827,55.876408,47.861038,61.419998,30.771431
2006-08-31,90.461212,23.221951,37.003193,21.477503,53.450165,46.807446,55.925129,48.023556,62.290001,30.797356
2006-09-01,91.001328,23.332565,37.276882,21.717319,53.457172,46.823441,55.988747,47.966419,62.139999,30.620213
2006-09-05,91.174408,23.466070,37.473934,21.836119,53.392471,46.529987,55.925846,47.821320,63.360001,30.931293
2006-09-06,90.371170,23.031231,36.844444,21.209084,53.403275,46.465939,55.925846,47.821320,62.860001,30.784407
2006-09-07,89.955719,22.893915,36.401062,20.967075,53.387077,46.556637,55.925846,47.871185,61.250000,30.533798
2006-09-08,90.211914,22.985456,36.412010,21.138687,53.457172,46.594025,55.960846,47.921104,60.639999,30.823277
2006-09-11,90.301949,22.909168,36.193062,20.683266,53.419445,46.551350,55.953773,47.902916,58.500000,30.922646
2006-09-12,91.188301,23.401230,36.609074,21.037485,53.548794,46.786106,55.981789,47.975498,58.320000,31.320152
2006-09-13,91.555275,23.622463,36.537910,21.352097,53.591923,46.807446,55.988747,48.102432,58.619999,31.497316
2006-09-14,91.562180,23.496580,36.587166,21.176094,53.516483,46.700722,55.939819,47.980011,57.189999,31.328787
2006-09-15,91.777115,23.549984,36.510532,21.301493,53.500290,46.663376,55.960846,47.948257,57.400002,31.579390
2006-09-18,91.902290,23.611021,36.663803,21.541313,53.489555,46.588669,55.953773,47.957359,58.230000,31.354706
2006-09-19,91.672783,23.469881,36.324432,21.209084,53.613503,47.111553,56.030735,48.143291,56.919998,31.588020
2006-09-20,92.159637,23.725451,36.680233,21.644714,53.672791,47.180882,56.051723,48.220322,57.259998,31.518908
2006-09-21,91.714539,23.519476,36.767811,21.116690,53.904598,47.613075,56.149677,48.510532,57.950001,31.168934
2006-09-22,91.436279,23.252470,36.587166,20.848276,53.936943,47.847820,56.177643,48.537819,58.500000,31.251020
2006-09-25,92.138779,23.508028,36.740437,21.090282,54.044704,48.183945,56.226486,48.610348,58.500000,31.298126
2006-09-26,92.903801,23.641537,36.828014,21.338896,54.039356,47.981209,56.163643,48.474262,58.740002,31.223978
2006-09-27,93.015083,23.819265,37.063396,21.290489,54.017757,47.842484,56.205570,48.451645,59.810001,31.498758
2006-09-28,92.980278,23.693129,37.167400,21.462105,54.033970,47.762459,56.226486,48.465210,59.790001,31.433346
2006-09-29,92.903801,23.425583,37.085304,21.290489,53.990803,47.703770,56.170643,48.442539,59.470001,31.402824
2006-10-02,92.556053,23.203899,37.189301,21.255289,54.041706,47.834507,56.236618,48.522251,59.150002,31.341751
2006-10-03,92.750793,23.200081,37.222137,20.967075,54.030899,47.770195,56.243641,48.554134,57.110001,31.647060
2006-10-04,93.835747,23.674023,37.577938,21.528109,54.241962,48.118366,56.341957,48.786465,56.369999,32.013405
2006-10-05,94.016602,23.972143,37.621735,21.814129,54.074177,47.780903,56.285805,48.627029,56.919998,32.222763
2006-10-06,93.898308,23.815445,37.287834,21.759115,53.873901,47.282738,56.215584,48.353748,56.990002,32.022129
2006-10-09,93.953979,23.987429,37.315182,21.677721,53.987587,47.411293,56.222591,48.390167,57.200001,32.205318
2006-10-10,94.079170,24.040943,37.358994,21.873526,53.776478,47.036312,56.145313,48.176064,57.000000,32.209694
2006-10-11,93.967911,23.983610,37.331604,21.756922,53.716953,46.897076,56.138363,48.066788,56.880001,32.087551
2006-10-12,94.781639,24.400221,37.731201,22.287148,53.771049,46.923843,56.166424,48.180649,57.490002,32.379791
2006-10-13,95.025032,24.572203,37.796898,22.419153,53.635719,46.688160,56.145313,48.002983,58.570000,32.750504
2006-10-16,95.171097,24.759487,37.939213,22.480761,53.722347,46.897076,56.173412,48.121452,59.169998,32.820293
2006-10-17,94.872055,24.587498,37.703838,22.185942,53.803539,46.934544,56.180424,48.212555,58.650002,32.711258
2006-10-18,94.997223,24.560738,37.796898,22.403749,53.868500,47.030960,56.187481,48.312744,58.590000,32.876999
2006-10-19,95.150230,24.606609,38.081524,22.502752,53.841442,46.945271,56.180424,48.157856,59.410000,32.798481
2006-10-20,95.171097,24.449903,38.201962,22.397154,53.825188,46.897076,56.201508,48.176064,58.779999,32.754864
2006-10-23,95.609238,24.484303,38.234795,22.377350,53.668224,46.709599,56.173412,48.066788,57.759998,32.951141
2006-10-24,95.894455,24.545456,38.240273,22.504957,53.727734,46.709599,56.173412,48.148834,58.169998,32.781055
2006-10-25,96.221283,24.767130,38.508488,22.766769,53.857674,47.079163,56.236618,48.353748,58.759998,32.946774
2006-10-26,96.520332,24.958246,38.804081,22.821772,54.041706,47.384533,56.306782,48.508595,59.290001,33.273869
2006-10-27,95.915260,24.667763,38.535858,22.441160,54.149940,47.604111,56.362972,48.663425,59.400002,33.051464
2006-10-30,95.845741,24.744200,38.453758,22.364147,54.160812,47.738068,56.327892,48.708984,59.900002,33.238995
2006-10-31,95.831818,24.629543,38.475655,22.793171,54.361069,48.107658,56.405117,48.927631,60.240002,33.295719
2006-11-01,95.185036,24.178532,38.409966,22.564365,54.454567,48.373875,56.445282,49.089111,61.360001,33.038372
2006-11-02,95.129372,24.109745,38.552288,22.634760,54.394745,48.174881,56.431156,49.029617,61.919998,32.410320
2006-11-03,94.962433,24.186176,38.404488,22.705168,54.112122,47.604889,56.325462,48.686550,62.299999,32.052658
2006-11-06,96.033508,24.560738,38.973770,23.244198,54.112122,47.744709,56.318436,48.741482,61.889999,32.349251
2006-11-07,96.402161,24.621899,39.017559,23.145184,54.248020,47.965160,56.388847,48.915318,62.040001,31.995972
2006-11-08,96.610802,24.793886,39.028507,23.204594,54.394745,48.137234,56.417095,48.974739,61.110001,32.105007
2006-11-09,96.103088,24.553097,38.831463,23.283791,54.411072,48.110313,56.410011,49.025078,62.950001,32.152985
2006-11-10,96.144783,24.702164,38.984718,23.316795,54.530666,48.320065,56.452274,49.157738,62.490002,32.283833
2006-11-13,96.381264,24.805359,38.738400,23.396002,54.465412,48.309345,56.452274,49.125740,62.189999,32.362331
2006-11-14,97.104576,25.221964,39.165359,23.761219,54.541508,48.497524,56.459312,49.203449,61.630001,32.772316
2006-11-15,97.382767,25.416899,39.154408,23.805227,54.438274,48.314705,56.424145,49.075397,61.840000,32.811569
2006-11-16,97.633141,25.340452,39.072292,23.565411,54.389347,48.094250,56.402939,49.006771,61.310001,33.033997
2006-11-17,97.660995,25.271645,38.957344,23.539013,54.530666,48.368488,56.473415,49.166920,61.779999,32.907520
2006-11-20,97.716583,25.317514,38.661755,23.446608,54.568714,48.443710,56.487541,49.203449,61.770000,34.045891
2006-11-21,97.813965,25.439823,38.853359,23.820623,54.639359,48.562027,56.501656,49.272076,62.270000,34.595425
2006-11-22,98.008705,25.481869,39.231037,23.987841,54.715492,48.642681,56.543880,49.327003,62.500000,34.748085
2006-11-24,97.612282,25.393965,39.023037,23.983427,54.731770,48.728737,56.550972,49.404770,63.500000,34.896370
2006-11-27,96.269966,24.828297,38.700077,23.530210,54.704609,48.906197,56.586182,49.409344,63.700001,33.954281
2006-11-28,96.687271,24.866507,39.044930,23.666615,54.851364,49.008377,56.614376,49.500801,63.570000,34.045891
2006-11-29,97.695740,25.264015,39.488316,24.049438,54.769840,48.895424,56.614376,49.455093,63.160000,34.525650
2006-11-30,97.737457,25.275473,39.658012,24.157240,54.938335,49.218044,56.677822,49.642616,64.389999,34.887634
2006-12-01,97.521896,25.187559,39.608734,24.058239,55.040916,49.343266,56.788784,49.700970,64.120003,34.822224
2006-12-04,98.266045,25.627106,39.866020,24.559856,55.095497,49.429638,56.781727,49.815838,64.120003,35.227833
2006-12-05,98.690285,25.692083,40.090427,24.988888,55.062740,49.197552,56.781727,49.792828,63.810001,34.957420
2006-12-06,98.606804,25.646219,40.002842,24.817268,55.019123,49.100388,56.774658,49.668835,62.689999,34.761150
2006-12-07,98.175636,25.550659,40.139694,24.729269,54.969955,49.062588,56.760509,49.691776,62.730000,34.547447
2006-12-08,98.356476,25.500975,40.041164,24.619267,54.855350,48.706390,56.689819,49.508038,62.049999,34.660847
2006-12-11,98.641594,25.527739,40.205387,24.630260,54.844452,48.916874,56.696888,49.618286,62.570000,34.739365
2006-12-12,98.565079,25.378674,40.369598,24.333252,54.997257,49.019413,56.774658,49.723949,62.520000,34.582355
2006-12-13,98.669426,25.393965,40.522861,24.465258,54.828102,48.582253,56.696888,49.475864,62.480000,34.403515
2006-12-14,99.538750,25.596529,40.687073,24.883282,54.751682,48.404114,56.668606,49.429951,62.119999,34.429676
2006-12-15,99.547859,25.470407,40.522861,24.993292,54.740803,48.431141,56.689819,49.420776,61.000000,34.172367
2006-12-18,99.275139,25.137882,40.462662,24.819473,54.773525,48.447300,56.689819,49.425358,61.040001,33.958664
2006-12-19,99.463974,25.225792,40.643303,24.663273,54.811741,48.382542,56.696888,49.416172,61.799999,33.670784
2006-12-20,99.408020,25.302231,40.572128,24.936167,54.789894,48.377171,56.732231,49.452934,61.619999,34.024082
2006-12-21,99.044342,25.152426,40.551453,24.891548,54.899052,48.620014,56.774658,49.581528,61.380001,33.744926
2006-12-22,98.435883,25.075798,40.456444,24.980795,54.849915,48.247578,56.767578,49.425358,61.650002,33.448742
2006-12-26,99.016357,25.298014,40.439663,25.212872,54.833572,48.393353,56.767578,49.480461,61.980000,33.688900
2006-12-27,99.666771,25.650484,40.942707,25.572130,54.685116,48.037510,56.736378,49.322277,62.220001,33.991314
2006-12-28,99.456978,25.550880,40.970657,25.523037,54.613846,47.929226,56.700909,49.220840,62.900002,34.084709
2006-12-29,99.044342,25.282696,40.925945,25.476175,54.608433,47.891338,56.715122,49.197758,63.209999,34.244816
2007-01-03,98.869469,25.248211,41.088047,25.692621,54.723480,48.232460,56.771820,49.091717,62.279999,34.298195
2007-01-04,99.079330,25.229059,40.970657,25.337822,54.838455,48.524960,56.828571,49.460670,61.650002,34.342670
2007-01-05,98.289017,24.949366,40.355824,24.596992,54.800137,48.313702,56.793114,49.428387,60.169998,33.706684
2007-01-08,98.743599,24.934042,40.411720,24.775505,54.832993,48.400364,56.757610,49.414501,60.480000,33.755596
2007-01-09,98.659698,24.983845,40.450840,24.222111,54.832993,48.400364,56.778896,49.423771,60.849998,34.182541
2007-01-10,98.988358,24.991520,40.143421,24.166327,54.772785,48.183754,56.764706,49.359222,60.590000,34.622845
2007-01-11,99.421959,25.244377,40.400528,24.472036,54.668713,47.902126,56.722191,49.207016,60.630001,35.072033
2007-01-12,100.177322,25.478094,40.858875,24.969643,54.591976,47.680103,56.686687,49.156281,62.169998,35.183208
2007-01-16,99.981499,25.382307,40.808559,25.058905,54.663231,47.782997,56.743477,49.211632,61.970001,35.681313
2007-01-17,100.023476,25.393801,40.830933,24.954020,54.630375,47.636761,56.722191,49.142479,62.639999,35.667965
2007-01-18,99.687752,25.075798,40.691181,24.690720,54.707043,47.782997,56.743477,49.285412,62.259998,35.623516
2007-01-19,99.883598,25.244377,41.188656,25.134769,54.685116,47.653027,56.736378,49.257729,63.000000,35.979305
2007-01-22,99.575844,25.025991,40.981853,25.105761,54.712505,47.766731,56.757610,49.290031,62.720001,35.676876
2007-01-23,99.869576,25.309511,41.345154,25.677004,54.608433,47.452637,56.729248,49.156281,64.230003,35.845879
2007-01-24,100.673889,25.577703,41.613445,25.900139,54.591976,47.447216,56.757610,49.179329,64.330002,36.312859
2007-01-25,99.491928,25.259710,40.937119,25.103535,54.520817,47.106033,56.715122,49.022533,64.059998,36.535217
2007-01-26,99.401047,25.317169,41.015377,25.257498,54.515350,47.068130,56.722191,48.990227,64.169998,36.655304
2007-01-29,99.345047,25.481916,41.060097,24.922789,54.444122,46.965214,56.729248,48.967194,63.770000,36.775383
2007-01-30,99.862587,25.669643,41.339565,25.308821,54.526245,47.019367,56.743477,49.036377,64.220001,36.957710
2007-01-31,100.533958,25.788424,41.496067,25.505184,54.570160,47.414742,56.807297,49.243916,64.830002,37.251236
2007-02-01,101.135460,26.129402,41.842613,25.817583,54.599239,47.357613,56.800201,49.223984,65.220001,37.397999
2007-02-02,101.275337,26.137060,41.758766,25.739485,54.676220,47.417458,56.821529,49.270332,64.279999,37.464729
2007-02-05,101.303261,26.079603,41.624630,25.764032,54.764225,47.482685,56.807255,49.335121,64.309998,37.464729
2007-02-06,101.331253,26.179213,41.948826,26.018410,54.868698,47.743736,56.871365,49.464855,64.790001,38.016190
2007-02-07,101.555084,26.389927,42.066193,25.918007,54.934692,47.885105,56.899830,49.534286,64.629997,38.812271
2007-02-08,101.422203,26.313307,41.898491,25.779646,54.967747,47.923153,56.921230,49.589859,65.519997,38.514305
2007-02-09,100.666901,26.137060,41.719639,25.471714,54.841171,47.651272,56.864262,49.381451,66.120003,38.069557
2007-02-12,100.324188,25.937841,41.557564,25.297665,54.786255,47.542522,56.864262,49.390724,65.669998,37.380230
2007-02-13,101.170387,26.183039,42.088558,25.699318,54.780701,47.439190,56.857132,49.358334,65.839996,38.105145
2007-02-14,101.834824,26.255838,42.658672,26.252716,54.989674,47.890484,56.985268,49.640850,66.370003,37.833847
2007-02-15,101.967682,26.286493,42.708981,26.268332,55.066616,48.031887,57.013767,49.733463,66.410004,38.114037
2007-02-16,101.918739,26.370775,42.692200,26.328587,55.105171,48.200447,57.027969,49.784405,66.360001,38.016190
2007-02-20,102.135551,26.623642,42.753693,26.397755,55.132618,48.309216,57.020885,49.863155,65.309998,38.309723
2007-02-21,102.093620,26.727083,42.535706,26.475851,55.127163,48.227654,57.056477,49.830753,67.349998,38.185173
2007-02-22,102.016663,26.750071,42.725754,26.408907,55.017178,47.966663,57.020885,49.761234,67.150002,37.980625
2007-02-23,101.617989,26.635124,42.859905,26.219244,55.149136,48.309216,57.085022,49.923351,67.720001,37.317955
2007-02-26,101.527100,26.573833,42.882236,26.208092,55.270130,48.630058,57.127693,50.127163,68.099998,37.131172
2007-02-27,97.561653,25.474257,41.155113,24.077072,55.495590,49.244549,57.262970,50.321690,65.410004,35.979305
2007-02-28,98.561752,25.623678,41.445759,24.679560,55.457069,49.021580,57.220230,50.229038,66.480003,36.246124
2007-03-01,98.268044,25.566206,41.020969,24.324755,55.448288,48.990444,57.299553,50.238792,65.820000,35.881462
2007-03-02,96.981194,25.083456,40.467617,24.099388,55.564228,49.236126,57.363823,50.378296,63.709999,35.312176
2007-03-05,96.058037,24.577734,39.629196,23.481279,55.531044,49.317982,57.385250,50.303944,62.930000,33.937950
2007-03-06,97.701538,25.144766,40.858875,24.512197,55.492420,49.170624,57.335255,50.113224,64.150002,35.183208
2007-03-07,97.603645,25.114117,40.870045,24.362692,55.536587,49.361660,57.392357,50.159756,64.300003,34.689537
2007-03-08,98.428902,25.374636,41.350739,24.991959,55.486900,49.317982,57.392357,50.224850,64.480003,35.245464
2007-03-09,98.456841,25.478094,41.417816,25.036585,55.332317,48.799393,57.292377,50.094604,64.250000,35.712444
2007-03-12,98.603729,25.543215,41.686111,25.159306,55.503456,48.990444,57.342442,50.201599,64.370003,35.890343
2007-03-13,96.687469,24.957027,40.691181,24.427414,55.646965,49.285221,57.420952,50.229469,63.720001,35.045334
2007-03-14,97.407799,25.202238,40.707970,24.628239,55.580730,49.061432,57.435226,50.182999,63.939999,35.214352
2007-03-15,97.540703,25.382307,40.892422,24.829063,55.520000,49.055962,57.420952,50.192261,63.980000,35.530117
2007-03-16,97.267563,25.305676,40.942707,24.617083,55.525517,49.045040,57.413837,49.996952,64.620003,35.134281
2007-03-19,98.440147,25.562368,41.574326,25.157084,55.486900,48.941338,57.363823,49.903946,64.739998,35.485630
2007-03-20,98.980804,25.784586,41.926464,25.322214,55.542141,48.968616,57.413837,50.038849,65.269997,35.627956
2007-03-21,100.609772,26.217514,42.820786,26.080898,55.613869,48.990444,57.506680,50.187656,65.820000,36.059345
2007-03-22,100.532486,26.255838,42.658672,25.969311,55.508991,48.602901,57.449539,50.048115,65.760002,36.094929
2007-03-23,100.679947,26.324804,42.759293,26.089815,55.431694,48.466450,57.413837,49.917908,65.150002,36.117168
2007-03-26,100.546547,26.223099,42.776054,26.074200,55.398594,48.526497,57.470924,50.010933,65.839996,35.538795
2007-03-27,100.307793,26.146351,42.586006,25.958168,55.409630,48.444599,57.478130,50.001617,65.699997,35.167538
2007-03-28,99.577606,25.935280,42.211525,25.494026,55.437252,48.346348,57.506680,49.969036,66.050003,34.934937
2007-03-29,99.682899,26.061920,42.580421,26.000553,55.348850,48.280846,57.478130,49.908569,65.650002,34.993080
2007-03-30,99.704025,26.061920,42.647484,25.996101,55.348850,48.188084,57.478130,49.889988,65.739998,35.494057
2007-04-02,99.816330,26.150179,42.759293,26.174610,55.420368,48.268059,57.488899,49.918930,65.849998,35.717716
2007-04-03,100.890594,26.399637,43.117012,26.603045,55.364956,48.207767,57.488899,49.890919,65.830002,36.030819
2007-04-04,101.002945,26.441851,43.295879,26.770409,55.425907,48.257095,57.524754,49.932968,66.809998,35.851902
2007-04-05,101.276817,26.403473,43.452374,26.794945,55.376011,48.076332,57.503208,49.830170,66.860001,35.816128
2007-04-09,101.417236,26.434166,43.418823,26.948919,55.165501,47.758541,57.374126,49.666618,66.529999,35.883217
2007-04-10,101.536568,26.526268,43.743027,27.076105,55.248550,47.900990,57.445808,49.769424,67.160004,36.030819
2007-04-11,101.122314,26.342062,43.530621,26.826189,55.215328,47.868103,57.445808,49.675991,67.080002,35.494057
2007-04-12,101.571678,26.480228,43.821278,27.274708,55.281834,47.879063,57.438732,49.750763,66.989998,35.252502
2007-04-13,102.035080,26.683619,43.966618,27.408588,55.193104,47.731102,57.409973,49.666618,67.839996,35.650604
2007-04-16,103.004066,27.002157,44.430527,27.734377,55.303974,47.994091,57.402847,49.708656,68.400002,35.695354
2007-04-17,103.277885,26.940752,44.436119,27.584881,55.464714,48.262566,57.496056,49.979702,68.000000,36.160564
2007-04-18,103.404266,26.768055,44.419350,27.379583,55.547848,48.503647,57.574924,49.993698,68.379997,35.936874
2007-04-19,103.376175,26.714325,44.251671,27.158663,55.525650,48.421467,57.574924,50.026390,67.529999,35.695354
2007-04-20,104.352142,27.017508,44.760315,27.482225,55.497948,48.295448,57.560547,50.012371,68.699997,35.963745
2007-04-23,103.959000,26.975288,44.324333,27.372890,55.553360,48.470768,57.603561,50.157219,68.260002,36.366314
2007-04-24,104.001091,26.956104,44.296387,27.368429,55.581112,48.651573,57.653793,50.283382,67.730003,36.120285
2007-04-25,104.955978,27.121124,44.709995,27.707596,55.603260,48.481735,57.632240,50.213337,67.889999,36.097939
2007-04-26,105.075363,27.263126,44.503197,27.633959,55.497948,48.131062,57.589264,50.105858,66.870003,36.120285
2007-04-27,104.991142,27.136478,44.408169,27.495607,55.486900,48.120117,57.610821,50.091846,67.559998,36.030819
2007-04-30,104.120445,26.668274,44.246082,26.964539,55.675289,48.624165,57.653793,50.334793,67.089996,35.449326
2007-05-01,104.387306,26.817944,44.201363,27.071651,55.643074,48.659382,57.629368,50.306610,66.690002,35.140701
2007-05-02,104.998116,27.186367,44.536728,27.609413,55.659760,48.631836,57.658115,50.292545,66.660004,35.418041
2007-05-03,105.566879,27.174845,44.598217,27.841488,55.598534,48.521873,57.614899,50.222164,67.489998,35.511955
2007-05-04,105.967110,27.443493,45.017429,27.832567,55.670826,48.719845,57.643749,50.344189,68.190002,35.203312
2007-05-07,105.988129,27.336042,45.084511,28.013304,55.726486,48.851791,57.643749,50.405209,68.250000,35.301708
2007-05-08,105.847740,27.259285,44.715588,27.649588,55.665276,48.741840,57.672455,50.377045,67.879997,35.069126
2007-05-09,106.135605,27.416641,44.961533,28.095871,55.598534,48.549389,57.629368,50.297253,67.449997,35.449326
2007-05-10,105.026245,27.075081,44.072796,27.408588,55.693085,48.664841,57.679684,50.320690,66.000000,34.975185
2007-05-11,105.924965,27.282303,44.816200,28.104801,55.581833,48.494404,57.658115,50.269051,66.449997,35.449326
2007-05-14,105.693260,27.052046,44.648521,27.825872,55.592983,48.367901,57.614899,50.217442,66.279999,35.248032
2007-05-15,105.721352,26.921562,44.726776,27.859341,55.570686,48.351433,57.629368,50.104839,66.540001,34.711258
2007-05-16,106.444542,27.021353,44.793839,28.263222,55.581833,48.318432,57.686848,50.222164,65.599998,34.281849
2007-05-17,106.233910,26.890863,44.564682,28.160578,55.487282,48.120472,57.650864,50.071987,65.059998,33.686939
2007-05-18,107.160721,27.144140,44.905643,28.305618,55.325916,47.801548,57.593334,49.931141,65.519997,33.346970
2007-05-21,107.104530,27.451166,44.698830,28.356947,55.437252,47.944542,57.607750,49.996876,65.669998,33.481174
2007-05-22,107.020294,27.620043,44.737949,28.361399,55.325916,47.697063,57.622150,49.837284,65.199997,33.977676
2007-05-23,107.034370,27.508736,44.967110,28.316786,55.281448,47.559605,57.607750,49.790363,65.540001,33.718246
2007-05-24,106.065369,27.190193,44.536728,27.636198,55.303699,47.603561,57.629368,49.851395,64.750000,33.154629
2007-05-25,106.507751,27.332203,44.821804,28.060162,55.275852,47.493614,57.665295,49.818535,64.940002,33.342495
2007-05-29,106.893929,27.558628,44.877686,27.964218,55.220234,47.488113,57.607750,49.719975,65.070000,34.532349
2007-05-30,107.764557,27.731339,45.067730,28.249836,55.287041,47.587078,57.650864,49.757538,64.720001,35.458267
2007-05-31,107.652229,27.834942,45.291313,28.330164,55.164639,47.499088,57.614899,49.715290,65.540001,35.315132
2007-06-01,108.185883,28.092068,45.587555,29.037527,55.107609,47.249615,57.585331,49.524773,66.440002,35.364338
2007-06-04,108.199844,28.115110,45.710514,28.908117,55.174675,47.464897,57.606964,49.604942,66.540001,35.507477
2007-06-05,107.771584,27.942406,45.475758,28.807697,55.018250,47.166763,57.556438,49.444599,66.370003,34.943886
2007-06-06,106.613045,27.600832,44.821804,28.082478,55.040520,47.144699,57.628662,49.487068,66.410004,34.706802
2007-06-07,104.689186,27.036703,44.056034,27.649588,54.660622,46.300076,57.563648,48.958912,65.260002,33.615364
2007-06-08,106.051338,27.343712,44.536728,28.138266,54.593582,46.261421,57.585331,48.982521,64.220001,34.017929
2007-06-11,106.233910,27.405125,44.687641,28.379263,54.632710,46.128941,57.592545,48.831642,64.699997,33.508011
2007-06-12,105.075363,26.971457,43.893951,27.886112,54.308601,45.460972,57.541981,48.567600,64.099998,32.926491
2007-06-13,106.648163,27.359056,44.464058,28.443977,54.392414,46.001961,57.556438,48.779762,64.529999,33.655617
2007-06-14,107.329247,27.593178,44.793839,28.890255,54.498577,45.886044,57.556438,48.765594,64.599998,33.293297
2007-06-15,107.939980,27.900183,45.157166,29.548523,54.694187,46.200710,57.635857,48.958912,64.849998,33.660099
2007-06-18,107.813019,27.838770,45.408684,29.575302,54.733238,46.106823,57.635857,48.954231,64.949997,33.141216
2007-06-19,108.080971,27.946230,45.453407,29.608782,54.906506,46.537457,57.736996,49.270199,65.480003,33.203838
2007-06-20,106.578979,27.562466,44.916801,29.356619,54.738884,46.162037,57.679188,49.034409,64.709999,32.206345
2007-06-21,107.171265,27.692940,45.324837,29.722586,54.671761,45.941235,57.700836,48.907059,64.559998,32.385258
2007-06-22,106.162910,27.462679,44.698830,29.329847,54.800339,46.239346,57.780308,49.039131,64.779999,32.264484
2007-06-25,105.655212,27.297659,44.687641,29.106699,54.850555,46.493267,57.830879,49.095695,64.430000,31.735477
2007-06-26,104.569229,27.036703,44.464058,28.852312,54.783577,46.504356,57.794724,49.086273,63.619999,31.613201
2007-06-27,106.057121,27.535597,44.782669,29.262905,54.889706,46.548473,57.787514,49.086273,63.669998,32.423916
2007-06-28,106.043030,27.562466,44.816200,29.269602,54.850555,46.537457,57.773117,49.034409,64.260002,32.256325
2007-06-29,106.078285,27.386826,45.145969,29.372242,54.956772,47.017754,57.888622,49.312580,64.269997,32.134048
2007-07-02,107.037285,27.748894,45.799942,29.968027,55.103214,47.264877,57.926292,49.190395,65.019997,32.876816
2007-07-03,107.425102,27.845192,46.017948,30.206808,55.041473,46.976696,57.904579,49.199875,64.739998,32.786228
2007-07-05,107.312317,27.895266,45.788757,30.340683,54.811432,46.450253,57.824806,48.882496,64.419998,33.279911
2007-07-06,107.876442,27.956900,46.118546,30.860600,54.716068,46.261833,57.817543,48.787754,64.959999,33.239147
2007-07-09,107.961044,27.968447,46.230339,31.159616,54.811432,46.428062,57.861050,48.887264,65.379997,33.216496
2007-07-10,106.423836,27.510077,45.665802,30.545975,55.047100,47.215000,57.969845,49.223541,65.610001,32.374088
2007-07-11,107.178345,27.764311,46.096188,30.798119,54.923637,46.727325,57.940796,49.000935,65.440002,32.310673
2007-07-12,108.870750,28.041653,46.738968,31.474241,54.867554,46.566616,57.904579,48.806713,66.019997,32.727367
2007-07-13,109.195145,28.188009,46.705441,31.864754,54.934879,46.694084,57.933556,49.019875,66.029999,33.039871
2007-07-16,109.181030,28.103264,46.599239,31.552338,55.047100,47.142963,57.991589,49.147751,65.820000,32.763596
2007-07-17,109.124611,28.103264,46.442730,31.527803,54.946091,47.043228,57.955322,49.043549,65.750000,32.645840
2007-07-18,108.927162,28.022366,46.280636,31.141769,55.086338,47.220581,58.042282,49.185635,66.620003,32.573357
2007-07-19,109.350235,28.195709,46.543339,31.451935,55.086338,47.209438,58.035030,49.081429,67.010002,32.695663
2007-07-20,108.243156,27.760441,46.062656,31.235489,55.215446,47.636147,58.129288,49.218822,67.580002,32.124981
2007-07-23,108.574623,27.779707,46.342136,32.139206,55.181759,47.558582,58.085846,49.161961,67.470001,31.567905
2007-07-24,106.691765,27.136450,45.643444,31.039122,55.293987,47.735931,58.143841,49.100407,67.470001,30.929300
2007-07-25,106.910385,27.044012,45.520470,31.217638,55.260307,47.830124,58.187332,49.138287,66.900002,30.594152
2007-07-26,104.378815,26.362225,44.005737,29.626627,55.456738,48.229118,58.325012,49.034100,65.650002,30.032536
2007-07-27,102.326797,25.861475,43.396488,29.242817,55.400608,48.367661,58.390240,48.854065,65.410004,29.036133
2007-07-30,103.927490,26.273619,44.167828,30.200096,55.372543,48.229118,58.317722,48.929874,65.769997,29.597740
2007-07-31,102.756973,26.000145,44.111927,29.581997,55.546501,48.578251,58.411991,48.906204,65.790001,29.479979
2007-08-01,103.257599,26.104136,44.184601,29.465977,55.417450,48.473095,58.355217,49.064186,65.930000,29.869478
2007-08-02,104.082672,26.404594,44.318748,29.791759,55.389294,48.595516,58.384315,48.997612,65.889999,30.363167
2007-08-03,101.403000,25.395409,43.519444,28.506445,55.631641,48.918205,58.529884,49.240307,66.690002,29.190126
2007-08-06,103.102478,25.691996,43.994553,29.015224,55.541439,48.562134,58.457096,49.068958,66.519997,30.209164
2007-08-07,104.202583,26.011707,44.145489,29.231657,55.502003,48.523182,58.406235,49.202213,66.480003,30.376751
2007-08-08,105.655212,26.385334,44.860931,30.213484,55.434383,47.933483,58.362572,49.254604,66.769997,31.576967
2007-08-09,102.524239,25.803701,43.580944,28.963896,55.502003,48.000206,58.529884,49.211750,65.459999,31.228228
2007-08-10,102.044701,26.146513,42.831940,28.461821,55.315998,47.888958,58.508030,48.992847,66.570000,30.286161
2007-08-13,102.411400,26.000145,42.915787,28.742992,55.417450,48.028049,58.558987,49.164139,66.260002,30.141230
2007-08-14,100.845924,25.614954,42.502171,27.999918,55.569622,48.155994,58.639019,49.473515,66.290001,29.276175
2007-08-15,99.456757,25.368439,41.507252,26.899822,55.642876,47.983547,58.719070,49.340240,66.129997,28.782495
2007-08-16,100.204269,25.745932,41.328388,26.442381,55.609077,48.478672,58.835491,48.859554,64.680000,29.937420
2007-08-17,102.044701,26.219704,41.708481,27.279169,55.733025,48.283989,58.886444,48.945232,65.010002,30.616791
2007-08-20,101.995361,26.235107,41.842613,27.334955,55.682365,48.311768,58.959183,49.297379,65.120003,31.178402
2007-08-21,102.199829,26.369930,41.814674,27.234539,55.941605,48.545452,59.039188,49.397343,65.070000,31.323339
2007-08-22,103.412727,26.589487,42.804001,28.406044,55.896507,48.467545,58.959183,49.497318,65.400002,31.703770
2007-08-23,103.321075,26.312145,42.994045,28.551075,55.964172,48.634460,58.922802,49.521095,65.309998,31.160282
2007-08-24,104.597427,26.801332,43.743027,29.231657,55.823257,48.873672,58.813641,49.630573,66.110001,31.327873
2007-08-27,103.624298,26.446970,43.279099,29.365559,55.992321,49.129601,58.893696,49.497318,65.980003,30.648491
2007-08-28,101.346611,25.680441,42.407150,28.171734,56.217770,49.213028,59.046490,49.920887,65.589996,29.710976
2007-08-29,103.335182,26.350672,43.379719,29.287445,56.105007,49.079502,58.973759,49.692474,66.070000,30.797939
2007-08-30,103.060165,26.161907,43.077892,29.137941,56.223370,49.407753,59.024651,49.839993,65.800003,30.956472
2007-08-31,104.075592,26.485483,43.832458,29.889940,56.257210,49.446674,59.024651,50.073177,66.519997,31.468256
2007-09-04,105.126289,26.689629,44.234905,30.394230,56.194313,49.470177,59.021770,49.962257,67.440002,31.884947
2007-09-05,104.216621,26.531694,43.592106,29.934566,56.375504,49.866753,59.175102,50.158283,67.559998,31.119511
2007-09-06,104.456421,26.512440,43.754200,30.168863,56.364185,49.738297,59.102077,50.043526,68.860001,31.395800
2007-09-07,103.003769,26.185038,43.223198,29.488283,56.715099,50.442142,59.306572,50.316074,69.389999,30.639425
2007-09-10,102.806274,25.822958,43.044353,29.510590,56.850971,50.833130,59.328541,50.464336,69.620003,30.322407
2007-09-11,104.005074,26.269766,43.787743,30.106384,56.749054,50.794022,59.240849,50.172642,70.519997,30.951929
2007-09-12,104.273056,26.138815,43.832458,30.213484,56.669830,50.604076,59.291977,49.967060,70.459999,30.770779
2007-09-13,105.006416,26.134958,44.016914,30.548195,56.505650,50.151649,59.204350,49.895313,70.080002,31.463743
2007-09-14,104.999382,26.346807,43.759796,30.608450,56.545319,50.224270,59.197063,50.033970,69.989998,31.667542
2007-09-17,104.435242,26.046366,43.144958,30.414316,56.567928,50.464458,59.189705,50.014854,70.970001,31.436554
2007-09-18,107.509773,27.109488,44.547913,31.887058,56.686798,50.084618,59.270069,50.134415,71.699997,32.555260
2007-09-19,108.144432,27.390676,44.950340,32.032085,56.675472,49.620972,59.270069,49.857052,71.430000,33.166683
2007-09-20,107.382820,27.205778,44.911236,31.931688,56.273594,48.682507,59.145912,49.766190,72.720001,32.306160
2007-09-21,107.672592,27.225044,45.106853,32.355659,56.437737,49.095871,59.226227,50.000530,72.339996,32.537136
2007-09-24,107.474220,26.993923,45.207447,32.757313,56.443382,49.235535,59.291977,50.249115,72.279999,33.153988
2007-09-25,107.261681,26.878374,45.263351,32.634586,56.488728,49.062355,59.343121,50.220470,72.330002,32.330303
2007-09-26,107.828506,27.018438,45.486942,33.069714,56.432041,49.107044,59.306572,50.344788,72.000000,32.801643
2007-09-27,108.466171,27.211370,46.090595,33.560635,56.528316,49.447800,59.416096,50.473888,72.699997,33.053322
2007-09-28,108.104790,26.914253,46.163261,33.348652,56.613258,49.559525,59.350460,50.440392,73.510002,32.700962
2007-10-01,109.323456,27.481491,46.755749,34.397411,56.422241,49.842716,59.362885,50.115227,73.900002,33.497204
2007-10-02,109.174652,27.709150,46.638363,34.631710,56.638260,49.999748,59.399483,50.067181,72.349998,34.105824
2007-10-03,108.955048,27.550926,46.425964,33.582939,56.666595,49.853947,59.392204,50.292934,71.900002,33.941086
2007-10-04,109.125038,27.628105,46.588066,33.917656,56.643929,50.044617,59.421505,50.691643,72.870003,34.288872
2007-10-05,110.421623,28.095003,47.063164,35.048981,56.194893,49.506268,59.355507,50.485107,73.400002,35.094265
2007-10-08,109.833549,27.921370,46.627190,34.676338,56.638260,49.467003,59.414181,50.662807,72.529999,34.430725
2007-10-09,110.868019,28.114307,47.146992,35.216351,56.518852,49.405308,59.282265,50.441811,73.089996,34.815121
2007-10-10,110.683800,28.029411,47.057579,35.263199,56.592743,49.433369,59.296902,50.619576,73.360001,34.572598
2007-10-11,110.152420,27.774750,47.275570,34.953041,56.632572,49.382874,59.311554,50.725250,73.910004,34.435314
2007-10-12,110.761749,27.975391,47.482357,35.591213,56.524536,49.141735,59.245575,50.446632,74.589996,34.110405
2007-10-15,109.826515,27.616543,47.096695,35.156094,56.541599,49.152950,59.245575,50.605183,75.139999,33.469734
2007-10-16,108.955048,27.284687,46.370068,34.504513,56.632572,49.169777,59.318851,50.691643,75.120003,33.062477
2007-10-17,109.288017,27.327141,46.861935,35.301144,56.825775,49.708141,59.458187,50.931797,74.500000,33.012142
2007-10-18,108.891251,27.211370,46.973728,35.479652,56.990635,49.982952,59.538818,50.936619,76.000000,33.021286
2007-10-19,106.043022,26.316160,45.939697,33.962284,57.252106,50.728771,59.692768,51.268070,75.699997,31.616421
2007-10-22,106.659454,26.794640,45.883797,34.207745,57.234962,50.734344,59.641441,51.268070,74.599998,32.444706
2007-10-23,107.523834,27.010735,46.532158,35.156094,57.217953,50.667076,59.648777,50.965435,75.230003,32.787899
2007-10-24,107.325455,26.844803,46.431553,34.926262,57.468094,51.042858,59.766064,51.277668,75.519997,32.238766
2007-10-25,107.580460,26.740622,46.643951,35.370312,57.320236,50.868935,59.729401,51.157593,76.029999,32.307430
2007-10-26,108.841614,27.273111,47.487953,36.372223,57.269161,50.751198,59.736736,51.075886,77.690002,32.797050
2007-10-29,109.202972,27.257673,47.834518,37.208996,57.269161,50.947430,59.736736,51.195988,78.120003,32.261642
2007-10-30,108.444923,27.033869,47.454433,36.506111,57.343037,50.919434,59.729401,51.191181,77.349998,32.705540
2007-10-31,109.571465,27.377296,48.125145,37.307190,57.183880,50.459641,59.634098,50.926975,78.620003,33.387375
2007-11-01,107.006630,26.316160,47.113468,35.800980,57.324829,51.115242,59.827591,51.315910,77.930000,31.826921
2007-11-02,107.127068,26.354750,47.376171,36.004040,57.387611,51.278568,59.901203,50.997448,79.830002,31.373880
2007-11-05,106.312271,26.034481,46.621605,34.752213,57.336239,51.256031,59.893818,51.122910,79.750000,30.920847
2007-11-06,107.743462,26.474371,47.325851,36.070972,57.262081,51.008186,59.857052,50.809235,81.430000,31.309807
2007-11-07,104.796028,25.621603,46.504211,34.921791,57.273468,51.098320,60.026283,50.775475,82.239998,30.335112
2007-11-08,104.264687,25.613886,46.588066,35.100323,57.330544,51.008186,60.121937,50.857533,82.230003,30.426630
2007-11-09,102.833473,25.405504,45.682560,34.274685,57.530354,51.441940,60.143997,51.084278,82.180000,30.179510
2007-11-12,101.813202,25.158569,44.933578,32.377968,57.450432,51.627800,60.283794,51.065010,78.300003,30.527300
2007-11-13,104.916527,25.880133,46.140877,34.665184,57.456081,51.436283,60.099892,50.809235,79.120003,31.538620
2007-11-14,104.625984,25.791386,46.068245,34.698654,57.433292,51.492630,60.129311,50.592163,80.279999,30.897974
2007-11-15,103.116898,25.428671,45.308086,33.899796,57.678688,51.977028,60.327961,50.785172,77.949997,30.843058
2007-11-16,103.293991,25.285892,45.453407,34.319317,57.638756,52.050190,60.327961,50.789928,77.750000,30.266466
2007-11-19,101.855713,24.791986,44.251671,32.737225,57.764294,52.388187,60.526630,51.180771,77.239998,29.607504
2007-11-20,102.479233,24.791986,45.240997,33.636501,57.644497,52.331841,60.504574,50.857533,79.470001,29.035486
2007-11-21,100.382042,24.425409,44.218121,31.942846,58.083950,52.635994,60.695869,51.214611,79.360001,28.834139
2007-11-23,102.117912,24.965622,45.330429,32.886734,57.787117,52.793720,60.629642,50.958843,81.250000,29.401579
2007-11-26,99.864807,24.186172,44.620575,31.581352,58.312248,53.835720,60.798870,51.803242,81.300003,27.992136
2007-11-27,101.012604,24.502584,45.224224,32.790787,58.072498,53.323170,60.614952,51.359341,80.099998,28.646503
2007-11-28,104.243446,25.420950,46.509789,34.587086,57.929810,52.962696,60.563389,51.002258,79.570000,29.904943
2007-11-29,104.278839,25.328344,46.129730,34.163109,58.095329,53.418919,60.673790,51.195297,78.279999,29.424459
2007-11-30,105.327454,25.428671,46.381248,34.453201,58.215176,53.159817,60.703217,51.446178,77.320000,30.225264
2007-12-03,104.633102,25.081396,46.207989,34.154186,58.522881,53.581684,60.840515,51.464142,78.279999,29.900370
2007-12-04,103.697853,25.035082,45.917316,34.064926,58.299423,53.576054,60.833138,51.488338,79.400002,29.094971
2007-12-05,105.433731,25.351496,46.448326,35.577839,58.190552,52.937016,60.855309,51.294521,78.629997,30.074274
2007-12-06,106.942848,25.976599,46.889900,36.137928,58.127537,52.473316,60.729813,50.916538,79.370003,31.030676
2007-12-07,106.921638,25.945736,46.705441,35.709488,57.795135,51.885189,60.663383,50.480427,78.599998,30.920847
2007-12-10,107.750580,26.262150,47.186111,35.720654,57.680542,51.574127,60.619041,50.514328,80.000000,31.584396
2007-12-11,104.796028,25.305183,45.956448,34.207745,57.961304,52.586407,60.840515,51.003761,78.839996,29.918680
2007-12-12,105.830460,25.451817,46.878712,35.234200,57.904034,52.043530,60.685520,50.843845,80.489998,29.818005
2007-12-13,105.610847,25.193285,45.922924,34.265755,57.680542,51.478046,60.596935,50.553085,78.500000,29.479385
2007-12-14,104.271736,24.892317,44.682053,33.449059,57.520103,51.240505,60.449257,49.981266,78.519997,28.738043
2007-12-17,102.783875,24.456282,43.731850,32.023178,57.606041,51.698593,60.626442,50.465832,78.129997,27.850267
2007-12-18,103.357758,24.788128,44.279613,32.902355,57.909782,52.032211,60.589516,50.620949,79.250000,28.280430
2007-12-19,103.357758,24.903891,43.916294,33.116577,58.030106,52.722080,60.744556,51.018288,79.239998,28.568720
2007-12-20,104.009636,25.255033,44.229309,33.297318,57.978497,52.609020,60.788845,50.771126,78.669998,28.449640
2007-12-21,105.508972,25.783667,44.860931,34.301464,57.726341,51.839931,60.692890,50.717896,80.099998,29.007837
2007-12-24,106.292442,25.984316,45.044361,34.881618,57.743603,51.596748,60.641155,50.461018,80.139999,29.947472
2007-12-26,106.520340,25.988174,45.170467,35.062420,57.565937,51.144382,60.582127,50.475544,81.519997,29.449747
2007-12-27,105.181267,25.384905,44.895302,34.253311,57.881821,51.701927,60.714787,50.774914,81.559998,28.863636
2007-12-28,104.917755,25.334591,45.279381,34.382149,58.192516,52.508171,60.788837,50.935547,83.000000,28.356607
2007-12-31,104.141403,25.160448,44.998486,33.968567,58.209785,52.826134,60.885101,51.032894,82.459999,28.589180
2008-01-02,103.229660,24.916670,44.838001,33.408066,58.485981,53.586926,60.996220,51.636517,84.860001,28.500818
2008-01-03,103.179832,24.599360,44.912514,33.708652,58.641357,53.513126,61.092552,51.466137,85.570000,27.612341
2008-01-04,100.651215,23.848644,43.892166,32.696152,58.762135,53.524490,61.181419,51.889591,85.129997,26.491289
2008-01-07,100.565796,23.972477,43.938034,32.935715,58.836983,53.757233,61.144382,51.826355,84.769997,26.737829
2008-01-08,98.941833,23.310766,43.691540,32.680328,58.986488,53.694855,61.233295,51.728943,86.779999,25.812134
2008-01-09,99.981682,23.577774,44.006817,33.751595,58.848423,53.797024,61.203655,51.621876,86.550003,26.268015
2008-01-10,100.637001,23.728695,43.960945,34.149368,58.727619,53.070240,61.203655,51.471004,88.250000,26.672697
2008-01-11,99.825012,23.248859,43.083904,33.188831,58.980770,53.484711,61.374027,51.845818,88.580002,26.677351
2008-01-14,100.629860,23.477156,43.771790,33.677006,59.026794,53.683434,61.396259,51.631592,89.540001,26.565716
2008-01-15,98.414696,23.024414,42.350178,32.153732,59.239735,54.285332,61.448128,51.909077,87.989998,26.026115
2008-01-16,97.567131,23.082451,41.496059,30.815783,59.061310,53.893555,61.500004,51.831234,86.699997,26.323824
2008-01-17,95.038551,22.548437,40.871250,29.918545,59.418072,54.591946,61.603642,52.074589,86.500000,25.965660
2008-01-18,94.062721,22.389784,41.106255,30.601072,59.406559,54.217197,61.655537,51.986984,87.419998,25.621420
2008-01-22,93.108284,22.324005,39.959805,29.832670,59.498577,54.796276,61.914764,52.098942,88.169998,26.235447
2008-01-23,95.344818,23.121151,39.724796,30.022512,59.320236,54.671402,61.885151,52.167099,87.889999,28.724081
2008-01-24,96.149681,23.090199,41.117725,30.605600,59.170654,53.575607,61.692593,51.724136,90.080002,28.049593
2008-01-25,94.760727,22.958624,40.521584,30.140032,59.274223,54.478367,61.855522,52.283924,90.300003,27.886799
2008-01-28,96.327736,23.388155,40.974430,30.885845,59.389320,54.273949,61.825909,52.269310,91.750000,28.831074
2008-01-29,96.804977,23.581635,41.220921,30.734421,59.205177,53.904861,61.788883,52.181648,91.150002,28.570574
2008-01-30,96.092712,23.272064,41.031746,30.329876,59.297226,53.552879,61.833271,52.171978,92.059998,27.807713
2008-01-31,97.844902,23.802212,41.467396,30.937834,59.556141,53.933277,61.892570,52.342312,91.400002,28.365910
2008-02-01,99.418999,24.467793,42.161011,31.554823,59.495449,54.257484,61.960175,52.564320,89.349998,29.552084
2008-02-04,98.165421,24.220123,41.731091,31.652002,59.460861,53.699104,61.967617,52.422527,89.099998,29.245087
2008-02-05,95.537132,23.616468,39.816494,29.947922,59.645660,54.109291,62.108704,52.603458,87.680000,28.212400
2008-02-06,94.767891,23.295298,39.782104,29.457487,59.599514,53.944077,62.131012,52.319820,88.949997,27.751886
2008-02-07,95.394661,23.608721,39.581482,29.956964,59.073776,52.781799,62.049294,51.718323,89.849998,28.407782
2008-02-08,94.782112,23.523598,39.174484,29.900467,59.356861,53.385723,62.160679,51.913933,91.000000,27.500696
2008-02-11,95.266472,23.585514,39.380840,30.271109,59.483967,53.607960,62.182987,52.070419,91.330002,26.942505
2008-02-12,96.149681,23.844778,40.229233,30.759293,59.460861,53.288898,62.205273,51.997063,89.330002,27.710030
2008-02-13,97.132629,24.231750,40.504375,31.450850,59.108456,52.724865,62.227531,51.473808,89.440002,27.928656
2008-02-14,96.277893,23.713207,40.320946,31.046310,58.923573,51.950016,62.182987,51.361370,89.709999,27.407665
2008-02-15,96.256531,23.686110,40.469982,31.267792,58.894672,52.348812,62.116165,51.527588,89.150002,27.630945
2008-02-19,96.527222,23.624214,40.865524,31.676868,58.611649,51.818943,62.071621,51.019009,91.580002,27.561169
2008-02-20,96.812096,23.937645,40.653419,31.941290,58.519207,52.177902,61.997288,51.131527,93.239998,27.733280
2008-02-21,96.007225,23.806080,40.578899,31.493803,58.998669,52.730564,62.168137,51.483582,93.250000,26.979708
2008-02-22,96.598389,23.539078,41.094799,31.916431,58.686749,52.428555,62.101307,51.283112,93.389999,27.742584
2008-02-25,97.816391,24.018908,41.748283,32.510822,58.478775,51.892986,62.004749,50.955463,92.739998,28.589180
2008-02-26,98.550011,24.282045,42.367363,32.940228,58.761768,51.910099,62.093842,51.322220,93.709999,28.584541
2008-02-27,98.450325,24.289789,42.504955,33.218204,58.883152,51.955650,62.168137,51.273319,94.779999,28.449640
2008-02-28,97.488754,23.871864,42.097961,32.861137,59.235550,52.878674,62.316711,51.644966,95.989998,27.863523
2008-02-29,95.316330,23.237236,41.043213,31.554823,59.460861,53.687744,62.532101,51.972607,96.180000,27.463486
2008-03-03,95.088402,23.206291,41.163593,31.726585,59.450947,53.549290,62.534340,51.971596,97.239998,27.654205
2008-03-04,94.725136,23.066978,40.538765,30.989801,59.195827,53.028950,62.519440,51.667152,95.180000,27.393705
2008-03-05,95.323433,23.248859,41.026005,31.640703,58.818977,52.394161,62.482265,51.303764,97.720001,27.770500
2008-03-06,93.350456,22.594881,40.441322,30.555868,58.731945,52.674397,62.668282,51.235039,96.500000,26.505238
2008-03-07,92.388870,22.443960,39.965546,30.133251,58.911728,52.743019,62.638561,51.126987,96.089996,26.937849
2008-03-10,91.170868,22.010567,39.764915,29.604399,59.224808,53.520729,62.705490,51.117088,95.870003,26.556412
2008-03-11,94.447334,22.827066,41.020290,31.595505,58.865330,53.063251,62.392944,50.532757,95.989998,28.282187
2008-03-12,93.564148,22.606487,41.020290,31.010160,59.468304,54.086864,62.593830,51.141659,97.010002,27.686766
2008-03-13,93.770676,23.144373,41.089062,30.727629,59.213200,53.663704,62.564095,50.586765,98.339996,28.012377
2008-03-14,92.317673,22.575539,40.097378,29.638311,59.462589,54.327084,62.750134,50.557304,98.709999,27.444881
2008-03-17,91.384590,22.153746,39.489758,28.906040,59.717663,54.744534,62.891548,50.969822,99.169998,27.612341
2008-03-18,95.180984,23.171457,40.699265,30.408978,59.578522,54.532921,62.668282,50.876503,96.500000,28.826424
2008-03-19,92.823418,22.563925,39.226078,28.582853,59.758331,55.436462,62.735298,51.097530,93.040001,28.607796
2008-03-20,94.542694,23.090199,39.816494,29.064255,59.967026,55.573761,62.660847,51.367622,89.910004,29.561386
2008-03-24,96.432426,23.806080,40.544498,30.178450,59.526352,54.498604,62.400375,51.269337,90.099998,30.226585
2008-03-25,96.525452,23.931610,41.134930,30.641754,59.636501,54.727379,62.445045,51.500202,92.730003,30.303923
2008-03-26,95.344398,23.776627,41.134930,30.393156,59.462589,54.498604,62.579018,51.564053,93.800003,29.722694
2008-03-27,95.043785,23.420200,41.100533,30.246250,59.485775,54.115406,62.645992,51.249752,93.459999,29.478939
2008-03-28,94.134705,23.129623,41.066132,30.191998,59.630745,54.641609,62.675713,51.524742,91.879997,29.132082
2008-03-31,94.464005,23.218729,41.215176,30.370556,59.537945,54.835999,62.690651,51.662251,90.410004,29.244564
2008-04-01,97.785286,24.098202,42.516411,31.536737,59.133343,53.943573,62.463886,51.579842,86.860001,30.908585
2008-04-02,97.849716,24.195061,42.608128,31.559340,59.162453,54.058426,62.411674,51.668674,89.269997,30.758593
2008-04-03,98.093071,24.152447,42.734241,31.943542,59.348751,54.179024,62.366951,51.693356,89.419998,31.461702
2008-04-04,97.985725,24.206682,42.877541,31.814735,59.651451,54.672951,62.478802,52.320076,90.250000,30.964830
2008-04-07,98.035843,24.082706,43.141232,32.237358,59.645622,54.385773,62.359455,52.379257,91.169998,30.678915
2008-04-08,97.935608,24.051712,42.688389,32.061073,59.639839,54.196304,62.396793,52.191788,90.349998,30.636726
2008-04-09,97.226974,23.683649,42.338711,31.561596,59.901772,54.759075,62.516083,52.038799,92.290001,29.868002
2008-04-10,97.362953,23.854120,42.206867,32.013615,59.715477,54.575291,62.493694,52.088123,91.769997,30.158609
2008-04-11,95.473267,23.315598,41.639374,31.491547,59.843609,54.942833,62.598137,52.137497,91.300003,29.788309
2008-04-14,95.151100,23.191624,41.731091,31.416956,59.773762,54.621208,62.560841,51.816692,91.110001,29.614880
2008-04-15,95.373070,23.315598,42.023434,31.785347,59.453522,53.943573,62.478802,51.708187,91.660004,29.914864
2008-04-16,97.957108,24.020720,43.347584,32.725533,59.238091,53.415237,62.344589,51.412045,93.269997,31.128897
2008-04-17,98.100258,23.923866,42.866074,32.488220,59.226433,53.323322,62.232754,51.545296,92.559998,31.241405
2008-04-18,99.123825,24.260933,43.169884,32.978653,59.383694,53.277439,62.195446,51.772308,90.620003,31.063272
2008-04-21,99.173943,24.179560,43.508087,33.145901,59.389500,53.489887,62.135773,51.604500,90.250000,30.833597
2008-04-22,98.737305,23.784388,43.055241,32.838535,59.476776,53.673660,62.158150,51.491024,90.269997,30.758593
2008-04-23,98.579857,23.838627,43.278812,33.310883,59.418606,53.495609,62.158150,51.648945,89.220001,31.142958
2008-04-24,99.009315,24.160191,42.997921,32.883732,59.197361,53.041924,61.986591,51.579842,87.220001,31.761688
2008-04-25,99.925522,24.415901,43.353321,33.125561,59.139126,52.731796,61.994049,51.604500,87.269997,31.939816
2008-04-28,99.947006,24.570866,43.605549,33.062263,59.284695,52.892616,62.061192,51.851250,87.690002,31.897629
2008-04-29,99.553307,24.350033,43.221478,32.476921,59.371983,53.093586,62.046265,52.014103,85.809998,31.550772
2008-04-30,98.966316,24.245422,43.456509,33.145901,59.732979,53.472633,62.165630,52.305222,86.650002,31.110149
2008-05-01,101.013527,24.601860,43.720188,33.498463,59.631321,53.476097,62.055023,52.614079,83.989998,31.780447
2008-05-02,101.292679,24.597984,43.840572,33.819393,59.532066,52.801762,61.972816,52.306755,84.580002,31.752314
2008-05-05,100.805923,24.477880,43.915085,33.794529,59.555416,52.801762,62.040070,52.381134,86.269997,31.663265
2008-05-06,101.679245,24.543745,44.241833,34.171963,59.362690,52.421337,62.077438,52.044056,86.629997,31.883558
2008-05-07,99.868279,24.222183,43.467972,33.154942,59.532066,52.646111,62.152126,52.182831,85.820000,31.016399
2008-05-08,99.610603,24.268671,43.846294,33.496201,59.683937,53.118774,62.204456,52.415810,87.239998,30.828909
2008-05-09,99.424492,24.303545,43.496620,33.222740,59.707237,53.314705,62.226891,52.415810,87.419998,30.660170
2008-05-12,100.541145,24.551498,43.932281,33.649887,59.602203,53.234016,62.107319,52.366257,86.989998,31.396088
2008-05-13,100.555450,24.845943,43.783245,33.810356,59.263397,52.651890,62.002670,52.068832,85.389999,31.522638
2008-05-14,100.763000,24.845943,43.783245,33.891712,59.350998,52.674984,61.957897,52.098595,85.199997,31.719521
2008-05-15,102.022835,25.140398,44.528446,34.612663,59.666363,53.153347,62.010220,52.445511,87.000000,32.103863
2008-05-16,102.115868,25.155886,45.009960,35.053387,59.520378,52.934303,62.025105,52.376175,89.099998,31.935114
2008-05-19,102.395020,24.997042,44.826523,35.060158,59.619675,53.003487,62.092316,52.386032,89.389999,31.986698
2008-05-20,101.564674,24.935057,44.413788,34.452209,59.748184,53.280148,62.182034,52.405910,90.900002,31.555452
2008-05-21,99.846786,24.609612,43.909374,34.101906,59.666363,53.291679,62.114773,52.177887,91.959999,30.796095
2008-05-22,99.861107,24.791700,44.419537,34.201332,59.310131,52.663437,61.942886,51.602913,90.980003,30.533594
2008-05-23,98.522568,24.551498,43.915085,33.604691,59.537930,52.893967,62.062496,51.840832,91.230003,30.388292
2008-05-27,99.252693,24.869194,43.829105,33.550442,59.204994,52.536617,61.995285,51.528618,89.360001,30.805477
2008-05-28,99.710846,24.997042,43.823372,34.002464,58.930508,52.069771,61.883175,51.196503,89.139999,30.857044
2008-05-29,100.211830,25.124899,43.725925,34.077038,58.766983,51.695122,61.860744,50.948647,86.510002,31.189827
2008-05-30,100.462379,25.252754,43.972408,34.194546,58.977219,52.035206,61.950401,51.151890,87.449997,31.044527
2008-06-02,99.424492,25.093903,43.513836,33.787762,59.196480,52.235909,62.072548,51.327644,87.959999,30.524218
2008-06-03,98.844650,25.031916,43.422115,33.177525,59.307907,52.611916,62.162476,51.526825,86.879997,30.725792
2008-06-04,98.794556,25.132645,43.169884,32.888260,59.096867,52.143330,62.139977,51.367466,86.650002,30.885149
2008-06-05,100.770157,25.783525,43.886421,33.934658,58.879883,51.830971,62.057568,51.093616,86.449997,31.592953
2008-06-06,97.556206,24.923435,42.625340,32.705185,59.208218,52.502007,62.139977,51.347542,89.059998,30.271109
2008-06-09,97.792419,24.904057,42.568001,32.621567,58.909214,52.502007,61.825283,51.302761,87.989998,29.671122
2008-06-10,97.305717,24.795580,41.845734,31.868959,58.598423,52.160671,61.682903,51.008976,85.550003,29.685192
2008-06-11,95.874115,24.291920,41.312626,31.392096,58.674679,52.039215,61.787884,50.989033,87.019997,29.235201
2008-06-12,96.239166,24.326792,41.169319,31.575151,58.311111,51.518578,61.488144,50.555817,85.599998,29.535187
2008-06-13,97.456024,24.811073,41.547649,31.916431,58.164528,51.408691,61.555588,50.291916,85.830002,30.027363
2008-06-16,97.513252,25.062910,41.759750,32.024914,58.229065,51.420250,61.593010,50.471210,87.010002,30.425814
2008-06-17,97.040863,24.931185,41.885860,32.160519,58.428413,51.524387,61.712894,50.635506,87.250000,29.563322
2008-06-18,96.096001,24.795580,41.541924,32.004574,58.674679,51.958214,61.772812,50.889481,88.279999,29.127378
2008-06-19,96.217697,24.989300,41.461670,32.054295,58.375610,51.651642,61.652962,50.625587,88.419998,29.802366
2008-06-20,94.655899,24.566998,40.555954,31.007891,58.551533,51.952431,61.765381,50.655392,88.949997,29.132082
2008-06-23,94.562408,24.373281,40.550228,31.098293,58.475315,52.062363,61.697926,50.635506,87.089996,28.410223
2008-06-24,94.375359,23.987213,40.366806,30.960421,58.592579,52.409439,61.810299,50.605640,87.470001,28.428259
2008-06-25,94.821373,24.297928,40.797852,31.580381,58.621883,52.432587,61.855194,50.645451,87.419998,28.893766
2008-06-26,92.245987,23.758062,39.764042,30.496836,58.698135,52.785450,62.035053,50.685326,90.610001,27.929525
2008-06-27,91.742432,23.563868,39.869171,30.791727,58.838860,53.404400,62.065025,50.635506,91.470001,27.711033
2008-06-30,92.066147,23.369669,40.108643,31.024895,58.868153,53.415981,62.102520,50.491146,91.400002,27.749033
2008-07-01,92.353905,23.377441,39.676434,30.471697,58.664536,53.289383,62.086712,50.468090,92.660004,27.725275
2008-07-02,90.771255,22.763771,39.045624,29.603031,58.593864,53.568111,62.094261,50.433105,93.169998,27.383284
2008-07-03,90.864830,22.530731,39.296772,29.518448,58.611561,53.452003,62.199348,50.368103,92.059998,27.103033
2008-07-07,89.936783,22.375380,38.958008,29.413303,58.817516,53.695805,62.236958,50.603138,91.230003,26.495052
2008-07-08,91.533821,23.097790,39.162437,29.774483,59.047123,54.044136,62.244457,50.878155,90.860001,28.471020
2008-07-09,89.771347,22.441410,38.654289,29.173273,59.276615,54.282169,62.349617,50.913208,91.500000,26.528296
2008-07-10,90.138176,22.678329,38.987213,29.701332,59.329590,54.276352,62.274532,50.623123,93.529999,27.041290
2008-07-11,89.087921,22.674448,38.373936,29.502459,58.994106,53.504234,62.146854,50.233093,95.160004,26.908295
2008-07-14,88.282242,22.456947,38.292168,29.465874,59.082424,53.974476,62.289555,50.258076,95.910004,25.972565
2008-07-15,87.037659,22.243322,37.678871,28.974392,59.311966,53.957062,62.379677,50.248077,96.169998,25.720821
2008-07-16,89.174225,23.043417,38.373936,29.811052,58.858780,52.981747,62.319588,49.853020,94.440002,27.597023
2008-07-17,90.066292,23.392967,38.958008,29.950481,58.599754,52.708847,62.229439,49.682961,94.220001,27.929525
2008-07-18,90.627396,23.319174,39.209156,29.692181,58.258362,52.511467,62.116730,49.592964,94.169998,27.977020
2008-07-21,90.677742,23.443468,39.436939,30.060215,58.564434,52.714672,62.146854,49.647976,95.120003,28.186018
2008-07-22,91.706474,24.018286,39.571301,30.078505,58.364323,52.453426,62.094261,49.968014,93.059998,28.941254
2008-07-23,92.202835,24.177532,39.717316,30.121937,58.434986,52.348885,62.064163,49.793022,90.570000,29.758255
2008-07-24,90.289261,23.571634,38.993065,29.008688,58.841091,52.859837,62.236958,50.233093,91.330002,27.787029
2008-07-25,90.267708,23.738651,39.074818,29.207558,58.540966,52.331470,62.154343,49.968014,91.690002,28.243010
2008-07-28,88.944023,23.358015,38.420650,28.713799,58.805759,52.859837,62.282051,50.258076,91.730003,27.782288
2008-07-29,90.843231,23.948374,38.800304,30.304819,58.735207,52.644997,62.229439,50.133045,90.589996,29.074247
2008-07-30,92.461815,24.014402,39.162437,29.989351,58.799889,52.697239,62.244457,50.373028,89.519997,28.974508
2008-07-31,91.238884,23.812443,38.776939,29.317291,59.100086,53.219730,62.372139,50.688164,90.080002,28.613506
2008-08-01,90.756889,23.956144,38.198708,29.118412,59.030338,53.337456,62.384228,50.505295,89.570000,28.637259
2008-08-04,89.915176,23.653202,37.836578,28.226889,58.858940,53.215103,62.376709,50.510334,88.139999,28.219263
2008-08-05,92.339523,24.243551,38.794468,28.590357,58.758488,52.818863,62.346558,50.289227,86.080002,29.487494
2008-08-06,92.749557,24.360077,38.806149,29.159563,58.693512,52.603298,62.354122,50.364620,86.639999,29.344990
2008-08-07,91.368362,24.092085,38.029320,28.158312,59.000790,53.459808,62.489746,50.781582,86.089996,28.570763
2008-08-08,93.066086,24.740704,38.187016,28.226889,58.912140,53.605446,62.436962,50.831810,84.430000,29.402000
2008-08-11,94.030052,25.358246,38.151985,27.931993,58.764389,53.092712,62.354122,50.600700,81.129997,30.351988
2008-08-12,93.051704,25.160166,37.877468,27.698832,59.012592,53.588020,62.467125,50.907196,80.519997,29.672741
2008-08-13,92.490585,25.206766,37.281704,27.691975,58.912140,53.401546,62.459602,50.640915,81.559998,29.240509
2008-08-14,93.188408,25.373785,37.135681,28.055447,59.053940,53.745293,62.482243,50.786591,79.349998,29.710741
2008-08-15,93.641617,25.428158,36.890373,27.616545,59.225311,54.211445,62.527435,50.902145,77.629997,29.667990
2008-08-18,92.361115,24.977619,36.703465,27.150211,59.325809,54.427067,62.580189,50.922287,78.800003,29.259499
2008-08-19,91.353966,24.569813,36.288769,26.923899,59.278534,54.217274,62.625408,50.841885,80.430000,28.537518
2008-08-20,91.778389,24.620300,36.504883,27.609686,59.373081,54.368732,62.708290,50.846901,80.059998,28.580259
2008-08-21,91.936638,24.426098,36.650898,27.568539,59.384918,54.269726,62.655533,50.545456,82.300003,28.072012
2008-08-22,93.267494,24.849453,36.820282,27.547966,59.319931,54.234753,62.542542,50.565563,81.080002,29.026766
2008-08-25,91.375549,24.398912,36.242043,26.978762,59.503109,54.776642,62.647999,50.892105,80.930000,28.148027
2008-08-26,91.641724,24.441639,36.423100,27.026766,59.432217,54.823227,62.625408,50.952404,81.230003,28.480518
2008-08-27,92.533745,24.697981,36.767723,27.602823,59.503109,54.916447,62.663044,50.872028,81.360001,28.765507
2008-08-28,93.655998,25.086365,37.240814,27.794851,59.556282,54.922318,62.632946,50.861980,82.180000,29.497002
2008-08-29,92.648827,24.833916,37.129848,27.465664,59.538567,54.677570,62.663044,50.761517,81.709999,29.292747
2008-09-02,92.073318,24.958204,36.557453,26.635878,59.736717,55.186378,62.742458,50.961861,79.199997,29.482752
2008-09-03,91.994186,25.024233,36.405590,26.196972,59.724823,55.420235,62.765125,51.062771,78.889999,29.948242
2008-09-04,89.224586,24.251322,34.846104,24.989988,59.944355,55.864681,62.802925,51.077930,78.389999,29.107504
2008-09-05,89.505165,24.231897,34.717598,25.346592,59.766354,55.835499,62.780220,51.027489,78.980003,29.112253
2008-09-08,91.353966,24.814503,35.494431,25.662054,60.140099,56.069359,62.749977,51.113216,78.860001,30.370989
2008-09-09,88.641884,23.998871,34.343788,24.221909,60.407108,56.624931,62.848209,51.289883,76.489998,29.235743
2008-09-10,89.001595,24.270739,34.676720,24.612803,60.365582,56.274017,62.863365,51.269714,74.220001,29.288004
2008-09-11,90.289261,24.464945,34.600792,24.249344,60.288448,56.244827,62.840660,50.871006,73.080002,29.734495
2008-09-12,90.706535,24.523197,35.278309,25.058559,60.045219,55.519676,62.848209,50.482437,75.550003,29.639502
2008-09-15,86.390236,23.610477,33.777237,23.090359,60.282562,57.320847,63.294159,50.108955,77.559998,27.929525
2008-09-16,87.836197,24.305695,33.526096,23.289236,59.671432,57.309135,63.180752,46.929508,76.790001,29.306997
2008-09-17,83.886795,23.284210,32.246948,21.636497,59.819763,57.595665,63.483063,44.779613,85.459999,27.620773
2008-09-18,86.375870,24.655251,33.712994,23.460691,59.653648,56.753605,63.279034,45.390282,82.800003,29.967245
2008-09-19,89.806190,25.292221,36.101871,26.382135,59.920620,54.952412,62.923809,46.808376,85.980003,30.860231
2008-09-22,87.773018,24.546497,34.869465,24.660810,58.983273,54.946598,62.969193,47.085957,89.180000,28.266762
2008-09-23,85.776054,24.239662,34.378849,23.892733,58.894245,54.736038,63.014503,46.601490,88.320000,28.456755
2008-09-24,86.050987,23.793015,34.478130,24.167049,58.965458,54.975826,63.150547,46.480354,86.709999,28.260439
2008-09-25,87.396774,23.925068,35.272472,25.408312,58.858654,54.864723,63.037163,46.682251,86.449997,28.611696
2008-09-26,87.440178,24.127623,34.898663,24.544230,58.562042,55.262390,63.037163,45.420555,86.639999,29.497110
2008-09-29,80.588226,22.651302,31.002867,21.677647,58.295078,56.870525,63.399960,41.282211,89.570000,27.293240
2008-09-30,83.923759,23.181068,32.883595,23.433256,58.490860,55.484573,63.150547,45.314590,85.070000,29.256516
2008-10-01,83.974434,23.173271,32.638279,23.714430,58.073860,56.182655,63.347664,45.732826,85.970001,28.549158
2008-10-02,80.928276,21.860546,31.213129,21.636497,58.300224,56.634277,63.484192,45.068668,82.330002,26.706184
2008-10-03,79.835747,21.404799,31.090481,21.067303,58.741009,57.132908,63.658600,45.048401,82.589996,25.551323
2008-10-06,75.769470,20.621838,29.332405,19.483137,58.758831,58.171154,63.787498,44.526241,84.279999,24.786232
2008-10-07,72.376015,19.387028,27.959812,17.967558,57.543774,57.995129,63.802685,45.357666,87.269997,22.659361
2008-10-08,70.552704,18.978012,27.334850,17.967558,56.388268,57.162216,63.529682,45.033222,89.419998,22.346588
2008-10-09,65.625351,17.400404,25.699440,16.643991,56.519325,56.681202,63.567604,43.831703,89.900002,20.575785
2008-10-10,64.033539,18.198944,24.741549,16.836012,52.653690,56.282322,63.666153,41.418560,83.220001,22.543871
2008-10-13,73.331093,19.577888,28.672386,20.669546,54.690678,55.560875,63.385593,43.699909,81.989998,23.977818
2008-10-14,72.245773,19.242889,28.082483,19.640869,55.840282,55.203007,63.400772,43.015488,82.199997,22.346588
2008-10-15,65.133362,17.486101,25.086153,16.465683,56.733715,55.730953,63.613132,43.015488,83.309998,19.478666
2008-10-16,67.846642,18.452141,26.563868,17.274916,55.840282,55.443501,63.575195,43.466690,79.290001,20.609480
2008-10-17,67.441460,17.969128,25.997318,16.733137,56.042801,55.062229,63.620697,43.096596,77.209999,20.388126
2008-10-20,71.493294,18.802711,27.656099,17.905838,57.043430,55.502174,63.575195,44.409664,78.500000,20.537306
2008-10-21,69.358826,18.420979,26.096605,16.479403,57.543774,55.795456,63.704109,44.850662,76.029999,19.834761
2008-10-22,65.581985,17.341978,24.192513,14.744368,58.210884,56.927601,63.795040,44.333611,71.709999,18.434488
2008-10-23,66.341713,16.847267,24.724022,15.155836,57.186432,57.349922,63.757137,44.612400,70.650002,17.953295
2008-10-24,62.977192,16.072098,23.123646,13.592249,56.703968,56.739895,63.810242,44.789864,72.209999,16.933165
2008-10-27,60.741474,15.639722,21.908764,13.235641,56.138077,56.780945,63.651001,44.500889,72.180000,15.970779
2008-10-28,67.839401,16.668083,24.928453,16.006207,56.334686,55.953854,63.726795,44.206837,73.790001,18.468164
2008-10-29,67.347412,17.006977,24.986856,15.498729,57.406776,55.672306,63.764748,44.952080,74.000000,17.813744
2008-10-30,69.677223,17.762665,25.862974,17.590374,57.335297,55.167858,63.817780,44.617493,72.709999,18.766502
2008-10-31,70.060669,18.600161,26.032362,17.439503,57.156605,54.452240,63.848156,44.434971,71.339996,19.974298
2008-11-03,70.263283,18.475515,26.137489,17.281771,56.247463,54.599442,63.967655,44.799248,71.099998,19.319878
2008-11-04,72.650955,18.763771,27.930607,18.859077,57.150585,55.624199,63.944790,45.104942,75.480003,20.402569
2008-11-05,69.597633,17.786039,26.412004,16.458828,58.017929,56.283764,64.058990,45.981304,72.800003,18.395994
2008-11-06,65.741135,17.112148,24.706501,15.629029,57.778694,55.877399,64.081848,46.297157,72.220001,17.534655
2008-11-07,67.911766,17.369244,26.102444,16.897734,58.071747,55.512276,63.967655,45.971088,72.500000,18.646219
2008-11-10,67.021805,16.987507,25.711107,17.055458,57.700890,55.783237,64.165619,45.991467,73.580002,16.976475
2008-11-11,64.952461,16.613558,24.864204,15.992495,58.137543,55.948090,64.211243,46.139225,72.050003,16.740690
2008-11-12,62.094490,15.678669,23.526653,14.806094,57.635136,56.307350,64.310249,46.129032,70.000000,15.542521
2008-11-13,65.965424,16.878437,25.530058,16.856586,57.832527,54.958679,64.150368,45.813141,72.150002,17.250751
2008-11-14,62.673325,15.717631,24.064020,15.238132,58.005974,56.048187,64.135094,45.802990,73.300003,15.306735
2008-11-17,61.841240,15.581289,23.625957,14.984393,58.161457,56.295536,64.249321,46.134136,72.650002,14.753367
2008-11-18,63.006142,15.554026,23.666849,14.764936,58.077732,57.019936,64.317856,46.190170,72.510002,14.613814
2008-11-19,58.968765,14.295834,22.083988,13.489381,58.245178,58.480476,64.409187,46.261501,72.260002,12.650558
2008-11-20,54.591312,13.372644,20.869108,12.522426,58.257164,61.501713,64.530983,45.757095,73.449997,11.649676
2008-11-21,57.536167,14.104962,22.352665,14.326036,57.790596,60.612419,64.424423,46.286991,78.849998,12.506195
2008-11-24,61.522881,15.113851,23.690203,15.196985,57.784637,59.664223,64.264542,46.083183,80.910004,14.633066
2008-11-25,61.978733,15.339776,24.122423,14.908951,59.226147,61.419262,64.317856,46.302258,80.870003,14.864034
2008-11-26,64.373650,16.118853,24.385258,16.047354,58.998856,61.501713,64.515816,46.057724,80.379997,15.667629
2008-11-28,65.183975,16.395416,24.373581,15.738753,58.885208,62.261391,64.553856,45.925255,80.309998,15.436655
2008-12-01,59.410130,14.665890,22.381872,14.223168,59.715801,64.645744,64.659996,46.643135,75.650002,12.424390
2008-12-02,61.696537,15.324202,23.596750,15.121550,59.775875,64.893875,64.652313,46.996460,76.949997,14.074883
2008-12-03,63.179787,15.830584,23.912153,15.244992,59.781879,65.077080,64.705826,47.324173,76.180000,14.864034
2008-12-04,61.718243,15.351467,23.176210,14.593496,59.980080,66.359375,64.721100,47.370266,75.500000,14.455026
2008-12-05,63.621143,15.896813,23.468262,15.457586,59.649723,65.283913,64.644714,47.047630,74.519997,15.985216
2008-12-08,65.842422,16.551226,24.583845,16.445110,59.571655,65.142090,64.553101,47.534096,76.199997,17.476912
2008-12-09,64.757118,16.111044,24.356056,16.218801,60.130219,66.430244,64.751633,47.856724,76.330002,15.961158
2008-12-10,65.198471,16.473322,24.998545,17.185760,60.022083,66.270737,64.667671,47.969379,79.750000,17.332561
2008-12-11,63.628380,15.608556,24.887564,16.746853,60.334366,66.400719,64.820389,48.133194,80.650002,14.859225
2008-12-12,64.388107,16.165588,25.132875,16.980024,60.352444,66.400719,64.850937,48.394386,80.809998,16.413479
2008-12-15,63.490936,15.686464,25.197136,16.753712,60.496597,67.157120,64.896759,48.379051,82.599998,15.840853
2008-12-16,66.479164,16.578495,26.645639,18.090996,60.736767,68.817543,64.927345,49.372421,84.459999,17.780071
2008-12-17,65.835182,16.882326,26.511301,17.775532,61.061108,70.684837,64.789848,50.104645,85.430000,18.107281
2008-12-18,64.605186,16.633024,25.699440,17.384644,61.445454,72.168022,64.820389,51.318211,83.870003,16.601145
2008-12-19,64.327263,16.707043,25.325634,17.446356,61.247280,72.244858,64.759338,50.555256,82.629997,17.765623
2008-12-22,63.503014,16.535637,25.150400,16.794861,61.577629,71.689384,64.637093,51.164570,83.459999,17.096764
2008-12-23,62.846535,16.227913,24.961708,16.655783,62.178162,71.594810,64.652313,51.333599,82.629997,17.000536
2008-12-24,63.211250,16.325884,25.292961,16.774004,62.472496,71.441177,64.667671,51.461578,83.459999,17.200716
2008-12-26,63.575916,16.580612,25.411264,16.718367,62.262253,71.677612,64.744003,51.558887,85.599998,17.447855
2008-12-29,63.393616,16.267101,25.417171,16.690546,62.742069,71.591599,64.886627,51.719357,86.349998,16.444473
2008-12-30,64.896210,16.819664,26.180214,17.135632,62.766224,72.273476,64.947998,52.171814,85.900002,17.101858
2008-12-31,65.822563,17.231138,26.535128,17.365124,62.808350,70.761551,64.917244,52.269527,86.519997,18.016266
2009-01-02,67.806549,17.521124,26.878199,18.192696,62.416611,68.982826,64.572250,51.734734,86.230003,17.442907
2009-01-05,67.726318,17.501537,26.446392,18.429146,63.411167,67.204185,64.702599,52.089508,84.480003,17.121632
2009-01-06,68.178581,17.701397,26.730328,18.846411,63.055511,66.528236,64.733269,52.176941,85.129997,17.976723
2009-01-07,66.136215,17.133160,26.268955,17.761520,62.476841,66.789185,64.687248,51.739880,82.750000,17.373713
2009-01-08,66.406082,17.207623,26.659336,17.685030,62.000687,66.735779,64.702599,52.110092,84.459999,17.245195
2009-01-09,64.983734,16.568848,25.736582,17.302532,61.789696,66.836647,64.748619,52.758022,83.919998,16.360443
2009-01-12,63.422798,16.098589,25.115501,16.572321,62.115173,67.530289,64.763962,52.485458,80.760002,15.401559
2009-01-13,63.539478,16.239672,24.654127,16.621000,62.217640,67.601402,64.771614,52.372353,80.879997,15.866174
2009-01-14,61.540894,15.577384,23.642643,15.814296,62.133278,68.716072,64.848289,52.140957,79.790001,15.035795
2009-01-15,61.562759,15.800752,23.855593,15.995104,62.127258,68.828697,64.779259,52.243793,80.389999,15.530074
2009-01-16,62.044193,16.012381,23.997553,16.168968,62.446709,67.767395,64.809967,52.243793,82.709999,16.118258
2009-01-20,58.769089,14.942538,22.240759,14.965858,62.121231,67.755569,64.840591,51.472481,84.519997,14.314162
2009-01-21,61.307495,15.581305,23.329138,15.779524,61.795670,65.615242,64.740974,51.215385,84.150002,15.811804
2009-01-22,60.359234,15.142394,22.784960,15.257945,61.530487,64.352394,64.771614,51.025116,84.580002,14.946834
2009-01-23,60.621822,15.220772,22.625248,15.452666,61.434067,63.848408,64.756241,50.685734,88.529999,15.401559
2009-01-26,61.037601,15.377524,23.068882,15.633478,61.373798,63.291096,64.671913,50.233234,88.949997,15.312590
2009-01-27,61.657593,15.557787,23.518429,15.911652,61.687191,64.779243,64.740974,51.179398,88.379997,15.530074
2009-01-28,63.743721,16.180885,24.210491,16.718367,61.723373,63.160660,64.717911,51.585648,87.419998,16.874491
2009-01-29,61.672176,15.510768,23.110283,15.869926,61.174877,61.708099,64.595276,50.968578,89.500000,15.495472
2009-01-30,60.417580,15.216853,22.891428,15.751704,61.560696,61.512444,64.633553,51.328491,91.309998,14.857865
2009-02-02,60.235249,15.287395,22.666655,15.591755,61.455368,62.656914,64.693504,51.080986,88.839996,15.218683
2009-02-03,61.081345,15.346171,23.317308,16.057697,61.183193,61.164627,64.624413,50.910477,88.470001,15.065451
2009-02-04,60.782303,15.275629,23.199007,16.175924,61.098484,60.950638,64.516838,50.931114,89.180000,14.699694
2009-02-05,61.686771,15.436313,23.530258,16.516687,60.904873,61.004166,64.532204,50.486679,90.120003,14.388303
2009-02-06,63.444656,16.063320,24.074451,17.344259,61.068245,60.813828,64.493790,50.786442,89.589996,15.386732
2009-02-09,63.532223,15.898726,24.068523,17.253853,61.074299,61.010048,64.470741,50.879459,88.320000,15.614100
2009-02-10,60.621822,15.220772,22.873688,16.210693,61.449348,62.335876,64.616638,51.127476,90.209999,14.225188
2009-02-11,60.979233,15.212933,23.122114,16.697504,61.437206,63.144436,64.601364,51.303185,92.290001,14.497038
2009-02-12,61.023029,15.330497,23.051126,16.593180,61.763878,62.549896,64.678131,51.344559,93.169998,14.249902
2009-02-13,60.366516,15.169828,22.802702,16.676638,61.576347,60.885227,64.555267,50.951763,92.550003,13.375043
2009-02-17,57.784386,14.546730,21.590105,15.612616,61.624790,62.781788,64.724182,51.230831,95.449997,12.426029
2009-02-18,57.645790,14.405651,21.572363,15.501345,61.497719,62.246708,64.616638,50.977627,96.910004,12.603979
2009-02-19,57.025803,14.256735,21.542780,15.355305,61.400875,61.188400,64.593643,50.559052,95.769997,12.060271
2009-02-20,56.471447,14.143095,21.229290,14.965858,61.086369,61.782940,64.647469,50.347237,97.800003,12.821449
2009-02-23,54.450981,13.516078,20.418911,14.597273,61.400875,62.353676,64.639709,50.176670,97.730003,11.857619
2009-02-24,56.515228,14.021605,21.270689,15.397032,61.279976,62.288311,64.593643,49.995834,94.730003,12.860992
2009-02-25,56.070263,13.692426,20.685095,15.132764,61.225536,61.568920,64.470741,49.313675,93.150002,12.613856
2009-02-26,55.158482,13.480803,20.513561,15.000630,60.904873,60.920876,64.501480,48.998466,93.059998,11.966363
2009-02-27,53.925770,13.418104,20.513561,14.764176,60.910919,60.570126,64.539879,48.657452,92.629997,11.808194
2009-03-02,51.496826,12.653930,19.336452,13.867059,61.115513,61.572853,64.685310,48.663643,90.930000,11.071724
2009-03-03,51.110218,12.442316,19.259558,14.061785,61.036568,61.161530,64.631439,48.398727,90.040001,11.116207
2009-03-04,52.321045,12.685280,20.117243,15.049314,60.751312,60.881344,64.562210,48.383171,88.989998,11.294149
2009-03-05,50.183861,12.070027,19.306881,14.430370,60.951607,62.574505,64.639076,48.253361,91.989998,10.597222
2009-03-06,50.271412,12.030835,19.271387,14.673769,61.115513,62.157162,64.592949,48.357212,92.290001,10.453885
2009-03-09,49.680580,11.799626,18.750858,14.388648,60.696724,61.793446,64.531395,47.027512,90.570000,10.686191
2009-03-10,52.642002,12.516774,20.010775,15.556980,60.836300,60.607098,64.492996,47.707905,88.139999,12.173955
2009-03-11,52.984825,12.563795,20.123163,15.556980,60.981937,61.262875,64.523743,47.723488,89.220001,11.976244
2009-03-12,55.070950,13.233921,20.578621,16.155060,61.036568,61.555000,64.546822,47.681950,91.099998,12.954902
2009-03-13,55.501297,13.410268,20.714668,16.245474,61.097305,61.245003,64.600670,48.123459,91.300003,12.678111
2009-03-16,55.333546,13.233921,20.939444,16.259375,60.909119,60.279198,64.516045,48.190964,90.800003,11.679676
2009-03-17,57.025803,13.782554,21.489553,16.614050,60.727047,59.951305,64.500664,48.061153,90.040001,12.564428
2009-03-18,58.302265,14.237144,22.104723,16.961769,61.692055,62.222721,64.746811,49.084396,93.089996,13.251472
2009-03-19,57.580154,14.072551,22.092886,16.850498,61.843716,62.300266,64.669907,49.188259,94.349998,12.440860
2009-03-20,56.354034,13.578780,21.785307,16.621000,61.497837,61.954437,64.746811,48.689613,93.589996,11.368290
2009-03-23,60.401882,14.719155,23.352806,18.157925,61.497837,61.417850,64.692978,48.840248,92.080002,13.206984
2009-03-24,59.211773,14.205793,22.619329,17.594620,61.079021,62.002148,64.608322,48.357212,90.949997,12.188778
2009-03-25,59.836224,14.498355,22.968323,17.858887,60.812027,61.167515,64.592949,48.123459,91.980003,12.389393
2009-03-26,61.055729,15.135389,23.275908,18.345695,60.933365,61.876953,64.677559,48.372784,91.930000,12.666607
2009-03-27,59.953793,14.667439,22.530605,17.803249,60.981937,62.336010,64.708382,48.523422,90.690002,12.102084
2009-03-30,57.882088,14.238822,21.672916,16.885269,61.267208,62.574505,64.769882,48.487053,89.980003,11.441795
2009-03-31,58.418381,14.309608,22.234852,17.253853,61.582798,63.021557,64.862175,48.886982,90.279999,12.238180
2009-04-01,59.549728,14.620255,22.814528,17.824110,61.552986,63.596779,64.847557,48.813358,91.029999,12.172657
2009-04-02,61.290802,15.328065,23.843754,18.790771,61.358093,62.819527,64.739700,48.829037,88.800003,13.054728
2009-04-03,61.900562,15.622992,23.979809,19.020267,61.157085,61.534058,64.593307,48.526081,87.589996,14.178743
2009-04-06,61.415691,15.390992,23.482937,18.783817,61.144875,61.271000,64.639488,48.499977,85.269997,14.017450
2009-04-07,59.983116,14.820803,22.991982,18.352650,61.047447,61.426445,64.662621,48.479073,86.739998,12.969045
2009-04-08,60.629646,15.088196,23.222675,18.623863,61.248463,61.970486,64.662621,48.964813,86.610001,13.160576
2009-04-09,63.039219,16.008356,23.843754,19.437532,61.157085,61.193264,64.585564,49.293865,86.309998,14.924734
2009-04-13,63.053936,16.055542,24.080357,19.555761,61.601711,61.755295,64.708878,49.769165,87.879997,14.970098
2009-04-14,61.966671,15.548274,23.849674,19.242809,61.589470,62.078140,64.762779,49.899708,87.370003,13.699903
2009-04-15,62.627865,15.811739,24.163166,19.520987,61.759991,61.970486,64.793663,50.286243,87.500000,14.889454
2009-04-16,63.546158,16.248230,24.316959,19.687897,61.650372,61.480286,64.701141,50.500332,85.809998,15.388454
2009-04-17,63.972240,16.452702,24.234154,19.548801,61.309372,60.804638,64.631821,50.437683,85.220001,15.665677
2009-04-20,61.290802,15.650511,23.240417,18.596050,61.662617,61.725384,64.693428,50.160877,86.949997,14.052735
2009-04-21,62.488277,16.189238,23.772774,18.992449,61.467712,61.115562,64.701141,50.317516,86.889999,15.297722
2009-04-22,62.106262,16.303278,23.583494,18.832497,61.632149,60.744881,64.701141,50.192173,87.379997,14.763436
2009-04-23,62.715988,16.216759,24.175003,19.124584,61.711292,60.738873,64.654938,50.150402,88.800003,15.428774
2009-04-24,63.663685,16.499897,24.547649,19.486217,61.778282,60.129013,64.654938,50.260105,89.720001,16.159632
2009-04-27,63.061268,16.334745,24.257814,18.832497,61.875694,60.386086,64.732033,50.197411,89.010002,15.191874
2009-04-28,62.862942,16.385857,24.027128,18.769909,61.857441,59.399616,64.670349,50.035511,87.750000,15.393489
2009-04-29,64.199966,16.956034,24.642300,19.757435,61.601711,58.873508,64.701141,50.275806,88.330002,16.063871
2009-04-30,64.222015,16.897055,24.796080,19.938250,61.900108,58.640247,64.755119,50.244411,87.269997,15.993302
2009-05-01,64.567307,16.967827,25.085932,20.230335,61.661182,58.236748,64.706505,50.369308,86.949997,15.469101
2009-05-04,66.763832,17.577335,26.126982,21.628166,61.710094,58.428616,64.691048,50.490047,88.639999,16.744324
2009-05-05,66.536148,17.463301,25.866718,21.433441,61.838364,58.356701,64.675591,50.652752,88.250000,16.119312
2009-05-06,67.689507,17.510494,26.493725,21.802032,61.978943,58.218723,64.714172,50.878452,89.540001,16.734249
2009-05-07,66.749184,17.207703,26.050083,21.259583,61.703979,56.797436,64.621521,50.390343,89.440002,15.776562
2009-05-08,68.306602,17.746424,27.179873,21.968935,61.820053,56.935390,64.667885,50.710495,89.980003,16.830015
2009-05-11,67.028351,17.404318,26.487804,21.454308,61.862804,57.745007,64.775963,50.862720,89.690002,16.189882
2009-05-12,66.829994,17.129057,26.771736,21.607304,62.205063,57.954845,64.768219,51.004406,90.699997,16.144520
2009-05-13,65.147629,16.319004,25.860809,20.814499,62.259941,58.584534,64.799126,50.909939,91.089996,15.086029
2009-05-14,65.705978,16.507755,26.115154,21.113543,62.296654,58.812450,64.822235,51.025402,91.029999,15.443898
2009-05-15,65.169708,16.444845,25.878546,20.918818,62.437141,58.794407,64.814590,51.014912,91.550003,14.924734
2009-05-18,67.020981,17.034676,26.866365,22.080202,62.253883,57.882881,64.752785,50.941406,90.360001,16.124357
2009-05-19,66.940193,17.011087,27.108891,22.330563,62.308823,57.577034,64.791374,51.146114,90.959999,15.816883
2009-05-20,66.492012,16.889183,27.286345,22.400108,62.498257,58.182720,64.876282,51.440014,92.250000,15.690881
2009-05-21,65.537010,16.613926,27.079313,21.982841,62.302711,56.719479,64.791374,50.915184,93.849998,15.736241
2009-05-22,65.397430,16.433050,27.233114,22.080202,62.137756,56.089779,64.806801,50.846943,94.150002,15.348127
2009-05-26,67.072411,17.270620,27.777306,22.344475,61.997215,55.244236,64.721924,50.825977,93.760002,16.260448
2009-05-27,65.874947,16.900980,27.239016,22.087156,61.655090,54.266693,64.706505,50.474285,93.449997,15.670707
2009-05-28,66.793243,16.904913,27.517035,22.768690,61.679531,55.052269,64.698738,50.663242,94.239998,15.887451
2009-05-29,67.976028,17.211634,28.067137,23.116409,62.339401,56.473583,64.791374,51.408516,96.199997,16.411657
2009-06-01,69.621590,17.946978,28.759209,24.090025,61.565964,54.804054,64.737984,51.391674,95.730003,17.253410
2009-06-02,69.680389,18.135727,29.007637,23.742298,61.988834,55.098869,64.714828,51.771439,96.360001,16.895540
2009-06-03,68.798813,17.935181,28.144030,22.900827,62.160408,55.616261,64.830826,52.035179,94.410004,16.865301
2009-06-04,69.445282,18.289082,28.321486,23.325035,61.645634,54.467083,64.769005,51.808369,96.230003,17.404623
2009-06-05,69.459969,18.269421,27.972494,23.373724,61.326958,54.051975,64.343636,51.534061,93.709999,17.359259
2009-06-08,69.173470,18.029551,27.913343,23.012087,61.161526,53.913555,64.173553,51.428585,93.559998,17.041714
2009-06-09,69.526093,18.127855,28.256414,23.053816,61.437260,53.907597,64.320450,51.818893,93.830002,17.041714
2009-06-10,69.349762,18.049210,28.309652,23.345905,61.265694,53.059246,64.312752,51.665916,93.860001,16.744324
2009-06-11,69.658310,17.954842,28.794687,23.846613,61.480194,53.648842,64.320450,51.845268,93.699997,16.401579
2009-06-12,69.849319,17.986296,28.646824,23.464123,61.780499,54.130215,64.390068,52.230339,92.169998,16.996349
2009-06-15,68.247849,17.538013,27.617588,22.622646,62.013351,54.617538,64.436424,52.246162,91.099998,16.189882
2009-06-16,67.322174,17.180176,27.298182,22.281881,62.099155,55.568115,64.506111,52.214493,91.930000,15.892493
2009-06-17,67.256035,17.345337,27.375069,22.031523,62.221710,55.255245,64.575645,52.277824,92.349998,15.590069
2009-06-18,67.748253,17.420044,27.327744,21.968935,61.817242,54.418945,64.467422,51.613213,91.610001,15.695914
2009-06-19,67.997986,17.526217,27.759552,22.080202,62.044029,55.165009,64.506111,52.003555,91.900002,15.852170
2009-06-22,65.958939,16.912779,26.866365,21.280453,62.135971,55.700481,64.591118,52.193432,90.540001,15.025538
2009-06-23,66.010666,16.756653,27.219759,21.418562,62.338139,56.356281,64.591118,52.615368,90.919998,15.136434
2009-06-24,66.579491,16.874933,27.243917,21.888294,62.172688,55.790691,64.583382,52.531002,91.449997,15.466873
2009-06-25,68.027550,17.312572,27.817789,22.540321,62.460712,56.813541,64.707100,52.942448,92.309998,15.671798
2009-06-26,67.850220,17.509714,27.763422,22.659510,62.644577,56.909798,64.737984,52.968803,92.290001,15.805008
2009-06-29,68.485603,17.549147,27.999016,22.827776,62.589439,56.994041,64.737984,52.910759,92.040001,15.794759
2009-06-30,67.931473,17.517595,27.672819,22.596413,62.601704,56.897770,64.730263,52.894936,91.180000,15.886975
2009-07-01,68.212265,17.821188,28.131908,23.010057,62.578285,56.784939,64.793770,52.823425,92.389999,16.163626
2009-07-02,66.350479,17.225836,27.322451,22.379065,62.725838,56.917690,64.863464,52.828732,91.250000,15.308054
2009-07-06,66.343132,17.064180,27.358698,22.329994,62.676708,56.809074,64.886719,52.955853,90.760002,15.692300
2009-07-07,65.057594,16.760595,26.694208,21.804169,62.879585,57.189312,64.878975,52.743954,90.709999,15.082634
2009-07-08,65.013260,16.677790,26.585478,21.551775,63.223942,58.245552,64.979607,53.226101,89.269997,14.939192
2009-07-09,65.138870,16.630476,26.911688,21.937387,63.045650,57.551414,64.948662,53.247303,89.510002,14.657412
2009-07-10,64.983734,16.721157,26.597553,21.677969,63.260860,58.082581,65.010612,53.459206,89.580002,14.636924
2009-07-13,66.564766,17.099663,27.062704,21.832211,63.230122,57.756676,64.971901,53.427406,90.190002,15.190221
2009-07-14,66.941528,17.229776,27.207682,22.070581,63.039528,56.796970,64.925415,53.310886,90.809998,15.374656
2009-07-15,68.899315,17.876390,28.137959,23.255440,62.627480,55.336277,64.770569,52.818150,92.239998,15.943326
2009-07-16,68.788483,18.077465,28.385633,23.297508,62.824238,55.933857,64.871208,53.183723,91.980003,16.127760
2009-07-17,69.542053,18.041977,28.282928,23.535879,62.824238,55.070698,64.847961,53.019474,91.930000,15.697417
2009-07-20,70.280823,18.254887,28.832645,24.377205,62.898056,55.360439,64.840210,53.236710,93.279999,16.250727
2009-07-21,70.605927,18.191805,29.013865,24.307087,63.334633,56.464996,64.917747,53.989048,93.129997,16.204613
2009-07-22,70.591110,18.325863,29.086363,24.250999,63.119434,55.958012,64.886719,53.845997,93.440002,16.225100
2009-07-23,72.149963,18.873907,29.575655,24.938080,62.959572,54.931900,64.770569,53.755898,93.260002,16.870623
2009-07-24,72.445450,18.936983,29.756882,24.818897,62.959572,55.197514,64.809288,53.904263,93.410004,16.988462
2009-07-27,72.659721,18.992182,29.787079,25.036236,62.768955,54.563679,64.762779,53.782398,93.709999,17.234365
2009-07-28,72.319893,19.031599,29.660238,24.924057,62.885780,55.046581,64.724075,53.989048,92.110001,17.219002
2009-07-29,72.142593,18.936983,29.418610,24.363176,62.996475,55.348362,64.685410,54.328144,91.199997,17.003826
2009-07-30,72.896126,19.224800,29.992476,24.966122,63.076401,56.132992,64.693153,54.624821,91.620003,17.613489
2009-07-31,72.999596,19.224800,30.451591,25.085310,63.396152,57.225506,64.801537,55.345387,93.349998,17.598112
2009-08-03,74.203812,19.603310,31.158356,26.024786,63.262875,56.358269,64.710022,54.830097,93.870003,17.915749
2009-08-04,74.395882,19.713707,31.110018,25.786402,63.071636,55.910149,64.655731,54.553284,94.680000,18.894283
2009-08-05,74.181648,19.520510,30.983158,25.569075,63.016113,55.074375,64.632515,54.563950,94.779999,19.616648
2009-08-06,73.797485,19.264225,30.789854,25.358744,63.046978,55.262142,64.632515,54.414867,94.599998,19.468075
2009-08-07,74.765259,19.788612,30.759653,25.611135,62.670631,54.801846,64.523972,54.404198,93.750000,20.554188
2009-08-10,74.610146,19.788612,30.572392,25.323685,63.158012,55.486168,64.624763,54.574562,92.930000,20.113590
2009-08-11,73.679253,19.500801,30.397203,24.846933,63.380104,56.128117,64.694565,54.856739,92.790001,19.529556
2009-08-12,74.469780,19.725538,30.741537,25.071287,63.349224,55.528553,64.717804,54.377613,92.949997,19.673006
2009-08-13,75.038605,19.871418,31.212717,25.505976,63.509663,56.315868,64.826355,54.904621,93.720001,19.775467
2009-08-14,74.462364,19.504730,30.946928,25.043251,63.620689,56.533913,64.872856,54.893993,93.000000,19.611526
2009-08-17,72.630173,18.960642,29.950188,24.061703,63.885967,57.369682,64.942665,54.984440,91.610001,18.566393
2009-08-18,73.206429,19.228748,30.469696,24.587532,63.676186,57.036549,64.927094,54.846062,92.059998,18.750830
2009-08-19,73.849159,19.347038,30.729452,24.650631,63.805752,57.508911,64.958138,55.021740,92.529999,18.602255
2009-08-20,74.610146,19.591478,30.946928,25.078306,63.910580,57.981289,64.942665,55.282597,92.269997,19.345114
2009-08-21,76.072937,20.033064,31.623486,25.456898,63.540504,56.788280,64.841812,55.032379,93.650002,19.852316
2009-08-24,76.065521,20.005472,31.617449,25.569075,63.799591,57.817814,64.919342,55.314510,92.339996,19.785707
2009-08-25,76.213295,20.072495,31.931568,25.512980,63.904438,58.144848,64.919342,55.410332,92.760002,20.006006
2009-08-26,76.220673,20.107985,31.798666,25.435854,63.996975,58.411293,64.958138,55.777653,92.790001,20.067482
2009-08-27,76.390602,20.088268,32.040306,25.386782,63.947643,58.181141,64.950378,55.522129,93.190002,20.262167
2009-08-28,76.375824,20.017298,32.058430,25.253572,63.904438,58.447624,65.020126,55.798954,93.870003,20.441477
2009-08-31,75.696136,19.682167,31.822832,24.755791,64.169739,58.502125,65.066681,56.070435,93.400002,20.118715
2009-09-01,74.026466,19.256342,31.031490,24.286060,64.059502,58.360546,65.119499,55.789143,93.900002,19.042850
2009-09-02,73.745766,19.169607,30.995243,24.545464,64.399948,59.211159,65.189339,55.954914,96.190002,18.658609
2009-09-03,74.358925,19.398285,31.236877,25.036236,64.282372,58.846611,65.127251,56.051140,97.459999,19.032600
2009-09-04,75.400635,19.611193,31.714094,25.519995,64.158615,57.844185,65.096184,56.088604,97.529999,19.252903
2009-09-08,76.050758,19.847761,32.342335,26.045813,64.065750,57.437122,65.103989,55.944176,97.430000,19.924034
2009-09-09,76.634384,20.072495,32.741032,26.186033,64.189552,57.370255,65.111679,55.928146,97.080002,20.313402
2009-09-10,77.417542,20.313004,33.030983,26.529568,64.517471,58.427422,65.150513,56.297215,97.699997,20.615667
2009-09-11,77.402756,20.328772,32.988701,26.543602,64.511375,58.749386,65.127251,56.805275,98.779999,20.579802
2009-09-14,77.779556,20.510132,33.055153,26.445438,64.418480,58.166130,65.088470,56.516468,97.959999,21.189465
2009-09-15,78.104614,20.695448,33.061192,26.760935,64.319489,57.868492,65.119499,56.484444,98.900002,21.527596
2009-09-16,79.286652,21.081833,33.713600,27.433992,64.369034,57.971710,65.034073,56.660889,99.910004,22.403660
2009-09-17,79.168457,21.054232,33.496124,27.286760,64.672287,58.700821,65.127251,56.938995,99.339996,22.306326
2009-09-18,79.218964,21.129148,33.586746,27.363880,64.511375,58.178345,65.065125,56.580658,98.669998,22.337059
2009-09-21,79.018509,21.034527,33.230328,27.125496,64.461800,58.311985,65.088470,56.714359,98.360001,21.988674
2009-09-22,79.478760,21.180401,33.689438,27.539158,64.418480,58.433449,65.072884,56.848099,99.669998,22.685431
2009-09-23,78.818092,21.013231,33.399487,27.125496,64.579414,58.609680,65.173859,56.874832,98.830002,21.865721
2009-09-24,77.949577,20.598265,32.910168,26.592674,64.659912,58.779789,65.189339,56.965740,97.550003,21.067423
2009-09-25,77.533875,20.507359,32.771240,26.704851,64.851753,59.527077,65.166077,57.185051,97.000000,21.134678
2009-09-28,78.921989,20.985563,33.218262,27.048393,64.845474,60.049561,65.158272,57.329433,97.050003,22.009035
2009-09-29,78.684486,20.949991,33.018913,27.111486,64.814537,59.994823,65.150513,57.104813,97.430000,21.652054
2009-09-30,78.380142,20.685209,33.030983,27.279745,64.932159,59.940166,65.220428,57.056671,98.849998,21.445112
2009-10-01,76.435272,20.080547,32.167160,26.536585,65.082382,60.761101,65.285683,56.472160,97.889999,20.482790
2009-10-02,76.078972,19.890837,31.810753,26.543602,64.958275,60.340641,65.309067,56.106876,98.370003,20.337931
2009-10-05,77.214676,20.250475,32.269852,27.160561,65.001701,60.346695,65.309067,56.407696,99.820000,20.896687
2009-10-06,78.320740,20.594313,32.813511,27.609270,64.908577,59.749397,65.270180,56.289528,102.279999,20.839773
2009-10-07,78.536026,20.645691,32.934326,27.581221,65.169388,60.450306,65.355667,56.649460,102.360001,20.824249
2009-10-08,79.137291,20.855146,33.411564,27.917749,65.125877,59.816486,65.293449,56.332489,103.639999,21.222624
2009-10-09,79.619789,21.076466,33.326981,27.938784,64.672630,58.445232,65.200211,55.838257,102.839996,21.403711
2009-10-12,79.931549,21.127848,33.526329,28.170155,64.821671,58.536655,65.277954,56.031666,103.559998,21.372667
2009-10-13,79.768242,21.064606,33.453842,28.219213,64.983093,58.841347,65.316765,56.139130,104.260002,21.072590
2009-10-14,81.141518,21.463768,34.257275,29.130653,64.827866,57.969822,65.231247,55.870510,104.180000,21.843466
2009-10-15,81.438416,21.451916,34.414337,28.969410,64.728462,57.701717,65.192436,55.859772,102.860001,21.657207
2009-10-16,80.829742,21.242455,33.894821,28.569775,64.722343,58.171009,65.231247,55.902737,103.180000,21.088120
2009-10-19,81.497810,21.463768,34.438488,29.116625,64.852722,58.628094,65.231247,56.187447,104.230003,21.543402
2009-10-20,81.067253,21.171324,34.257275,28.731026,65.007942,58.944969,65.262405,56.547390,103.419998,21.145025
2009-10-21,80.339806,20.870956,34.142483,28.576775,64.964462,58.591515,65.231247,56.311039,103.750000,20.875986
2009-10-22,81.156357,21.143658,34.474731,28.815155,64.865089,58.305088,65.239014,56.644096,103.919998,21.424404
2009-10-23,80.228477,20.752396,33.931076,28.576775,64.784340,57.866268,65.130241,56.332489,103.489998,21.170897
2009-10-26,79.359924,20.582451,33.417595,28.219213,64.610535,57.116669,65.060287,56.096134,101.860001,21.119156
2009-10-27,78.996239,20.337421,33.151810,27.728447,64.865089,57.896729,65.192436,56.579613,101.849998,20.813906
2009-10-28,77.504173,19.736710,32.354424,26.459459,64.958275,58.171009,65.285683,56.198208,100.730003,19.939545
2009-10-29,79.166977,20.092396,33.308865,27.630295,64.827866,57.537186,65.231247,56.268013,102.690002,20.850117
2009-10-30,76.873230,19.531202,32.197365,26.340271,65.076271,58.372097,65.309067,56.773006,102.529999,20.487959
2009-11-02,77.437401,19.503536,32.511482,26.732891,64.972816,58.114109,65.316818,56.688862,103.949997,20.482790
2009-11-03,77.682373,19.744616,32.384632,26.774963,64.885628,57.533218,65.309036,56.429771,106.459999,20.782856
2009-11-04,77.882759,19.511440,32.710827,27.272738,64.779785,57.007446,65.301239,56.651031,107.099998,20.337931
2009-11-05,79.315414,20.072632,33.133678,27.833618,64.947891,57.007446,65.363586,56.688862,106.980003,20.798380
2009-11-06,79.523277,20.084494,33.230328,27.798563,65.004051,57.062450,65.410316,56.839886,107.430000,20.456923
2009-11-09,81.334488,20.479700,34.160610,28.822165,65.091202,57.129730,65.410316,56.872280,108.190002,21.465797
2009-11-10,81.349350,20.380901,33.979393,28.688953,65.109856,57.025791,65.394737,56.834538,108.389999,21.305412
2009-11-11,81.765045,20.535030,34.082092,28.934338,65.134750,57.264256,65.464806,57.045063,109.599998,21.703791
2009-11-12,80.933655,20.139820,33.586746,28.289335,65.265579,57.160286,65.457069,57.045063,108.209999,21.481318
2009-11-13,81.371620,20.278141,34.057926,28.773094,65.334061,57.423172,65.472618,57.212337,109.739998,21.771040
2009-11-16,82.551895,20.819576,34.601601,29.495214,65.489769,58.095753,65.511536,57.482166,111.629997,22.298758
2009-11-17,82.648384,20.799820,34.372044,29.390051,65.545845,58.407547,65.527138,57.568508,111.970001,21.910734
2009-11-18,82.596413,20.764256,34.263294,29.158691,65.408806,58.065197,65.527138,57.379631,112.250000,22.309122
2009-11-19,81.520073,20.226759,33.616943,28.618847,65.477303,58.169090,65.550545,57.449787,112.300003,21.796915
2009-11-20,81.230568,20.203051,33.429684,28.499660,65.502228,58.156841,65.566101,57.179916,112.940002,21.641708
2009-11-23,82.262375,20.602213,34.027706,29.095600,65.489769,58.083500,65.558304,57.179916,114.290001,21.915911
2009-11-24,82.388580,20.479700,33.888779,28.934338,65.682892,58.450386,65.612885,57.401211,114.730003,21.589956
2009-11-25,82.678078,20.471796,34.341846,29.270876,65.745117,58.719395,65.643990,57.611683,116.620003,21.677923
2009-11-27,81.334488,19.997543,33.351151,28.135080,65.801125,58.939491,65.690773,57.595482,115.059998,21.046724
2009-11-30,81.609169,20.041018,33.459885,28.408514,65.913277,59.080116,65.698540,57.881554,115.639999,21.833132
2009-12-01,82.618668,20.341375,34.378082,29.221794,65.752739,58.422001,65.715034,57.592117,117.379997,22.153891
2009-12-02,82.581573,20.566643,34.432461,29.340977,65.627724,58.471016,65.660080,57.602966,119.180000,22.516066
2009-12-03,81.935768,20.266285,34.353920,29.067551,65.633965,57.863831,65.620903,57.586678,118.699997,22.262547
2009-12-04,82.403442,20.768200,34.233101,29.333960,65.502708,57.250446,65.456161,57.348248,113.750000,22.919615
2009-12-07,82.277214,20.791910,34.045837,29.081570,65.565247,57.324062,65.597336,57.321098,113.110001,22.438456
2009-12-08,81.364220,20.708920,33.453842,28.541733,65.652664,57.409939,65.660080,57.564995,110.949997,22.309122
2009-12-09,81.668518,20.633831,33.411564,28.717005,65.583977,57.146233,65.613068,57.234413,110.839996,22.262547
2009-12-10,82.128754,20.511322,33.514248,28.885271,65.533943,56.489937,65.589516,57.283176,110.820000,22.174589
2009-12-11,82.477661,20.752396,33.502167,28.990429,65.377762,56.483795,65.518867,57.012165,109.320000,22.531590
2009-12-14,83.041809,21.104126,33.828377,29.186737,65.415268,56.551270,65.448311,57.326519,110.239998,22.940310
2009-12-15,82.655792,21.088320,33.453842,28.885271,65.234039,56.299774,65.432655,56.914650,110.209999,22.712666
2009-12-16,82.781998,21.210833,33.846497,29.053526,65.352791,56.232288,65.479713,57.131393,111.589996,22.878223
2009-12-17,81.787315,21.029039,33.049114,28.219213,65.458977,57.158482,65.605209,57.375290,107.339996,22.738529
2009-12-18,82.249992,21.226643,33.127647,28.296343,65.458977,56.913155,65.558105,57.283176,108.949997,22.888571
2009-12-21,83.085899,21.495378,33.224297,28.261284,65.184044,55.901073,65.456161,57.006733,106.949997,23.198997
2009-12-22,83.384392,21.720654,33.435204,28.546112,64.996574,55.588291,65.377754,56.768269,106.169998,23.442163
2009-12-23,83.548584,22.013111,33.739994,28.828819,65.021561,55.600567,65.377754,56.947147,106.550003,23.721531
2009-12-24,83.944122,22.092392,33.874100,29.118591,64.909073,55.024048,65.299225,56.681591,108.360001,24.064266
2009-12-28,84.123215,22.068607,34.020401,29.217537,64.515366,54.870678,65.205170,56.529800,108.550003,24.179567
2009-12-29,84.003830,22.028959,34.075268,29.112898,64.591850,55.232620,65.248306,56.701244,107.470001,23.817957
2009-12-30,83.973953,22.052753,33.935059,29.240160,64.754791,55.595787,65.224838,56.766594,106.930000,23.854643
2009-12-31,83.167969,21.692017,33.697319,29.339134,64.673332,55.331074,65.146301,56.684937,107.309998,23.445885
2010-01-04,84.578461,22.227175,34.581203,30.194569,64.748512,55.281834,65.232620,56.984283,109.800003,23.346319
2010-01-05,84.802406,22.159788,34.611691,30.413725,65.043114,55.638821,65.311134,57.256374,109.699997,23.320112
2010-01-06,84.862068,22.136000,34.757984,30.477350,65.005493,54.894077,65.319008,57.087677,111.510002,23.278194
2010-01-07,85.220284,22.290598,34.623871,30.300611,64.930267,54.986370,65.303276,57.158428,110.820000,23.529732
2010-01-08,85.503876,22.377810,34.898182,30.540981,64.967880,54.961777,65.366127,57.283611,111.370003,23.356796
2010-01-11,85.623322,22.298534,35.184692,30.477350,64.917747,54.660164,65.397530,57.343536,112.849998,23.493057
2010-01-12,84.824738,22.088427,34.770164,29.989548,65.331390,55.595787,65.452530,57.452362,110.489998,23.100019
2010-01-13,85.541214,22.346096,35.062771,30.081450,65.055618,54.949440,65.397530,57.212852,111.540001,23.566420
2010-01-14,85.772568,22.433306,35.330982,30.003683,65.224800,55.718945,65.460365,57.419689,112.029999,23.545464
2010-01-15,84.809837,22.143927,34.776260,29.657267,65.350212,56.063606,65.515343,57.397926,110.860001,23.367277
2010-01-19,85.869591,22.532417,35.117634,30.258186,65.243645,55.903549,65.531006,57.446873,111.519997,23.844162
2010-01-20,84.996407,22.211323,34.221550,29.530016,65.412895,56.469841,65.531006,57.408779,108.940002,23.576908
2010-01-21,83.362022,21.953646,33.490067,28.639235,65.431671,56.728336,65.586014,57.561172,107.370003,22.900881
2010-01-22,81.503685,21.521545,32.837826,28.002962,65.469284,56.629856,65.640961,57.474136,107.169998,22.324421
2010-01-25,81.921631,21.549301,33.240147,28.207987,65.463036,56.371353,65.586014,57.468651,107.480003,22.481649
2010-01-26,81.578331,21.382809,33.051170,27.621210,65.544525,56.389824,65.593781,57.316242,107.559998,22.272034
2010-01-27,81.966438,21.604801,33.014606,27.550516,65.494354,56.359039,65.570267,57.109455,106.529999,22.471165
2010-01-28,81.026077,21.216312,32.459885,27.359627,65.437973,56.328224,65.601692,57.027798,106.480003,22.277273
2010-01-29,80.145447,21.010170,31.990513,27.062696,65.588364,56.820717,65.664497,57.392483,105.959999,22.151484
2010-02-01,81.391762,21.212345,32.575706,27.790882,65.498474,56.304909,65.636200,57.136631,108.349998,22.555016
2010-02-02,82.376862,21.402620,33.118233,28.017109,65.573914,56.465511,65.644089,57.317055,109.129997,22.864202
2010-02-03,81.966438,21.236135,32.770763,27.854509,65.454475,55.810730,65.596870,57.256901,108.699997,22.492123
2010-02-04,79.436462,20.593927,31.435802,26.596102,65.611633,56.694069,65.691238,57.251450,104.370003,21.658892
2010-02-05,79.600624,20.633574,31.380936,26.299181,65.636765,56.817600,65.793419,57.076515,104.680000,22.057163
2010-02-08,79.025978,20.407618,30.759167,26.037596,65.762520,56.891747,65.746292,57.131210,104.040001,21.575045
2010-02-09,80.018570,20.693037,31.728390,26.885963,65.643097,56.323471,65.683372,56.999989,105.410004,21.506908
2010-02-10,79.861862,20.772318,31.527243,26.815260,65.492142,55.786026,65.612663,56.557262,105.120003,21.548834
2010-02-11,80.697701,21.057741,31.819828,27.522226,65.385292,55.483322,65.636200,56.688450,107.129997,21.753212
2010-02-12,80.630554,21.212345,31.545517,27.175816,65.397873,55.711918,65.691238,56.754002,107.040001,22.009996
2010-02-16,81.899284,21.553268,32.246536,27.875711,65.561325,55.816891,65.699074,56.978119,109.620003,22.633619
2010-02-17,82.287308,21.676151,32.289200,27.974691,65.360130,55.180645,65.644089,56.786835,109.250000,22.837999
2010-02-18,82.772430,21.902111,32.472076,28.080732,65.334999,54.958279,65.604790,56.748562,109.980003,23.178633
2010-02-19,82.944023,21.957607,32.270912,27.840366,65.385292,55.254757,65.581192,56.950790,109.470001,23.194351
2010-02-22,82.959000,22.028959,32.331879,27.875711,65.272133,55.026237,65.604790,56.983612,109.070000,23.251995
2010-02-23,81.951454,21.787151,31.874695,27.232370,65.504776,55.884872,65.659737,57.120239,107.889999,23.073824
2010-02-24,82.705269,21.997253,32.075855,27.493954,65.573914,56.020748,65.691238,57.366226,107.360001,23.309633
2010-02-25,82.593346,21.957607,31.880789,27.267717,65.705872,56.335766,65.746292,57.306152,108.309998,23.398731
2010-02-26,82.645554,21.874357,32.075855,27.543438,65.718498,56.626110,65.769844,57.683285,109.430000,23.388247
2010-03-01,83.503769,22.357988,32.325775,28.010035,65.815010,56.601322,65.758064,57.757404,109.430000,23.587387
2010-03-02,83.735153,22.540356,32.569611,28.328173,65.840263,56.526970,65.758064,57.878105,111.019997,23.597864
2010-03-03,83.809769,22.647373,32.959736,28.363518,65.840263,56.384426,65.750130,57.998882,111.629997,23.534983
2010-03-04,84.063538,22.687016,32.874401,28.215055,65.960083,56.681854,65.726593,58.026333,110.830002,23.681707
2010-03-05,85.265045,23.115149,33.514450,28.950306,65.833908,55.938309,65.671501,57.954941,110.809998,24.326286
2010-03-08,85.279999,23.198399,33.514450,28.971510,65.878082,55.647026,65.640060,58.048290,109.879997,24.572601
2010-03-09,85.421822,23.293539,33.435204,29.134115,65.953751,55.659405,65.687241,57.993385,109.720001,24.630236
2010-03-10,85.802422,23.460035,33.575405,29.339134,65.909576,55.516869,65.671501,58.048290,108.470001,24.850338
2010-03-11,86.160652,23.515539,33.703415,29.346201,65.909576,55.721416,65.592758,58.026333,108.599998,24.997072
2010-03-12,86.168121,23.535357,33.928967,29.247238,65.915894,56.068420,65.600662,58.147053,107.949997,25.196217
2010-03-15,86.190475,23.475897,33.691231,29.035135,65.997917,55.994045,65.624313,58.136143,108.360001,25.138565
2010-03-16,86.877106,23.682030,34.117939,29.409828,66.117691,56.440243,65.640060,58.405079,110.400002,25.746462
2010-03-17,87.392044,23.864380,34.300804,29.727968,66.168190,56.681854,65.655739,58.619160,109.589996,26.129009
2010-03-18,87.347275,23.808891,34.099632,29.501736,66.111382,56.496006,65.616440,58.503872,110.339996,25.987524
2010-03-19,86.905128,23.531385,33.752193,29.119970,66.060966,56.551788,65.569206,58.459949,108.279999,25.704531
2010-03-22,87.369759,23.896091,33.849716,29.226017,66.111382,56.613724,65.592758,58.553303,107.750000,26.029449
2010-03-23,87.984238,24.157734,34.087444,29.431046,66.123985,56.347244,65.569206,58.514889,108.320000,25.956083
2010-03-24,87.557076,23.844564,33.526642,28.992718,65.789749,55.318592,65.466919,58.081234,106.300003,26.097578
2010-03-25,87.414711,23.719820,33.508354,28.914951,65.619484,54.965405,65.490547,57.872635,106.779999,26.161463
2010-03-26,87.362236,23.676123,33.837524,29.056330,65.726685,55.120300,65.529884,58.048290,108.589996,26.024181
2010-03-29,87.916779,23.759552,34.124016,29.579508,65.651001,54.909603,65.561295,57.998882,108.750000,26.103382
2010-03-30,87.976730,23.874746,34.124016,29.692614,65.676262,55.083141,65.545639,58.031830,107.970001,26.066420
2010-03-31,87.676987,23.616545,34.124016,29.777452,65.714058,55.461113,65.592758,58.059307,108.949997,25.770756
2010-04-01,88.276505,23.874746,34.727516,30.555113,65.689415,55.325520,65.569214,58.185562,110.260002,25.902746
2010-04-05,88.995895,24.307758,34.764084,30.830837,65.284607,54.404984,65.388077,57.650715,110.889999,26.472965
2010-04-06,89.205704,24.411037,34.666542,30.922739,65.366806,54.492115,65.435318,57.788528,111.029999,27.080141
2010-04-07,88.696175,24.355421,34.422729,30.654104,65.645134,55.188694,65.537674,58.080780,112.489998,26.483526
2010-04-08,89.003365,24.311726,34.386139,30.760134,65.581909,55.213547,65.521935,57.970482,112.650002,26.515200
2010-04-09,89.587921,24.438847,34.837234,30.951015,65.651466,55.344162,65.537674,58.009106,113.639999,26.890076
2010-04-12,89.730263,24.538157,34.946949,30.703583,65.803322,55.636482,65.569214,58.174496,113.010002,26.721117
2010-04-13,89.797714,24.601721,34.916481,30.639954,65.910797,55.816872,65.553436,58.383980,112.690002,27.375809
2010-04-14,90.816872,25.094313,35.379749,31.092411,65.834953,55.425056,65.553436,58.334381,113.029999,27.418056
2010-04-15,90.891823,25.130068,35.355366,30.922739,65.955078,55.487263,65.600716,58.433651,113.650002,26.668314
2010-04-16,89.445541,24.875826,34.575111,30.017828,66.056282,55.891571,65.703087,58.571465,111.239998,26.055857
2010-04-19,89.782730,24.824181,34.483673,29.897642,65.936119,55.754688,65.640083,58.422638,111.150002,26.172014
2010-04-20,90.584564,25.134033,34.697025,30.251123,66.043709,55.953773,65.647926,58.549416,111.459999,26.615524
2010-04-21,90.419693,25.324713,34.471481,30.152138,66.157562,56.414040,65.655754,58.753391,112.309998,27.080141
2010-04-22,90.689468,25.626635,34.160595,30.279396,66.024719,56.246090,65.608589,58.621075,111.839996,27.497252
2010-04-23,91.281471,25.872913,34.416618,30.441999,65.942474,56.047020,65.584953,58.610065,113.190002,27.861547
2010-04-26,90.936745,25.781546,34.453186,30.441999,65.936119,56.109222,65.584953,58.637657,112.750000,28.083315
2010-04-27,88.786079,25.193619,33.069458,29.353264,66.144913,56.899170,65.710907,58.676216,114.629997,27.185741
2010-04-28,89.460526,25.269100,33.075562,29.600712,66.043709,56.414040,65.695175,58.775505,114.309998,27.270214
2010-04-29,90.569572,25.872913,33.587601,30.088516,66.068947,56.650360,65.710907,58.924366,114.279999,28.500425
2010-04-30,89.033394,24.991022,33.167000,29.727968,66.353577,57.303444,65.789719,59.166943,115.360001,27.613396
2010-05-03,90.187393,25.551149,33.404728,29.890574,66.228043,57.228542,65.725014,59.184689,115.730003,28.532097
2010-05-04,88.066673,24.824181,32.081951,28.519045,66.494522,58.258369,65.764473,59.256660,114.870003,27.882671
2010-05-05,87.542099,24.490490,31.466274,28.002962,66.443779,58.601673,65.851219,59.001942,115.089996,27.507816
2010-05-06,84.634514,23.644348,30.064257,26.857676,66.538872,60.411694,65.993065,58.027405,118.489998,26.377932
2010-05-07,83.375565,23.028606,29.997206,26.999075,66.247101,59.656464,65.969414,58.215687,118.269997,25.934416
2010-05-10,87.047546,24.260084,31.941751,28.943230,66.240738,58.420681,65.882698,58.581135,117.570000,27.645082
2010-05-11,86.800209,24.375292,31.423607,28.420076,66.488129,58.270870,65.922112,58.642078,120.660004,27.808765
2010-05-12,88.014198,25.122116,31.777166,28.773567,66.418358,57.827724,65.906395,58.619923,121.400002,28.257536
2010-05-13,86.920120,24.903622,31.362659,28.504908,66.513527,58.208447,65.945717,58.791569,120.559998,27.798208
2010-05-14,85.346405,24.434870,30.472672,27.918135,66.754662,59.219589,66.032440,58.774906,120.370003,26.916468
2010-05-17,85.391388,24.589804,30.515341,27.748453,66.703842,59.001148,66.008812,58.874619,119.360001,26.953432
2010-05-18,84.229889,24.105158,29.856998,27.168749,66.932259,59.906204,66.079750,59.062840,119.489998,26.272333
2010-05-19,83.750282,23.862831,29.972822,26.907166,66.964012,60.105892,66.048218,59.096077,116.629997,26.029461
2010-05-20,80.587883,22.663132,28.930441,25.570997,66.906937,61.372921,66.127022,58.963169,115.839996,24.693668
2010-05-21,81.764412,22.980944,29.637556,26.398148,67.192451,61.435368,66.079750,58.863495,115.220001,25.522602
2010-05-24,80.715294,22.639299,28.954830,26.122431,67.154350,61.223118,66.071877,59.018562,116.839996,24.952381
2010-05-25,80.797737,22.595602,28.845097,25.839643,67.236832,61.522671,66.064026,58.736217,117.360001,25.153019
2010-05-26,80.310608,22.579718,28.418392,25.825508,67.160728,61.347961,66.008812,58.774906,118.470001,25.100210
2010-05-27,83.000893,23.477499,30.033779,27.387905,67.002106,59.956074,65.961594,58.470409,118.690002,26.478249
2010-05-28,81.959267,23.203394,29.454679,26.935448,67.071846,60.230705,66.087646,58.392937,118.879997,26.140337
2010-06-01,80.580406,22.528082,29.162086,26.440575,67.182594,60.654106,66.088440,58.344540,119.910004,25.596506
2010-06-02,82.678658,23.155727,29.942347,27.366701,67.112617,60.077915,66.041130,58.550251,119.779999,26.098099
2010-06-03,82.963417,23.465582,29.850908,27.267717,67.080795,59.639526,66.025352,58.361191,117.959999,26.024181
2010-06-04,80.048340,22.333422,28.576895,26.299181,67.252647,61.242764,66.175255,58.717041,119.190002,24.551117
2010-06-07,79.051674,21.785210,28.217245,25.889135,67.449944,61.712482,66.151566,58.961712,121.489998,24.419121
2010-06-08,79.898460,21.733576,28.668324,26.482994,67.373543,61.405594,66.143631,58.961712,121.000000,24.857349
2010-06-09,79.471313,21.769327,28.564695,26.341599,67.411674,61.336670,66.151566,58.983967,120.559998,25.005184
2010-06-10,81.794395,22.468485,29.771664,27.260656,67.208092,60.240753,66.064774,58.739311,118.970001,26.087547
2010-06-11,82.191551,22.790257,29.814331,27.402046,67.246262,61.004776,66.135796,58.956139,120.010002,26.399048
2010-06-14,82.064156,22.913408,30.003307,27.409115,67.341728,60.691605,66.151566,58.844921,119.599998,26.726402
2010-06-15,83.930107,23.421886,30.954243,28.236273,67.341728,60.441185,66.120003,58.772659,120.989998,27.323009
2010-06-16,83.900146,23.294765,30.807943,28.236273,67.443558,60.785561,66.135796,58.833836,120.330002,27.074869
2010-06-17,84.035042,23.314627,30.905474,28.094875,67.602692,61.280312,66.175255,59.223034,121.900002,27.132933
2010-06-18,84.126144,23.326550,30.850611,28.222122,67.494499,61.180141,66.183083,59.217510,122.830002,27.048470
2010-06-21,83.885185,23.108051,30.844522,28.709930,67.640839,61.004776,66.190994,59.367619,120.389999,26.837276
2010-06-22,82.499809,22.663132,30.454374,28.158501,67.710884,61.731205,66.222610,59.656742,121.449997,26.040009
2010-06-23,82.243782,22.587877,30.658438,28.231091,67.882690,62.150841,66.269920,59.907017,120.949997,26.108664
2010-06-24,80.880966,22.265369,30.125034,27.732933,67.825447,61.781345,66.285721,59.667862,121.300003,25.555973
2010-06-25,81.219795,22.691404,30.298700,28.060295,67.920921,62.031868,66.309372,59.767937,122.760002,26.200861
2010-06-28,80.963776,22.544090,30.075424,27.868143,68.048187,62.614250,66.348808,60.096008,121.089996,25.891741
2010-06-29,78.464012,21.775627,29.045818,26.736626,68.251854,63.296921,66.380348,60.068241,121.269997,25.044319
2010-06-30,77.718590,21.556635,28.847345,26.558720,68.258194,63.722767,66.364548,60.307320,121.680000,24.777826
2010-07-01,77.372269,21.397371,29.269098,26.750862,68.222427,63.823299,66.343254,60.374321,117.040001,24.692554
2010-07-02,76.950584,21.186346,29.207087,26.864723,68.126740,63.314476,66.343254,60.201237,118.489998,24.218218
2010-07-06,77.455078,20.927536,29.790104,27.362877,68.337379,63.835854,66.343254,60.452461,116.510002,23.679905
2010-07-07,79.894569,21.616360,30.720465,27.967777,68.248001,63.088337,66.335358,60.491524,117.730003,24.831123
2010-07-08,80.685165,21.934893,31.018179,28.102997,68.235268,62.686325,66.343254,60.340801,117.209999,25.140251
2010-07-09,81.287529,22.241480,31.049198,28.444582,68.133057,62.328213,66.319542,60.268242,118.360001,25.460028
2010-07-12,81.340240,22.038414,30.931345,28.216856,68.209732,62.303082,66.327492,60.340801,117.339996,25.539988
2010-07-13,82.567551,22.715296,31.501965,28.544205,68.037369,61.769123,66.280121,60.374321,118.360001,26.168890
2010-07-14,82.559990,22.643620,31.613611,28.487284,68.267166,62.391029,66.351143,60.642292,118.300003,26.014322
2010-07-15,82.582603,22.456491,31.768677,28.352068,68.362862,63.012943,66.366966,60.748367,118.230003,25.929045
2010-07-16,80.308739,21.668121,30.751476,27.505205,68.573502,63.320724,66.430122,60.854462,116.669998,25.086954
2010-07-19,80.783089,21.759703,30.949957,27.868143,68.509697,62.931271,66.406425,60.843277,115.730003,25.396076
2010-07-20,81.679077,22.122021,31.160833,28.522869,68.458618,63.025536,66.430122,60.910301,116.650002,25.870428
2010-07-21,80.617409,21.747749,30.596418,28.231091,68.758682,64.093430,66.461647,61.206158,115.849998,25.332115
2010-07-22,82.416931,22.480377,31.626013,29.085058,68.694809,63.352154,66.438026,61.128017,116.860001,26.280813
2010-07-23,83.132233,22.938271,31.998165,29.284336,68.573502,62.680000,66.406425,61.206158,116.089996,26.616583
2010-07-26,83.998123,23.455893,32.221451,29.483589,68.560738,62.573208,66.382751,61.261951,115.519997,27.282795
2010-07-27,83.990585,23.372269,32.314480,29.433779,68.535240,61.970081,66.343254,61.055424,113.510002,27.277470
2010-07-28,83.448494,22.990030,32.147022,29.270100,68.662888,62.171150,66.406425,61.273136,113.779999,27.224167
2010-07-29,83.041908,22.930300,32.295883,29.319902,68.726761,62.152306,66.461647,61.295483,114.290001,26.994991
2010-07-30,83.026794,22.946230,32.196636,29.462231,68.841621,63.119736,66.493248,61.580200,115.489998,27.154882
2010-08-02,84.901665,23.312540,33.282063,30.223694,68.748192,62.233677,66.478264,61.449631,115.540001,28.066265
2010-08-03,84.495064,23.065683,33.232437,30.081371,68.793037,62.592876,66.525658,61.600960,115.989998,27.794449
2010-08-04,85.059769,23.328474,33.263447,30.124075,68.671371,62.113926,66.470337,61.410370,116.720001,27.991652
2010-08-05,84.969429,23.025867,33.238640,29.988871,68.754562,62.403828,66.549370,61.522533,116.980003,27.639885
2010-08-06,84.623062,22.894466,33.337872,29.946163,68.888962,63.084442,66.565201,61.875599,117.839996,27.511980
2010-08-09,85.074829,23.109482,33.375088,30.102728,68.888962,62.851257,66.525658,62.077393,117.400002,27.826426
2010-08-10,84.615547,22.707336,33.108391,29.689970,69.004173,62.983601,66.557259,61.998913,117.730003,27.554604
2010-08-11,82.296471,21.867212,31.601208,28.743477,69.068237,63.828098,66.573120,61.993332,117.339996,26.867079
2010-08-12,81.792000,21.779606,31.563995,28.793289,68.959419,63.670525,66.557259,61.774746,118.769997,26.531300
2010-08-13,81.551071,21.508863,31.452354,28.949848,69.119400,64.464638,66.549370,62.015720,118.739998,26.531300
2010-08-16,81.513397,21.648214,31.706640,29.220280,69.349823,66.077965,66.612656,62.699619,119.730003,26.509981
2010-08-17,82.514839,22.014528,32.060181,29.526289,69.266624,65.699837,66.596848,62.598671,119.750000,27.117580
2010-08-18,82.665421,22.114065,32.047775,29.504936,69.189827,65.876305,66.612656,62.654739,120.220001,27.144213
2010-08-19,81.227310,21.536726,31.532978,29.277210,69.413803,66.903511,66.628410,62.722004,120.389999,26.451365
2010-08-20,80.963776,21.532742,31.204254,29.191813,69.317825,66.827950,66.604698,62.834122,119.970001,26.366085
2010-08-23,80.655083,21.254032,31.142229,28.928497,69.388229,66.840515,66.612656,62.968624,119.779999,26.227512
2010-08-24,79.457893,21.070866,30.714262,28.558449,69.663445,67.911888,66.660011,63.114346,120.360001,26.120913
2010-08-25,79.766609,21.329689,30.745275,28.373415,69.503448,67.691322,66.596848,63.232082,121.360001,26.536629
2010-08-26,79.231995,21.210230,30.732861,28.195507,69.593063,68.327858,66.596848,63.288139,120.959999,26.376740
2010-08-27,80.459328,21.723869,31.334496,28.814636,69.208977,66.393044,66.549370,62.716412,121.010002,26.813776
2010-08-30,79.292244,21.238106,30.881729,28.337831,69.676216,67.666100,66.628410,63.125610,120.910004,26.605923
2010-08-31,79.292244,21.202267,30.974762,28.508627,69.727486,68.416039,66.652115,63.338573,122.080002,26.808443
2010-09-01,81.663979,21.998604,32.078796,29.512056,69.578522,67.001457,66.612633,62.862587,121.690002,27.682507
2010-09-02,82.424469,22.237495,32.258659,29.561874,69.488678,66.293518,66.596802,62.783844,122.290001,28.034273
2010-09-03,83.493645,22.619740,32.556381,29.910587,69.328232,65.471779,66.565094,62.311207,121.860001,28.444664
2010-09-07,82.552490,22.201664,32.103603,29.476473,69.527206,66.811783,66.636292,62.772575,122.699997,28.007633
2010-09-08,83.132233,22.313150,32.351700,29.796713,69.475891,66.280884,66.588844,62.648796,122.709999,28.066265
2010-09-09,83.516251,22.309172,32.655617,29.967499,69.142151,64.972412,66.517647,62.322483,121.559998,27.741148
2010-09-10,83.937904,22.352964,32.754852,30.074263,68.994507,64.675362,66.509796,62.367519,121.730003,27.890381
2010-09-13,84.871544,22.874561,33.350273,30.793015,69.148560,64.991371,66.565094,62.451874,121.620003,28.348745
2010-09-14,84.818848,22.802889,33.573566,30.778782,69.398865,65.617172,66.612633,62.744476,124.019997,28.242140
2010-09-15,85.142624,22.946230,33.585964,30.821484,69.270470,64.643715,66.628403,62.643166,123.940002,28.487314
2010-09-16,85.120026,22.779007,33.424713,30.664921,69.154991,64.005341,66.644234,62.446247,124.629997,28.338078
2010-09-17,85.151794,22.874561,33.263447,30.615112,69.244766,64.264511,66.659988,62.648796,124.540001,28.423365
2010-09-20,86.453804,23.467829,33.840267,31.099041,69.270470,64.637398,66.667915,62.727608,124.870003,29.116217
2010-09-21,86.279678,23.324484,33.834064,31.006516,69.565735,65.535049,66.715408,63.205799,126.010002,28.689838
2010-09-22,85.855782,23.041788,33.784454,31.027859,69.584930,66.122810,66.707443,63.166393,126.199997,28.300774
2010-09-23,85.159348,22.779007,33.418510,30.828608,69.662003,66.312462,66.715408,63.211430,126.300003,27.602575
2010-09-24,86.915535,23.493179,34.348869,31.397919,69.405281,65.421227,66.707443,63.070786,126.690002,28.383419
2010-09-27,86.499176,23.449265,34.175205,31.340992,69.642715,66.558968,66.723312,63.397068,126.720001,28.033867
2010-09-28,86.802010,23.620924,34.373676,31.568712,69.809593,67.014069,66.739143,63.509640,127.849998,28.146799
2010-09-29,86.650627,23.716732,34.317863,31.675465,69.758247,66.735962,66.723312,63.447735,127.949997,27.926310
2010-09-30,86.393227,23.588991,34.063557,31.860493,69.732582,66.691719,66.731232,63.627735,127.910004,28.006990
2010-10-01,86.756577,23.736694,34.404694,32.330173,69.652122,66.369431,66.743103,63.319397,128.910004,28.146799
2010-10-04,86.105637,23.417326,33.908493,32.230556,69.767952,66.540764,66.750999,63.421070,128.460007,28.404924
2010-10-05,87.839058,24.076015,34.869865,32.814110,69.767952,66.141022,66.782639,63.550949,130.990005,28.856655
2010-10-06,87.831482,23.980207,35.161377,32.799866,69.838753,66.972115,66.790573,63.963215,131.809998,28.700689
2010-10-07,87.725525,23.920328,35.043522,32.508080,69.870872,66.413849,66.845993,63.946289,130.369995,28.781368
2010-10-08,88.217545,24.191784,35.273022,32.899498,70.012421,66.122009,66.845993,63.884132,131.660004,28.862038
2010-10-11,88.300804,24.215746,35.229599,32.878155,69.973885,66.134720,66.853912,63.940670,132.289993,28.856655
2010-10-12,88.573326,24.331511,35.155186,32.742943,69.903091,65.481186,66.806412,63.844646,131.960007,29.061016
2010-10-13,89.262138,24.698771,35.552128,33.347843,69.896660,65.379707,66.814346,63.810719,134.070007,29.362148
2010-10-14,88.913956,24.718739,35.800220,33.290909,69.639282,64.402596,66.782639,63.296814,134.750000,29.286863
2010-10-15,89.095612,24.642887,35.682384,33.248211,69.497726,63.615902,66.806412,62.895767,133.679993,29.249218
2010-10-18,89.534683,24.742685,35.763008,33.262428,69.742203,64.129837,66.822235,63.330711,134.279999,29.625662
2010-10-19,88.361359,24.391390,34.975315,32.209194,69.800186,64.516823,66.853912,63.336300,130.110001,29.259983
2010-10-20,89.224312,24.606955,35.632771,32.721600,69.883751,64.656403,66.861816,63.449287,131.320007,29.899940
2010-10-21,89.421135,24.503164,35.440487,32.721600,69.774391,63.888695,66.869736,63.279865,129.470001,29.867657
2010-10-22,89.587669,24.654861,35.533531,32.757175,69.806564,64.320198,66.853912,63.358925,129.729996,29.883799
2010-10-25,89.852585,24.750673,35.669971,33.112991,69.813004,64.504128,66.869736,63.584827,130.850006,29.937569
2010-10-26,89.867752,24.734703,35.440487,33.084534,69.652122,63.508049,66.806412,63.245956,130.880005,29.722460
2010-10-27,89.610359,24.662842,35.099365,32.522324,69.517059,62.949749,66.774757,63.082150,129.520004,29.512735
2010-10-28,89.625519,24.539089,35.372265,32.728706,69.690742,63.121086,66.861816,63.336300,131.240005,29.329887
2010-10-29,89.693642,24.590988,35.359859,32.821217,69.838753,63.711056,66.877609,63.460590,132.619995,29.335262
2010-11-01,89.723923,24.447279,35.229599,33.184158,69.810371,63.436775,66.906952,63.439022,131.919998,29.588030
2010-11-02,90.435471,24.950272,35.812634,33.596939,69.932938,64.270584,66.867363,63.733913,132.490005,29.792383
2010-11-03,90.798805,25.042091,36.060726,33.803291,69.919998,62.959389,66.891121,63.524082,131.570007,29.792383
2010-11-04,92.547401,25.668842,36.879444,34.571873,70.255455,63.449432,66.906952,64.125076,136.029999,30.480719
2010-11-05,92.895645,25.812563,36.718182,34.507828,70.061897,62.361126,66.851509,63.921021,136.380005,30.808748
2010-11-08,92.721550,25.788605,36.494892,34.365505,70.029648,62.641186,66.819809,63.954975,137.779999,30.642054
2010-11-09,92.055397,25.521137,36.128948,33.931389,69.687820,61.260036,66.732712,63.478767,135.589996,29.399794
2010-11-10,92.426315,25.820539,36.234394,34.180466,69.629753,61.342754,66.772255,63.342648,137.240005,29.765486
2010-11-11,92.078110,25.676836,35.924271,33.845993,69.623360,61.310959,66.669235,63.064831,137.660004,29.528862
2010-11-12,90.988091,25.273632,35.626556,33.027596,69.345963,60.979988,66.669235,62.622585,133.690002,29.254597
2010-11-15,90.859383,25.293591,35.601753,33.013359,68.965393,59.707073,66.629669,61.936565,132.419998,28.974966
2010-11-16,89.443840,24.822538,34.764439,32.145149,69.133064,61.190063,66.661415,62.265419,130.970001,27.980085
2010-11-17,89.489235,24.842491,34.956711,32.308826,69.152443,60.852726,66.700989,62.265419,130.380005,28.195200
2010-11-18,90.806396,25.261658,35.831242,33.077412,69.133064,61.100967,66.708855,62.310772,132.089996,28.447950
2010-11-19,91.056183,25.313549,35.831242,33.098759,69.210541,61.476448,66.669235,62.526276,132.199997,28.598524
2010-11-22,90.980492,25.453270,35.446690,32.999138,69.378235,61.737366,66.732712,62.872055,133.479996,28.673807
2010-11-23,89.663345,25.289597,34.379883,31.953014,69.449173,62.042912,66.772255,62.906097,134.410004,28.447950
2010-11-24,90.988091,25.872444,34.925690,32.693123,69.113762,60.935421,66.653442,62.390110,134.179993,28.996471
2010-11-26,89.928307,25.724733,34.342674,31.881849,69.255669,61.781933,66.700989,62.469486,133.110001,28.937315
2010-11-29,90.200806,25.716749,34.038746,32.130920,69.300812,62.310242,66.693054,62.531944,133.509995,28.921183
2010-11-30,89.693642,25.529123,33.654209,31.867613,69.255669,62.634800,66.740608,62.435467,135.419998,28.792126
2010-12-01,91.601242,26.056068,34.609367,32.778522,68.894516,61.242470,66.640739,62.296635,135.380005,28.958830
2010-12-02,92.774529,26.319546,35.266830,33.426113,68.758339,61.082829,66.640739,62.160019,135.199997,29.405178
2010-12-03,93.024292,26.511168,35.607952,33.547104,68.894516,60.603848,66.727921,61.983578,138.070007,29.399794
2010-12-06,92.925903,26.662859,35.446690,33.490173,69.147408,61.459679,66.767563,62.416157,139.110001,29.458956
2010-12-07,92.978889,26.834518,35.465298,33.333614,68.609276,60.143986,66.648621,61.835583,136.500000,29.523472
2010-12-08,93.319527,26.790609,35.570740,33.120117,68.278564,59.562794,66.545586,61.437191,134.789993,29.087894
2010-12-09,93.682899,26.830534,35.663773,33.006248,68.401764,59.856571,66.537628,61.585163,135.369995,28.829771
2010-12-10,94.227951,27.157873,35.744408,33.155693,68.272072,59.492565,66.513878,61.300529,135.410004,29.017988
2010-12-13,94.288460,27.074045,36.128948,33.369194,68.317459,59.716114,66.553520,61.528236,136.050003,29.066383
2010-12-14,94.371735,27.058075,36.184776,33.419014,67.934914,58.847500,66.521805,61.152561,136.179993,28.781368
2010-12-15,93.940254,26.986223,35.707188,32.878155,67.818253,58.081078,66.498016,60.771236,134.699997,28.507118
2010-12-16,94.485275,27.269653,35.905666,32.970654,67.947914,58.483448,66.513878,61.067173,133.809998,28.555498
2010-12-17,94.586456,27.401390,35.707188,33.020481,68.317459,59.549976,66.569412,61.625011,134.199997,28.792126
2010-12-20,94.814751,27.441317,35.787827,32.871037,68.362854,59.486149,66.585243,61.585163,135.110001,29.136286
2010-12-21,95.415939,27.748711,36.087078,33.350861,68.492516,59.901260,66.569412,61.716091,135.320007,29.442822
2010-12-22,95.712677,27.756678,36.155964,33.465618,68.414764,59.473385,66.553520,61.664814,135.050003,29.668680
2010-12-23,95.575722,27.741051,36.137169,33.429752,68.285080,59.352100,66.466301,61.693287,134.660004,29.534239
2010-12-27,95.613754,27.805214,36.062050,33.322170,68.479591,59.882118,66.505936,61.812809,135.020004,29.901209
2010-12-28,95.750748,27.749062,36.093346,33.350861,68.078949,58.709347,66.417107,61.320248,137.220001,30.020819
2010-12-29,95.819237,27.817257,36.406380,33.777828,68.560249,59.702728,66.575783,61.783092,137.710007,30.080629
2010-12-30,95.667023,27.765106,36.231091,33.950066,68.508232,59.657784,66.551987,61.811680,137.029999,30.162167
2010-12-31,95.689857,27.464264,36.450214,34.186878,68.787910,60.317940,66.631294,61.965961,138.720001,30.102356
2011-01-03,96.679085,27.973675,36.750736,34.516972,68.709869,59.862854,66.615395,62.205975,138.000000,30.662334
2011-01-04,96.625839,27.512407,36.638039,34.674847,68.729355,59.933372,66.599564,62.285923,134.750000,30.075178
2011-01-05,97.128075,27.769119,36.481525,34.588722,68.397652,58.613209,66.480591,61.828777,134.369995,30.183916
2011-01-06,96.937820,27.624710,36.062050,34.222748,68.410599,58.869587,66.551987,61.920227,133.830002,29.901209
2011-01-07,96.747589,27.424164,35.918049,33.907021,68.631783,59.183590,66.647171,62.234497,133.580002,29.912086
2011-01-10,96.625839,27.512407,35.855434,33.555378,68.813950,59.504013,66.678879,62.343102,134.119995,29.906645
2011-01-11,96.968269,27.608671,36.099609,33.914177,68.677307,59.170818,66.639244,62.314507,134.910004,29.841410
2011-01-12,97.843391,27.873402,36.894726,34.595909,68.670815,58.709347,66.639244,62.274483,135.460007,29.966434
2011-01-13,97.683563,27.889446,36.994904,34.294525,68.918037,59.234863,66.663094,62.543102,134.050003,30.064312
2011-01-14,98.391258,28.106050,37.220276,34.394974,68.774925,58.856770,66.663094,62.246002,132.690002,30.265471
2011-01-18,98.558662,28.146168,37.464455,34.344746,68.729355,58.581158,66.647171,62.211647,133.429993,30.526421
2011-01-19,97.592270,27.524448,37.207771,34.079231,68.742393,59.004166,66.678879,62.165955,133.720001,30.124104
2011-01-20,97.462883,27.283770,36.888462,33.706078,68.482178,58.190250,66.607521,61.897369,131.199997,30.129549
2011-01-21,97.683563,27.139372,37.088818,33.354446,68.696823,58.651665,66.623421,61.988804,131.029999,30.151299
2011-01-24,98.239067,27.339931,37.483238,33.612782,68.657791,58.677326,66.615395,62.017418,130.360001,30.303524
2011-01-25,98.292336,27.408115,37.408108,33.411842,68.872467,59.234863,66.663094,62.325970,130.100006,30.656904
2011-01-26,98.672829,27.833305,37.646015,33.706078,68.644806,58.337669,66.647171,61.977390,131.160004,30.705833
2011-01-27,98.916313,28.001760,37.733673,33.591263,68.761833,58.600410,66.694794,62.080231,127.930000,31.189680
2011-01-28,97.188965,27.311848,36.894726,32.529198,68.859459,58.908051,66.726486,62.160240,130.279999,30.673208
2011-01-31,97.919434,27.496353,37.214027,32.873650,68.729355,58.459370,66.718613,61.988804,129.869995,31.080944
2011-02-01,99.487015,28.037868,38.096786,33.670185,68.583237,58.170010,66.645523,61.906776,130.800003,31.157066
2011-02-02,99.296768,27.929565,38.065491,33.419033,68.504951,58.182861,66.605843,61.786282,130.449997,31.157066
2011-02-03,99.517456,27.965677,38.071747,33.375977,68.250504,57.700542,66.542313,61.637154,132.199997,31.244057
2011-02-04,99.798981,28.049896,38.059242,33.368801,68.022133,57.115295,66.486679,61.447842,131.660004,31.015709
2011-02-07,100.422974,28.326670,38.178185,33.411842,68.048241,57.411148,66.454964,61.516697,131.679993,31.320156
2011-02-08,100.879539,28.438980,38.428612,33.426208,67.852493,56.883736,66.367561,61.292912,133.139999,31.456091
2011-02-09,100.651283,28.326670,38.315922,32.658363,67.976463,57.378967,66.415253,61.688751,133.070007,31.477821
2011-02-10,100.689323,28.491117,38.065491,32.349800,67.780731,56.716572,66.383537,61.384708,132.850006,31.608307
2011-02-11,101.290466,28.767889,38.084270,32.744473,68.048241,57.533344,66.383537,61.723190,132.320007,31.814886
2011-02-14,101.533989,28.932348,38.159405,32.579426,68.080864,57.571922,66.383537,61.763348,132.949997,31.820328
2011-02-15,101.214363,28.659594,38.046722,32.644016,68.165695,57.829144,66.415253,61.901043,133.970001,31.700720
2011-02-16,101.853569,28.896238,38.503746,32.916710,68.165695,57.642677,66.407303,61.826485,134.100006,31.771389
2011-02-17,102.157936,29.132900,38.635227,33.031525,68.328758,57.732697,66.486679,61.941223,135.039993,31.804020
2011-02-18,102.371010,29.173016,38.766689,33.232449,68.302666,57.552635,66.510483,62.032997,135.410004,31.929049
2011-02-22,100.316452,28.471062,37.658543,32.170399,68.550636,58.414391,66.582054,62.205112,136.289993,31.651798
2011-02-23,99.700089,27.881433,37.708630,32.199097,68.602821,58.626640,66.566086,62.130527,137.509995,31.385395
2011-02-24,99.631607,28.045895,37.739933,32.278030,68.615814,58.999638,66.597847,62.199364,136.479996,31.146187
2011-02-25,100.696960,28.683659,38.190697,32.665543,68.798538,59.346886,66.613731,62.491959,137.380005,31.755098
2011-02-28,101.320885,28.715750,38.535049,32.859287,68.929016,59.424084,66.637566,62.658333,137.660004,32.543381
2011-03-01,99.631607,28.202314,37.996616,32.522018,68.873405,59.596336,66.678085,62.659447,140.029999,31.575682
2011-03-02,99.844681,28.246445,38.196968,32.966934,68.762207,58.680130,66.646324,62.325413,139.919998,31.287540
2011-03-03,101.564423,28.960419,38.685310,33.619961,68.520157,58.105980,66.511223,62.060509,138.089996,31.738768
2011-03-04,100.803474,28.872179,38.334694,33.655838,68.703293,58.589844,66.662193,62.296627,139.350006,31.434313
2011-03-07,100.012093,28.414907,37.965317,33.182228,68.736038,58.215652,66.614502,62.141102,139.720001,31.205976
2011-03-08,100.887169,28.900253,38.084270,33.627132,68.683655,57.860783,66.590706,62.060509,139.360001,31.646357
2011-03-09,100.742599,28.868168,38.096786,33.691723,68.847221,58.422070,66.638367,62.382999,139.410004,31.613731
2011-03-10,98.878288,28.166222,37.151424,32.694248,69.089264,59.402824,66.709930,62.636452,137.770004,31.129871
2011-03-11,99.563095,28.194305,37.151424,33.031525,69.102371,59.067348,66.717873,62.578823,138.220001,31.445196
2011-03-14,98.961967,28.053904,36.487778,33.225277,69.141632,59.041485,66.757576,62.647930,138.860001,31.129871
2011-03-15,97.828133,27.805214,35.723961,32.672726,69.167809,59.925396,66.725838,62.642208,136.270004,30.966785
2011-03-16,96.017067,27.480318,34.615807,32.005337,69.364021,60.602867,66.845001,63.016605,136.240005,30.510111
2011-03-17,97.287872,27.552513,35.767784,32.400024,69.318260,60.138294,66.813202,62.976238,136.970001,30.743879
2011-03-18,97.641724,27.925554,36.262386,32.457432,69.292099,60.299603,66.781403,63.016605,138.369995,31.053776
2011-03-21,99.154961,28.523222,37.157677,33.081753,69.128532,59.944771,66.709930,62.814945,139.139999,31.390833
2011-03-22,98.811020,28.390846,37.051247,33.182228,69.135094,60.144783,66.693985,62.930172,139.050003,31.189680
2011-03-23,99.093803,28.434971,37.095074,33.619961,69.102371,60.067398,66.701965,62.889874,140.339996,30.847174
2011-03-24,100.041466,28.627502,37.589672,34.007465,68.912651,59.615707,66.654305,62.682480,139.220001,30.977661
2011-03-25,100.347198,28.852539,37.176460,33.971588,68.853798,59.467323,66.606590,62.590366,139.259995,31.219707
2011-03-28,100.102646,28.792274,37.157677,33.799355,68.821045,59.551216,66.574837,62.613361,138.539993,31.181379
2011-03-29,100.775192,29.029345,37.351768,34.186878,68.736038,59.093098,66.550941,62.308102,138.210007,31.307312
2011-03-30,101.470680,29.403063,37.796280,34.624615,68.853798,59.564117,66.590706,62.521286,138.669998,31.761847
2011-03-31,101.333054,29.559795,37.614712,34.926003,68.775276,59.441521,66.550941,62.319656,139.860001,32.019234
2011-04-01,101.761047,29.648188,37.971577,35.485741,68.869087,59.730522,66.604240,62.613964,139.199997,32.068508
2011-04-04,101.845154,29.768749,38.021656,35.787144,68.980644,59.795280,66.620148,62.758553,139.839996,32.046597
2011-04-05,101.829857,29.877249,37.927757,35.715374,68.836273,59.555576,66.548592,62.793247,142.050003,32.079468
2011-04-06,102.150848,29.961628,38.240791,35.909130,68.632904,58.661434,66.548592,62.590809,142.380005,32.095890
2011-04-07,101.890984,29.796873,38.052975,35.873253,68.737877,58.544827,66.596321,62.498333,142.509995,31.739927
2011-04-08,101.539452,29.415125,38.366016,35.909130,68.606667,58.233788,66.572433,62.463600,143.660004,31.509937
2011-04-11,101.233734,29.230272,38.290874,35.485741,68.672318,58.285645,66.564514,62.469387,142.639999,31.531839
2011-04-12,100.477119,28.880659,37.934017,34.818367,68.934708,58.914120,66.675865,62.689110,141.610001,31.477083
2011-04-13,100.469444,28.840469,38.046722,35.105400,69.006897,59.283440,66.707611,62.799026,141.899994,31.427786
2011-04-14,100.545906,29.017292,38.215752,35.213066,68.941307,59.238075,66.643990,62.642883,143.809998,31.882328
2011-04-15,100.912720,29.306620,38.159405,35.256111,69.190643,60.041523,66.771255,62.972496,145.050003,32.293037
2011-04-18,99.781647,28.876638,37.376804,34.373459,69.308701,60.177525,66.787201,63.059235,145.929993,32.002789
2011-04-19,100.354843,28.856564,37.652279,34.868595,69.446503,60.436710,66.803070,63.192242,145.929993,32.254704
2011-04-20,101.722870,29.423159,38.610184,35.693844,69.348106,60.047916,66.795105,63.221134,146.500000,32.632557
2011-04-21,102.242577,29.624086,38.860607,36.009598,69.393990,59.996124,66.779167,63.278973,146.740005,32.851616
2011-04-25,102.135574,29.567825,38.860607,35.715374,69.433395,60.222919,66.787201,63.342594,146.869995,33.070660
2011-04-26,103.014450,29.909395,39.161125,36.023952,69.689285,60.805992,66.850838,63.637516,146.380005,33.360886
2011-04-27,103.687027,30.190687,39.649464,35.959362,69.630241,60.183964,66.874641,63.556564,149.199997,33.607315
2011-04-28,104.023300,30.263010,39.918671,35.665142,69.794258,60.644024,66.874641,63.758911,149.820007,34.056362
2011-04-29,104.267807,30.335340,39.730858,35.880428,69.853348,60.831932,66.906464,63.880371,152.369995,33.859215
2011-05-02,104.107361,30.078176,39.987549,35.887600,69.890160,60.929493,66.895302,64.029526,150.410004,33.908520
2011-05-03,103.732864,29.740622,39.661987,35.091061,69.909935,61.274364,66.919182,64.000549,149.880005,33.618282
2011-05-04,103.045013,29.403063,39.323902,34.509804,70.041542,61.547695,66.951057,64.093384,147.729996,33.426609
2011-05-05,102.112633,29.278482,38.547565,34.179695,70.199471,62.133282,66.966942,64.313995,143.470001,33.404697
2011-05-06,102.563538,29.403063,38.566345,34.624615,70.192902,61.860020,66.974892,64.313995,145.300003,33.108997
2011-05-09,102.960938,29.696402,38.841824,34.689198,70.271873,61.794937,67.006706,64.377838,147.380005,33.278751
2011-05-10,103.839821,30.206758,39.211220,35.098232,70.146881,61.352482,66.943108,64.116631,147.899994,33.804462
2011-05-11,102.746956,29.744631,38.422363,34.323223,70.271873,61.703838,67.006706,64.221100,146.539993,33.448505
2011-05-12,103.236076,29.993788,38.547565,34.423683,70.166542,61.313435,66.974892,64.070198,146.589996,33.503277
2011-05-13,102.441246,29.636137,37.946533,33.670185,70.278496,61.866528,67.006706,64.261742,145.630005,33.147320
2011-05-16,101.791649,29.234287,37.877674,33.619961,70.429810,62.211399,67.038521,64.447525,145.369995,33.196606
2011-05-17,101.776337,29.169994,37.959057,33.727604,70.508759,62.849014,67.046532,64.534592,144.740005,33.185650
2011-05-18,102.685837,29.547731,38.190697,34.272987,70.396957,62.016148,67.014763,64.372040,145.600006,33.508755
2011-05-19,102.930382,29.595953,38.409832,34.050529,70.344276,61.990131,67.022697,64.482353,145.649994,33.651119
2011-05-20,102.112633,29.370911,37.865143,33.777828,70.410049,62.022640,67.046532,64.435921,147.490005,33.240425
2011-05-23,100.928009,28.892710,36.988636,33.074574,70.469345,62.321960,67.054558,64.395279,147.830002,32.900890
2011-05-24,100.843948,28.735998,37.201504,33.404675,70.495651,62.556271,67.054558,64.476532,148.589996,32.999466
2011-05-25,101.180222,29.073544,37.439407,33.476440,70.482483,62.263432,67.086357,64.348824,148.580002,33.152813
2011-05-26,101.646423,29.415125,37.790020,33.907021,70.633797,62.796955,67.126122,64.627464,148.220001,33.596359
2011-05-27,102.036194,29.632126,38.065491,34.265808,70.699623,62.770931,67.150017,64.697083,149.699997,33.788025
2011-05-31,103.098511,30.074150,38.854347,34.825550,70.719368,62.914108,67.150017,64.691315,149.639999,34.324692
2011-06-01,100.782829,29.174015,37.934017,34.201221,71.024971,63.764362,67.194664,65.014732,149.910004,33.338978
2011-06-02,100.675827,29.097660,38.128098,34.524155,70.741180,62.549747,67.154762,64.426178,149.500000,33.098026
2011-06-03,99.674637,28.659651,38.146877,34.351933,70.833557,62.908840,67.178673,64.566055,150.220001,33.229458
2011-06-06,98.619949,28.253775,37.652279,33.799355,70.846725,62.432117,67.186646,64.455338,150.479996,32.742088
2011-06-07,98.558823,28.338161,37.996616,34.064877,70.991951,62.719517,67.234413,64.676773,150.419998,33.087086
2011-06-08,98.146103,28.052855,37.508286,33.820896,71.051422,63.209248,67.242393,64.717545,149.809998,32.993984
2011-06-09,98.895111,28.181450,37.896446,34.086399,70.945732,62.954563,67.170723,64.542770,150.559998,32.638020
2011-06-10,97.519455,27.743444,37.019943,33.347275,70.939178,63.437836,67.226463,64.466957,149.240005,31.816607
2011-06-13,97.595879,27.675131,37.076294,33.289867,70.846725,63.117844,67.202576,64.536911,147.770004,31.948048
2011-06-14,98.833969,28.285948,37.733673,33.792183,70.655380,62.164394,67.146820,64.344582,148.669998,32.424480
2011-06-15,97.076180,27.863993,36.494034,33.067402,70.833557,63.294155,67.242393,64.700050,149.119995,31.904232
2011-06-16,97.290146,27.956425,36.368816,32.816246,70.879700,63.581509,67.250420,64.577690,148.970001,32.156132
2011-06-17,97.580505,27.944365,36.725681,32.859287,70.945732,63.281109,67.266304,64.601006,149.940002,32.462791
2011-06-20,98.079697,28.225653,36.681858,32.809059,70.853325,63.359489,67.266304,64.612663,150.029999,32.857079
2011-06-21,99.423782,28.719925,37.476982,33.411842,70.919380,63.078667,67.274185,64.595139,150.759995,33.114475
2011-06-22,98.824692,28.527040,37.113815,33.079178,70.873169,63.117844,67.258331,64.682587,150.990005,33.015884
2011-06-23,98.540527,28.583410,36.794701,33.035694,71.104172,63.601097,67.298126,64.851608,148.339996,32.347805
2011-06-24,97.396172,28.410263,36.443665,32.977711,71.038155,63.333340,67.338051,64.886551,146.259995,32.352760
2011-06-27,98.264061,28.611595,36.743637,33.361847,70.912766,62.464809,67.274185,64.676773,145.729996,32.490841
2011-06-28,99.546738,29.066578,37.184025,33.818462,70.628937,61.961941,67.154762,64.228027,146.240005,32.761456
2011-06-29,100.399223,29.191395,37.835033,34.130116,70.417732,61.550518,67.154762,64.082436,147.179993,33.103878
2011-06-30,101.359261,29.521563,38.383919,34.499756,70.404541,61.452587,67.146820,64.175629,146.000000,33.192242
2011-07-01,102.856987,29.992651,38.805157,34.905636,70.427010,61.354237,67.123734,64.179146,144.929993,33.761093
2011-07-05,102.772507,30.097338,38.575397,34.891140,70.698425,61.491856,67.203423,64.407219,147.630005,34.020660
2011-07-06,102.895355,30.169802,38.332867,34.659206,70.738121,61.806419,67.227295,64.541847,148.910004,34.274715
2011-07-07,103.962967,30.596601,38.664738,35.137569,70.539574,61.622925,67.163574,64.559326,149.149994,34.705486
2011-07-08,103.225624,30.407347,38.186069,34.738926,70.903648,62.494446,67.259209,64.974693,150.250000,34.661308
2011-07-11,101.359261,29.803408,37.030853,33.767723,71.095535,63.431488,67.307022,65.191170,151.589996,34.059319
2011-07-12,100.921532,29.678585,36.781929,33.427078,71.155167,63.647697,67.299080,65.243835,152.770004,34.175304
2011-07-13,101.259438,29.924194,37.330818,33.970650,71.294151,63.824673,67.315063,65.407578,154.139999,33.838409
2011-07-14,100.560501,29.428953,37.005306,33.608269,71.115417,62.913834,67.291054,65.003975,154.539993,33.523605
2011-07-15,101.144218,29.602079,37.132965,33.818462,71.214722,63.018681,67.307022,65.150253,155.199997,33.893642
2011-07-18,100.314697,29.207499,36.584080,33.427078,71.108780,62.409248,67.307022,64.898666,156.570007,33.656155
2011-07-19,101.942986,29.855745,37.132965,33.912689,71.261086,63.706703,67.307022,65.214554,154.660004,34.197395
2011-07-20,101.881531,29.783279,37.573345,34.014149,71.148560,62.953148,67.283096,65.062462,156.020004,34.445919
2011-07-21,103.294769,30.073177,38.371147,34.557747,71.036018,62.468239,67.251251,64.963028,154.830002,34.722069
2011-07-22,103.363907,30.040968,38.409451,34.535992,71.188240,62.940060,67.259209,65.226280,156.119995,34.893269
2011-07-25,102.787857,29.738985,38.166912,34.463524,70.983086,62.252007,67.227295,64.916199,157.339996,34.567429
2011-07-26,102.403824,29.489353,38.396694,34.579479,71.148560,62.677952,67.267159,65.202850,157.770004,34.644745
2011-07-27,100.307014,28.639771,37.464855,33.970650,71.029366,62.684498,67.227295,65.009819,157.190002,33.672726
2011-07-28,100.015198,28.559259,37.375492,33.999657,71.168411,62.920387,67.267159,65.150253,157.320007,33.705860
2011-07-29,99.331635,28.587446,37.471237,34.144615,71.591988,64.165466,67.338905,65.735207,158.289993,33.711380
2011-08-01,98.909180,28.422352,36.998940,34.115616,71.764557,64.813034,67.315781,65.929558,157.720001,33.203274
2011-08-02,96.382332,27.604992,36.022419,33.064674,72.069908,66.759178,67.403534,66.481552,161.520004,32.142899
2011-08-03,96.904602,27.753975,36.233044,32.948719,72.142914,66.890625,67.395531,66.458008,161.490005,31.877790
2011-08-04,92.365425,26.268229,33.705601,31.064266,72.527893,69.270653,67.459351,66.939529,160.639999,30.320366
2011-08-05,92.227203,25.877661,34.299156,30.861332,72.049942,67.271935,67.443436,66.111603,161.750000,29.563732
2011-08-08,86.221062,23.731596,31.739819,28.288349,72.083199,69.395523,67.467354,65.483276,167.119995,26.995615
2011-08-09,90.230263,25.177073,33.877922,29.948111,72.508011,69.605911,67.539101,66.070496,168.610001,29.453276
2011-08-10,86.244110,23.969149,31.854702,28.360825,73.098709,71.676979,67.586990,66.663536,174.580002,28.773968
2011-08-11,90.115028,25.160965,33.380104,29.926369,72.189377,68.060890,67.571053,65.295403,170.750000,30.265129
2011-08-12,90.721809,25.330080,33.763039,29.911871,72.508011,69.408714,67.579094,66.041145,169.970001,30.259604
2011-08-15,92.641922,25.978323,34.548084,30.607658,72.620865,68.705215,67.555092,66.164474,171.800003,31.364172
2011-08-16,91.850815,25.579710,34.043869,30.346733,72.773514,69.842644,67.555092,66.405159,173.919998,31.270300
2011-08-17,91.912300,25.511261,34.241722,30.564165,72.892960,71.065506,67.571053,66.587166,174.419998,31.358650
2011-08-18,87.949150,24.077871,32.575912,29.121857,72.999168,72.525108,67.563034,66.675270,177.720001,29.961370
2011-08-19,86.512909,23.707436,32.020630,28.759457,73.032303,73.110298,67.563034,66.593109,179.949997,29.387011
2011-08-22,86.582024,23.679262,32.224888,28.730465,72.939423,72.926163,67.555092,66.346504,184.589996,29.420143
2011-08-23,89.431503,24.830809,33.271606,29.737917,72.766823,71.920265,67.523186,65.589012,177.669998,30.143633
2011-08-24,90.691093,25.152916,33.284367,29.448004,72.355278,69.875572,67.523186,64.813889,171.649994,30.541285
2011-08-25,89.308601,24.565067,32.480175,28.875425,72.501343,70.631584,67.563034,65.172119,172.360001,29.972424
2011-08-26,90.606567,25.100576,32.990768,29.368279,72.600868,71.328506,67.571053,65.201439,177.470001,30.336916
2011-08-29,93.210289,26.252125,33.775814,30.317743,72.521217,70.342308,67.555092,65.412834,173.889999,31.375225
2011-08-30,93.456032,26.352785,33.577957,30.361242,72.746956,71.473122,67.571053,65.759239,179.100006,31.463583
2011-08-31,93.870789,26.360834,34.190662,30.984554,72.680557,70.368607,67.571053,65.958931,177.720001,31.817049
2011-09-01,92.887703,25.813251,33.769421,30.817841,72.914658,71.860237,67.590195,66.007820,177.869995,31.358650
2011-09-02,90.514435,24.903276,33.016300,30.122057,73.134201,74.194710,67.558243,66.414467,183.240005,30.618591
2011-09-06,89.853897,24.842886,31.931292,29.810400,73.327072,74.966331,67.566277,66.803482,182.899994,30.486034
2011-09-07,92.388466,25.801167,32.882271,30.694633,73.154175,73.535271,67.550262,66.933083,177.080002,31.634794
2011-09-08,91.428421,25.330080,32.231258,30.013348,73.174103,74.194710,67.574272,66.874146,181.809998,31.391792
2011-09-09,89.032104,24.577141,31.114330,28.998632,73.273880,74.986084,67.598213,66.944931,180.699997,30.408726
2011-09-12,89.608147,24.754303,30.980309,28.940651,73.127586,75.065231,67.550262,66.538284,176.669998,30.508142
2011-09-13,90.429970,25.144863,31.312201,28.984146,73.154175,73.996902,67.558243,66.526443,178.539993,30.579926
2011-09-14,91.681892,25.583742,31.784487,28.904421,73.167458,74.623413,67.558243,66.497032,177.210007,30.778759
2011-09-15,93.264069,25.921953,32.473801,29.324793,72.954636,73.482582,67.566277,66.267120,174.399994,31.286860
2011-09-16,93.816055,25.901827,32.486561,29.375521,73.061050,74.016693,67.582176,66.267120,176.029999,31.590624
2011-09-19,92.881905,25.507242,31.593018,28.505796,73.220657,75.427910,67.614113,66.632576,173.309998,30.900259
2011-09-20,92.773811,25.072397,31.720671,28.295601,73.366989,75.744415,67.582176,66.662018,175.779999,30.883698
2011-09-21,90.040863,24.158394,30.776068,27.244661,73.486717,78.250343,67.510361,66.815231,173.589996,29.254461
2011-09-22,87.130341,23.538330,29.780411,25.331232,73.699646,81.191544,67.518349,66.944931,169.050003,28.541994
2011-09-23,87.655334,23.800043,30.118670,26.005276,73.320435,79.681389,67.526314,66.532387,159.800003,28.752243
2011-09-26,89.739777,24.311396,30.737768,26.396658,73.154175,78.402031,67.502373,66.408615,157.580002,29.153749
2011-09-27,90.743401,24.816286,31.497280,27.237417,73.054390,77.201797,67.478462,66.196411,160.630005,29.443718
2011-09-28,88.890518,23.939802,30.961159,26.418407,72.994522,77.175468,67.454514,65.931244,156.220001,28.696470
2011-09-29,89.593086,24.404299,31.567490,26.780802,72.967865,77.709610,67.470421,65.860489,157.699997,29.142593
2011-09-30,87.354210,23.644949,30.495243,25.439943,73.240608,79.661636,67.502373,66.190529,158.059998,28.367464
2011-10-03,84.868340,22.465525,29.691057,24.903606,73.539856,81.853859,67.517616,66.313583,160.960007,27.029116
2011-10-04,86.728897,23.947874,30.188889,25.287743,73.313263,80.815941,67.477592,65.733849,157.639999,28.094219
2011-10-05,88.334679,24.266972,30.654806,25.874823,73.066689,80.234146,67.477592,66.005989,159.460007,27.854439
2011-10-06,89.932762,24.800131,31.478138,26.730068,72.946716,78.753166,67.461716,65.739723,160.490005,28.618408
2011-10-07,89.330612,24.218496,31.261129,26.411161,72.800049,78.171440,67.437683,65.680580,159.179993,27.820965
2011-10-10,92.318344,25.220194,32.454651,27.592560,72.653427,77.067322,67.381767,65.804817,163.270004,29.209513
2011-10-11,92.410950,25.349455,32.397209,27.607050,72.826752,76.809441,67.413712,65.982315,162.100006,28.629562
2011-10-12,93.221581,25.660454,32.869503,28.382568,72.686775,75.692215,67.413712,66.082840,163.259995,29.097984
2011-10-13,93.036301,25.664497,32.882271,28.128899,72.726784,76.445824,67.429779,66.142075,162.300003,28.908384
2011-10-14,94.626663,26.128990,33.265217,28.694229,72.606750,75.335197,67.461716,66.100586,163.399994,29.577553
2011-10-17,92.820129,25.345415,32.499321,27.723021,72.893387,76.637604,67.469643,66.053291,162.619995,28.936268
2011-10-18,94.634392,25.983589,32.965240,28.462299,72.813400,76.161621,67.469643,66.283989,161.839996,29.956745
2011-10-19,93.514946,25.519093,32.371674,27.918705,72.920082,76.135139,67.493675,66.455559,159.869995,29.611015
2011-10-20,93.924156,25.579676,32.454651,27.382370,72.880020,75.593010,67.501549,66.603447,157.770004,29.778309
2011-10-21,95.707512,26.153231,33.239685,28.165136,72.920082,74.793106,67.477592,66.822311,159.520004,30.759752
2011-10-24,96.880981,26.977207,33.737518,29.266811,72.806770,74.918671,67.477592,67.165428,161.020004,31.523746
2011-10-25,94.997238,26.250166,33.156708,28.686981,73.179970,76.822678,67.517616,67.496658,165.589996,31.010714
2011-10-26,95.962265,26.674273,33.609863,29.216080,72.980019,75.480652,67.477592,67.449371,167.399994,31.239334
2011-10-27,99.305130,28.039494,35.467159,30.991806,72.700127,72.922089,67.429779,67.437546,169.550003,32.722683
2011-10-28,99.281952,27.950640,35.262924,30.730877,72.986694,73.688995,67.461716,67.697823,169.619995,32.789597
2011-10-31,96.888702,27.171082,33.431168,29.578470,73.333214,76.611145,67.525589,67.851669,167.339996,32.421555
2011-11-01,94.186630,26.302681,32.384441,28.860928,73.685387,79.175697,67.532005,68.191200,167.380005,31.378757
2011-11-02,95.722954,26.904510,32.658890,29.745174,73.685387,78.188072,67.547859,68.440521,169.059998,31.981007
2011-11-03,97.467705,27.574993,33.482204,30.049574,73.525047,77.114235,67.555954,68.476082,171.720001,32.421555
2011-11-04,96.873245,27.421503,33.060974,29.853888,73.505013,77.207039,67.555954,68.612671,170.850006,32.159470
2011-11-07,97.475433,27.393242,33.201389,30.107565,73.565086,77.697556,67.539886,68.339600,174.979996,32.165035
2011-11-08,98.726112,27.756763,33.603489,30.462708,73.464890,76.703323,67.532005,67.918121,173.529999,32.583275
2011-11-09,95.082138,26.528868,31.880222,28.679737,73.591843,78.294083,67.547859,67.740059,172.070007,31.094358
2011-11-10,95.977699,26.686394,32.256790,28.868179,73.451523,77.127480,67.555954,67.401657,171.139999,31.088789
2011-11-11,97.784233,27.425547,33.060974,29.563976,73.364670,76.656967,67.524010,67.282951,173.960007,31.925243
2011-11-14,96.857834,27.033754,32.473801,29.158089,73.424828,77.889793,67.555954,67.277000,173.199997,31.334141
2011-11-15,97.336456,27.373032,32.384441,29.339289,73.331245,77.783737,67.547859,67.211655,173.360001,31.568350
2011-11-16,95.792419,26.928730,31.765345,28.549271,73.304489,78.492943,67.532005,66.998039,171.509995,31.267218
2011-11-17,94.271545,26.605610,31.420696,27.824490,73.264442,79.122650,67.539886,66.469582,167.100006,30.692842
2011-11-18,94.171181,26.670237,31.529196,27.933208,73.251114,79.102760,67.515930,66.576515,167.619995,30.888018
2011-11-21,92.380074,26.007820,30.731384,27.034475,73.237709,79.573418,67.524010,66.303444,163.500000,30.107317
2011-11-22,92.017220,25.830103,30.642044,27.128696,73.291176,80.461563,67.532005,66.131264,165.309998,29.967913
2011-11-23,89.986809,25.066708,29.799564,26.251699,73.357964,81.250381,67.539886,65.792877,164.830002,29.064522
2011-11-25,89.816956,24.751661,29.646379,26.164734,73.257736,80.070480,67.539886,65.531662,163.399994,29.192776
2011-11-28,92.418709,25.910879,30.910099,27.418608,73.251114,80.030762,67.547859,65.561356,166.630005,29.845232
2011-11-29,92.681145,25.813946,31.114330,27.295391,73.277832,79.374481,67.555954,65.412956,166.880005,29.800623
2011-11-30,96.494957,27.340731,32.703560,28.998632,73.090683,78.135017,67.555954,65.709808,170.130005,31.189152
2011-12-01,96.479523,27.175131,32.422729,28.911669,73.116219,77.742981,67.559929,65.862244,169.630005,30.932640
2011-12-02,96.394608,27.223598,32.416355,28.824696,73.304314,78.832741,67.543915,66.422264,169.820007,30.904753
2011-12-05,97.444527,27.635586,32.786526,29.295803,73.384918,78.673264,67.551910,66.916687,167.320007,31.166851
2011-12-06,97.475433,27.627506,32.633350,28.897173,73.317757,77.922371,67.551910,66.559250,168.179993,31.116669
2011-12-07,97.838280,27.619423,32.863129,29.013136,73.452126,78.201477,67.575905,66.976250,169.399994,31.456825
2011-12-08,95.692032,26.787378,31.784487,27.969444,73.526009,79.178238,67.583878,66.749916,165.979996,30.743040
2011-12-09,97.313324,27.615387,32.575912,28.534769,73.485687,77.550278,67.583878,66.493713,166.399994,31.417786
2011-12-12,95.892761,27.276106,31.624929,27.462099,73.505882,78.414078,67.583878,66.499718,161.990005,30.860144
2011-12-13,94.997238,26.783329,31.197309,27.208426,73.653664,79.145058,67.583878,66.726082,158.449997,30.497669
2011-12-14,93.985886,26.407690,30.827129,26.817032,73.835022,80.640068,67.567924,66.839218,152.889999,30.676115
2011-12-15,94.325569,26.738903,30.980309,26.990986,73.680534,80.341072,67.559929,66.946503,152.330002,31.189152
2011-12-16,94.465408,26.957016,30.852648,27.193926,73.929108,81.277939,67.591881,67.321808,155.229996,31.534889
2011-12-19,93.455414,26.500589,30.565449,26.490885,74.002983,82.307861,67.583878,67.560097,154.869995,31.261648
2011-12-20,96.283409,27.574993,31.643486,27.600920,73.902214,80.254662,67.567924,67.512428,156.979996,32.209652
2011-12-21,96.469856,27.728479,31.475540,27.688730,73.714119,79.138382,67.543915,67.226440,157.160004,32.198502
2011-12-22,97.324471,27.920610,31.759748,28.054590,73.828293,79.470642,67.535919,67.578003,156.039993,32.661346
2011-12-23,98.194626,28.009792,31.979362,28.164360,73.740952,78.586861,67.551910,67.369446,156.309998,32.803436
2011-12-27,98.272278,28.115198,31.837254,27.893612,73.874001,78.960175,67.527107,67.625282,154.910004,32.950016
2011-12-28,96.982620,27.632830,31.262400,27.425304,74.001701,80.420059,67.543114,67.750847,151.029999,32.555340
2011-12-29,97.984886,27.944946,31.837254,27.739952,74.176392,80.566696,67.551102,67.714981,150.339996,32.842896
2011-12-30,97.503181,27.685520,31.992281,27.761900,74.082321,80.826637,67.591187,68.001900,151.990005,32.701935
2012-01-03,99.057007,28.131409,32.864273,28.610716,73.934509,79.613441,67.551102,67.948044,155.919998,32.978207
2012-01-04,99.212395,27.969267,32.670486,28.449726,73.833694,78.666847,67.559181,68.001900,156.710007,32.414383
2012-01-05,99.476524,28.135458,32.186058,28.325331,73.934509,78.526825,67.567116,67.708969,157.779999,32.718853
2012-01-06,99.220154,28.042234,31.746830,27.966785,73.994987,79.146828,67.559181,67.972023,157.199997,32.611721
2012-01-09,99.461021,28.155724,31.869553,28.259481,73.934509,79.006828,67.575142,67.870361,156.500000,32.498959
2012-01-10,100.323402,28.532713,32.353996,28.874134,73.914322,78.873543,67.583099,68.061661,158.639999,32.859821
2012-01-11,100.377792,28.650253,32.250652,28.896086,74.176392,79.900101,67.607101,68.049675,159.669998,33.090977
2012-01-12,100.618599,28.759687,32.386280,29.013168,74.115936,79.786758,67.599068,68.205086,160.380005,32.848545
2012-01-13,100.098068,28.569183,32.037498,28.749746,74.283905,80.580032,67.615112,68.450233,159.259995,32.921833
2012-01-17,100.486519,28.581347,32.418587,29.298532,74.304062,80.953354,67.623085,68.659378,160.500000,33.192471
2012-01-18,101.597542,29.083979,32.961151,30.037586,74.209976,79.973381,67.615112,68.521919,161.600006,33.423641
2012-01-19,102.133583,29.250168,33.368088,30.301018,74.089050,78.873543,67.615112,68.504013,161.220001,33.553318
2012-01-20,102.514282,29.294758,33.542473,30.279064,73.900902,77.980225,67.599068,68.330612,162.070007,33.761925
2012-01-23,102.250168,29.246122,33.671669,30.571764,73.840416,77.486961,67.607101,68.229034,163.160004,33.925446
2012-01-24,102.133583,29.424482,33.484348,30.615648,73.900902,77.626930,67.607101,68.474106,162.009995,34.184792
2012-01-25,102.988228,29.631201,33.833141,30.959560,74.008415,77.440338,67.647110,68.707237,166.419998,34.624603
2012-01-26,102.459900,29.570398,33.846066,30.835180,74.156242,78.466843,67.655098,69.245224,167.270004,34.867031
2012-01-27,102.413292,29.704159,33.904190,30.996164,74.277214,78.713501,67.671135,69.346825,168.970001,34.878315
2012-01-30,102.063683,29.481230,33.503723,30.549795,74.492210,79.640099,67.647110,69.257202,168.029999,34.618942
2012-01-31,102.024834,29.509609,33.678116,30.813213,74.619850,80.560081,67.647110,69.460442,169.309998,34.788082
2012-02-01,102.918297,30.137892,34.207767,31.493734,74.488518,79.637238,67.623863,69.736969,169.559998,35.132023
2012-02-02,103.081413,30.328421,34.278828,31.581547,74.508759,79.603828,67.631882,69.880867,171.050003,35.210972
2012-02-03,104.526489,30.981026,34.814941,32.108391,74.475014,77.893257,67.631882,69.778900,167.639999,35.701492
2012-02-06,104.456589,30.851307,34.646996,31.837648,74.528961,78.668343,67.615967,69.958885,167.179993,35.588730
2012-02-07,104.720741,30.798622,34.860146,31.903507,74.454849,77.692764,67.599937,69.826897,169.699997,35.498512
2012-02-08,105.031494,30.859417,34.982883,32.130337,74.394203,77.752922,67.599937,69.898903,168.500000,35.560551
2012-02-09,105.163567,30.701338,35.073299,32.115704,74.272972,77.171577,67.567902,69.676910,168.020004,35.301167
2012-02-10,104.386688,30.283821,34.408001,31.405928,74.374054,78.173828,67.583946,69.610947,167.139999,34.974152
2012-02-13,105.163567,30.672956,34.802021,31.918139,74.400970,78.274101,67.543884,69.850899,167.509995,35.329365
2012-02-14,105.031494,30.531078,34.543644,31.654713,74.461609,78.688362,67.559868,69.904884,167.119995,34.968513
2012-02-15,104.542015,30.275715,34.582405,31.742537,74.434608,78.548065,67.567902,69.808853,168.110001,34.759899
2012-02-16,105.699684,30.847261,35.060379,32.086437,74.421165,77.919937,67.543884,69.688919,168.000000,35.126392
2012-02-17,105.979378,30.863472,35.215405,32.144970,74.326843,77.899910,67.527901,69.581024,167.350006,35.154575
2012-02-21,106.025963,30.681059,35.221870,32.013268,74.212349,77.037926,67.511856,69.467041,171.020004,34.607670
2012-02-22,105.684113,30.474346,35.118507,32.071808,74.421165,78.006805,67.543884,69.898903,172.940002,34.314484
2012-02-23,106.150284,30.863472,35.409184,32.013268,74.481766,78.006805,67.535912,69.994835,173.020004,34.742989
2012-02-24,106.383316,30.737818,35.622337,32.335228,74.502022,78.514656,67.519882,70.048820,172.229996,34.788082
2012-02-27,106.561989,30.668901,35.441479,32.013268,74.737770,79.209549,67.535912,70.306686,171.699997,34.731716
2012-02-28,106.872833,30.604050,35.770889,32.459625,74.683899,78.948967,67.551872,70.528664,173.490005,34.528725
2012-02-29,106.453331,30.150063,35.305843,32.437660,74.609787,78.467903,67.551872,70.594635,164.289993,34.387791
2012-03-01,107.004868,30.340572,35.706306,32.744991,74.459213,77.729126,67.539871,70.427902,166.610001,34.596401
2012-03-02,106.678604,29.866310,35.376888,32.664505,74.621254,78.459122,67.555916,70.451996,166.339996,34.545650
2012-03-05,106.243507,29.894682,35.189564,32.101070,74.513199,77.836311,67.555916,70.325600,165.649994,34.895222
2012-03-06,104.689674,29.351509,34.065674,31.025427,74.661766,78.780655,67.555916,70.217262,162.699997,34.432884
2012-03-07,105.419975,29.610939,34.485531,31.398611,74.594246,78.298409,67.539871,70.187164,163.630005,34.618942
2012-03-08,106.468788,29.939278,35.228317,32.057163,74.425468,77.514847,67.515831,70.199257,165.279999,34.438534
2012-03-09,106.880608,30.324348,35.112049,32.042542,74.411919,77.668877,67.515831,70.163116,166.380005,34.607670
2012-03-12,106.888344,30.320309,35.021629,31.691301,74.479462,77.655464,67.523895,70.024681,165.070007,34.861385
2012-03-13,108.815056,30.972929,35.590042,32.554741,74.229576,76.289215,67.483833,69.832108,162.300003,35.566177
2012-03-14,108.698555,30.729713,35.273533,32.042542,73.824371,74.367088,67.387825,69.001518,159.570007,35.470325
2012-03-15,109.327835,30.972929,35.609421,32.298630,73.790634,74.480988,67.427757,68.851097,161.080002,35.419579
2012-03-16,109.479256,30.887791,35.854866,32.262051,73.797394,74.628288,67.467834,68.953407,161.300003,35.622559
2012-03-19,109.908386,31.167479,36.042187,32.137653,73.561005,73.737534,67.419846,68.857094,161.589996,35.870644
2012-03-20,109.588509,30.887791,35.615875,31.581547,73.669067,74.032257,67.403793,68.814972,160.130005,35.819908
2012-03-21,109.409042,30.879698,35.383343,31.640076,73.844650,74.869339,67.443848,69.127953,160.210007,35.769154
2012-03-22,108.620911,30.595943,35.137897,31.157133,73.912178,75.110512,67.451759,69.013535,159.570007,35.278625
2012-03-23,108.972046,30.883759,35.383343,31.391291,74.080986,75.820374,67.459816,69.067741,161.529999,35.498512
2012-03-26,110.501488,31.560234,35.835487,31.940083,74.027000,75.431961,67.475838,69.218224,164.399994,35.914551
2012-03-27,110.158134,31.336630,35.609421,31.771790,74.108002,75.974449,67.499878,69.753845,163.240005,35.920238
2012-03-28,109.611885,31.206528,35.363968,31.237625,74.094528,75.867271,67.483833,69.621460,161.509995,35.863400
2012-03-29,109.424637,31.117092,35.137897,31.201038,74.297112,76.436539,67.507851,69.759857,161.279999,35.880455
2012-03-30,109.877190,31.023594,35.454399,31.427876,74.182304,75.143997,67.499878,69.591339,162.119995,36.175999
2012-04-02,110.680969,31.401670,35.867779,31.859596,74.191147,75.560318,67.515839,69.770691,162.940002,36.431767
2012-04-03,110.228378,31.239048,35.241238,31.676666,73.873032,74.250938,67.467842,69.106384,159.889999,36.289658
2012-04-04,109.135910,30.759340,34.453217,31.105911,74.028694,75.271530,67.483803,69.239235,157.210007,35.891830
2012-04-05,109.081299,30.621105,34.246529,31.274214,74.197876,75.815453,67.507858,69.354042,158.309998,35.755421
2012-04-09,107.856194,30.137320,34.097969,30.813213,74.522743,77.588173,67.555954,69.806946,159.369995,35.374615
2012-04-10,106.045860,29.421793,33.368088,30.213209,74.529564,78.467789,67.587952,69.764671,161.100006,34.613003
2012-04-11,106.904175,29.852743,33.833141,30.542486,74.536255,77.527710,67.579926,69.692184,161.070007,35.056335
2012-04-12,108.300934,30.267408,34.453217,31.325436,74.461845,77.205406,67.587952,69.722404,162.699997,35.539429
2012-04-13,107.013458,29.921850,33.794392,30.849804,74.691910,78.454330,67.595955,70.054535,160.850006,35.391659
2012-04-16,106.943169,29.990950,34.039848,30.696146,74.705498,78.340202,67.595955,70.054535,160.460007,35.874756
2012-04-17,108.527237,30.434099,34.582405,31.047379,74.719009,78.293137,67.595955,70.145172,160.250000,36.181679
2012-04-18,108.160500,30.173916,34.401543,30.901026,74.813766,78.521492,67.611969,70.133080,159.309998,35.937286
2012-04-19,107.466049,30.011288,34.194855,30.762001,74.759628,78.595329,67.619972,70.181374,159.429993,35.937286
2012-04-20,107.645531,30.153585,34.524277,30.974213,74.773140,78.608795,67.619972,70.163269,159.539993,36.374920
2012-04-23,106.740326,29.718569,33.833141,30.381504,74.847595,79.179535,67.636032,70.175339,159.070007,35.999802
2012-04-24,107.146095,29.889326,34.104435,30.447357,74.739357,78.622185,67.611969,70.048538,159.300003,36.539749
2012-04-25,108.613083,30.360924,34.569485,30.725416,74.773140,78.219307,67.628006,70.169289,159.619995,36.960323
2012-04-26,109.370033,30.637373,34.776184,30.915668,74.888176,78.689293,67.636032,70.284058,161.029999,37.051266
2012-04-27,109.549492,30.926044,34.918285,30.959560,74.881447,78.756462,67.619972,70.386703,161.380005,37.307026
2012-04-30,109.143730,30.600775,34.718044,30.893711,74.854385,78.776627,67.636032,70.344467,161.880005,37.210415
2012-05-01,109.822548,30.641441,34.860146,31.098591,74.827202,78.368065,67.634399,70.210503,161.320007,37.613945
2012-05-02,109.494850,30.808128,34.588860,31.040058,74.901886,78.919968,67.642395,70.440750,160.589996,37.557114
2012-05-03,108.659935,30.393454,34.285278,30.805910,74.983231,78.899780,67.634399,70.483177,158.970001,37.426392
2012-05-04,106.904175,29.848660,33.762093,30.264429,75.057816,79.519035,67.658455,70.561974,159.470001,37.096733
2012-05-07,106.982216,29.938110,34.007549,30.374184,75.084961,79.532524,67.658455,70.683151,159.080002,37.358185
2012-05-08,106.553040,29.893389,33.484348,29.891243,75.139206,79.956581,67.666451,70.858925,156.000000,37.289982
2012-05-09,105.920937,29.742971,33.096798,29.503408,75.159561,80.010445,67.658455,70.737633,154.470001,37.170631
2012-05-10,106.139481,29.877123,33.251816,29.627819,75.084961,79.774826,67.650398,70.592255,154.770004,37.199032
2012-05-11,105.819572,29.795820,33.045132,29.247314,75.139206,80.434441,67.658455,70.804352,153.559998,37.278599
2012-05-14,104.649071,29.450258,32.412125,28.581436,75.308746,81.558517,67.650398,70.822517,151.330002,36.806873
2012-05-15,104.048187,29.466516,32.005192,28.332653,75.268082,81.888336,67.642395,70.731659,149.740005,36.613636
2012-05-16,103.650223,29.230709,31.688702,27.930201,75.254524,82.123940,67.634399,70.767990,149.460007,36.210110
2012-05-17,102.112991,28.616842,31.301146,27.549702,75.301987,83.577812,67.602310,70.240814,152.800003,35.152966
2012-05-18,101.239037,28.368832,31.075085,27.286289,75.281654,83.597977,67.610390,69.968178,154.550003,34.726673
2012-05-21,102.979164,28.856695,31.759748,27.937517,75.268082,83.422997,67.618385,70.046974,154.649994,35.482594
2012-05-22,103.158661,28.726604,31.643486,27.644823,75.084961,82.494118,67.594345,69.859116,152.080002,35.550808
2012-05-23,103.213272,28.872963,31.385118,27.454575,75.173141,83.066254,67.626389,70.028755,151.619995,35.601963
2012-05-24,103.416130,28.885168,31.178421,27.315544,75.112106,82.749924,67.602310,70.040863,151.410004,35.761086
2012-05-25,103.080574,28.905478,31.068617,27.183836,75.227356,83.059532,67.634399,70.216568,152.679993,35.619015
2012-05-29,104.329109,29.295774,31.462620,27.952162,75.186714,82.803772,67.618385,70.319588,151.020004,36.124863
2012-05-30,102.815277,28.767248,30.719818,27.469215,75.437622,84.903786,67.650398,70.380188,151.910004,35.266624
2012-05-31,102.588989,28.685940,30.849010,27.586288,75.661476,85.886543,67.674416,70.877014,151.619995,35.533749
2012-06-01,100.006180,27.876930,30.067440,26.847231,75.850418,87.925446,67.680855,71.312386,157.500000,34.664173
2012-06-04,99.959320,27.828131,30.319353,26.964312,75.673721,87.230774,67.672852,70.771225,157.320007,34.425449
2012-06-05,100.716240,28.076128,30.538969,27.037491,75.517311,86.063881,67.688927,70.619202,157.139999,35.135906
2012-06-06,102.979164,28.755062,31.391573,27.827761,75.293053,84.343994,67.664841,70.412514,157.210007,35.914551
2012-06-07,103.041588,28.612772,31.436787,27.996056,75.408592,84.472107,67.656784,70.558472,154.500000,35.658794
2012-06-08,103.860947,28.938004,31.333443,27.754578,75.374626,84.451874,67.656784,70.819885,154.729996,36.164631
2012-06-11,102.542175,28.255014,31.029856,27.352137,75.442551,84.836288,67.656784,70.807739,155.360001,35.351871
2012-06-12,103.720428,28.600573,31.546591,27.922884,75.381454,84.060692,67.624748,70.601036,156.460007,35.687218
2012-06-13,103.057182,28.230612,31.294685,27.820440,75.578491,84.890251,67.616730,70.856392,157.119995,35.505329
2012-06-14,104.149643,28.555851,31.527224,28.018007,75.524178,84.782372,67.624748,70.771225,157.750000,36.022537
2012-06-15,105.214813,28.860764,31.972906,28.530222,75.700859,85.254509,67.648842,71.063103,157.839996,36.244202
2012-06-18,105.418716,28.913618,31.882475,28.588753,75.680489,85.713165,67.632812,71.032700,157.929993,36.545425
2012-06-19,106.438446,29.411907,32.412125,29.049746,75.592155,84.593529,67.624748,70.965813,157.160004,36.693199
2012-06-20,106.265854,29.354773,32.599442,28.954628,75.476585,85.011711,67.600723,70.996262,155.970001,36.676159
2012-06-21,103.881409,28.628355,31.746143,27.894238,75.578491,85.463608,67.608742,71.105682,152.020004,36.079376
2012-06-22,104.681458,28.954823,32.017128,27.983101,75.469749,84.323746,67.616730,71.050903,152.639999,36.085072
2012-06-25,103.002907,28.510008,31.303280,27.464764,75.707657,85.551292,67.616730,71.233360,153.759995,35.901127
2012-06-26,103.520599,28.620180,31.508179,27.701719,75.626122,85.214027,67.600723,71.306313,152.619995,36.021450
2012-06-27,104.454002,29.032375,31.805618,27.879435,75.660057,85.348938,67.600723,71.403564,152.830002,36.164707
2012-06-28,104.155899,29.024210,31.871723,27.746145,75.748466,85.558014,67.608742,71.513062,151.050003,36.560116
2012-06-29,106.752182,29.901613,33.021797,28.975355,75.646477,84.445137,67.608742,71.494774,155.190002,37.494175
2012-07-02,107.073746,30.146482,33.239925,28.975355,75.791595,85.316422,67.629570,71.874207,155.089996,37.906754
2012-07-03,107.779694,30.526035,33.543941,29.552940,75.737038,84.660690,67.613548,71.935226,157.460007,38.130249
2012-07-05,107.293404,30.501537,32.988750,29.241938,75.934570,85.093369,67.637573,72.118286,155.679993,37.895302
2012-07-06,106.273720,30.170961,32.678093,28.708776,75.989037,85.884201,67.661606,72.301247,153.710007,37.986980
2012-07-09,106.140373,30.122007,32.605385,28.605114,76.138863,86.641228,67.661606,72.350067,154.039993,38.027103
2012-07-10,105.214813,29.791447,32.387264,28.286709,76.172928,86.817001,67.661606,72.331764,152.149994,37.620247
2012-07-11,105.230522,29.673088,32.486416,28.434797,76.166107,86.925156,67.669701,72.453773,152.990005,37.660362
2012-07-12,104.720650,29.652691,32.162544,27.960886,76.302338,87.540230,67.685699,72.819756,152.589996,37.774960
2012-07-13,106.477638,30.032221,32.618610,28.501448,76.329575,87.310402,67.701744,72.844215,154.139999,38.239140
2012-07-16,106.226646,29.942446,32.611992,28.434797,76.390862,87.715950,67.725777,73.045494,154.210007,38.313625
2012-07-17,106.956123,30.019987,32.704536,28.812458,76.363655,87.026520,67.717735,73.045494,153.470001,38.680374
2012-07-18,107.748306,30.191380,32.962315,28.738401,76.513435,87.073814,67.733818,73.448051,153.050003,38.451153
2012-07-19,108.030708,30.162811,33.266346,29.004974,76.452164,86.850777,67.749832,73.576195,153.380005,38.050030
2012-07-20,107.042366,29.844490,32.486416,28.575493,76.561119,87.911995,67.757790,73.631104,153.669998,37.849449
2012-07-23,105.959938,29.387436,31.818846,27.827600,76.629242,88.405418,67.765877,73.393250,153.029999,37.574409
2012-07-24,105.050110,29.016037,31.475136,27.709127,76.724586,89.101624,67.749832,73.509109,153.520004,37.448326
2012-07-25,105.073631,29.052778,31.640371,27.842409,76.751778,89.331467,67.757790,73.649445,155.669998,37.431133
2012-07-26,106.807060,29.289473,32.605385,28.471830,76.704155,88.513596,67.757790,73.765327,156.770004,37.763504
2012-07-27,108.775841,30.007732,33.292793,29.271555,76.472588,86.844009,67.709801,73.417633,157.539993,38.124512
2012-07-30,108.775841,29.815939,33.253139,29.101242,76.601997,87.492928,67.741859,73.606697,157.429993,38.302162
2012-07-31,108.014992,29.669012,33.048229,28.967953,76.676910,87.668724,67.757790,73.984924,156.490005,38.244869
2012-08-01,107.920853,29.183367,33.054852,29.019787,76.588196,87.230423,67.746590,73.902313,155.139999,38.061481
2012-08-02,107.175713,29.154804,32.592178,28.679163,76.601830,87.724922,67.754677,73.951302,154.130005,38.170372
2012-08-03,109.301369,29.856737,33.702591,29.567745,76.417564,86.309219,67.730606,73.773804,155.550003,38.468330
2012-08-06,109.513115,30.056709,33.940533,29.752876,76.533569,86.343018,67.738586,73.871719,156.300003,38.428219
2012-08-07,110.062180,30.309731,34.224751,29.834320,76.328880,85.232208,67.706528,73.486160,156.279999,37.975521
2012-08-08,110.195503,30.326059,34.204926,29.893568,76.233376,84.778412,67.682442,73.278114,156.479996,37.717655
2012-08-09,110.289597,30.432158,34.224751,30.019451,76.212868,84.717453,67.682442,73.229195,156.990005,37.597324
2012-08-10,110.470039,30.358713,34.284229,30.160151,76.335670,85.144112,67.698479,73.437218,157.179993,37.648888
2012-08-13,110.415154,30.277082,34.118992,29.893568,76.328880,85.001892,67.706528,73.284264,155.990005,37.620247
2012-08-14,110.430847,30.195473,34.198318,29.886168,76.151474,83.850395,67.690506,72.953720,155.130005,37.540028
2012-08-15,110.556366,30.403595,34.099171,29.841732,75.905807,82.671829,67.666420,72.611069,155.630005,37.711933
2012-08-16,111.372101,30.738234,34.522186,30.115707,75.810303,81.967331,67.658363,72.396866,156.559998,37.998455
2012-08-17,111.521088,30.966770,34.568459,29.967607,75.899025,82.366943,67.666420,72.494774,156.720001,38.009922
2012-08-20,111.528984,30.889236,34.528801,29.952810,75.871681,82.536301,67.666420,72.696732,157.259995,37.901031
2012-08-21,111.191681,30.877003,34.727089,29.908381,75.974060,82.902069,67.666420,72.819107,158.830002,37.981255
2012-08-22,111.238739,30.754560,34.687435,29.923178,76.301643,84.270370,67.706528,73.235291,160.539993,37.958332
2012-08-23,110.328873,30.570910,34.489140,29.649200,76.356163,84.622597,67.714523,73.290352,161.889999,37.843727
2012-08-24,110.995575,30.644358,34.436264,29.656605,76.301643,84.541306,67.714523,73.369957,161.970001,37.969791
2012-08-27,111.019127,30.717827,34.456097,29.353003,76.403954,85.035706,67.706528,73.461700,161.360001,38.084408
2012-08-28,110.909294,30.877003,34.423042,29.293774,76.465340,85.238983,67.714523,73.565742,161.639999,38.216209
2012-08-29,110.995575,30.974939,34.317284,29.153067,76.390289,84.866409,67.714523,73.412743,160.589996,38.204742
2012-08-30,110.195503,30.701504,33.808346,28.812458,76.438026,85.306664,67.722511,73.437218,160.520004,38.118790
2012-08-31,110.721069,30.823936,34.105778,29.086430,76.676895,86.512428,67.762672,73.945152,164.220001,38.239140
2012-09-04,110.619087,31.170828,33.933929,28.923519,76.662537,86.425514,67.757866,73.770203,164.479996,38.508446
2012-09-05,110.524963,31.138193,33.841396,28.775427,76.662537,86.018219,67.757866,73.800865,164.309998,38.439693
2012-09-06,112.768280,31.693193,34.680828,29.412252,76.484795,84.585976,67.725777,73.475502,164.889999,38.783516
2012-09-07,113.207512,31.917648,35.202980,30.093496,76.498413,84.192253,67.741776,73.628998,168.440002,38.817909
2012-09-10,112.564323,31.852375,34.925377,29.708447,76.512123,84.395874,67.725777,73.622841,167.289993,38.514191
2012-09-11,112.878044,31.889072,35.321949,30.063881,76.423233,83.866455,67.741776,73.684227,167.899994,38.628799
2012-09-12,113.254562,32.015591,35.553303,30.197168,76.279648,82.821060,67.733765,73.536911,167.919998,38.709030
2012-09-13,114.980141,32.378815,36.095276,31.011709,76.457420,82.495216,67.757866,73.929817,171.309998,39.184654
2012-09-14,115.490013,32.705292,36.452206,31.374544,76.142891,80.302742,67.725777,73.487762,171.800003,39.402424
2012-09-17,115.097855,32.497147,36.260521,31.033928,76.265991,81.266594,67.725777,73.739525,170.399994,39.287800
2012-09-18,115.003670,32.452278,36.108498,31.048733,76.313828,81.673889,67.733765,73.966629,171.720001,38.915321
2012-09-19,115.066475,32.256378,36.260521,31.048733,76.464264,82.210098,67.733765,74.089386,171.740005,38.697563
2012-09-20,115.074303,32.113544,36.029179,30.863613,76.416382,82.413757,67.717720,74.028038,171.470001,38.124512
2012-09-21,115.026215,32.203331,36.049011,30.937668,76.539452,82.508820,67.725777,74.163170,171.960007,38.130249
2012-09-24,114.852707,32.044159,35.923424,30.908043,76.621513,83.153679,67.733765,74.273605,171.050003,37.988735
2012-09-25,113.630424,31.628046,35.672264,30.448936,76.744568,83.975021,67.717720,74.420990,170.770004,37.428467
2012-09-26,112.991730,31.403004,35.315338,30.308249,76.819786,84.877869,67.733765,74.629700,169.809998,37.422684
2012-09-27,114.056198,31.742605,35.738365,30.789564,76.771889,84.273735,67.741776,74.592865,172.339996,37.584415
2012-09-28,113.527946,31.533945,35.031136,30.604435,76.881340,84.321205,67.773880,74.758652,171.889999,37.526657
2012-10-01,113.827583,31.623966,35.315338,30.908043,76.851875,84.634140,67.775513,74.958160,172.289993,37.249416
2012-10-02,113.945930,31.677137,35.454151,30.952457,76.913475,84.518532,67.759422,74.982803,172.100006,37.532436
2012-10-03,114.411110,31.542122,35.308735,30.745132,76.886093,84.545715,67.759422,75.032066,172.410004,37.607521
2012-10-04,115.231232,31.767151,35.738365,31.063540,76.776543,83.491341,67.759422,74.970490,173.610001,37.595970
2012-10-05,115.239143,31.709871,35.784626,31.063540,76.618980,82.409767,67.727303,74.853447,172.619995,37.642162
2012-10-08,114.844849,31.533945,35.573124,30.789564,76.735413,83.103584,67.735397,75.050545,172.050003,37.561321
2012-10-09,113.709297,31.161612,35.057564,30.560011,76.653221,82.953934,67.735397,75.130661,170.990005,37.422684
2012-10-10,112.983818,31.092043,34.958431,30.374886,76.776543,83.538963,67.727303,75.266090,170.839996,37.572868
2012-10-11,113.046967,31.165699,35.183163,30.656265,76.872444,84.117157,67.719345,75.512466,171.320007,37.543999
2012-10-12,112.676323,30.887459,35.143497,30.560011,76.934052,84.328018,67.743378,75.598709,170.059998,37.411133
2012-10-15,113.614655,31.079784,35.487202,30.737722,76.975151,84.137558,67.727303,75.832672,168.350006,37.659508
2012-10-16,114.765953,31.321177,36.075455,31.056126,76.851875,82.974350,67.727303,75.783417,169.419998,37.890541
2012-10-17,115.286430,31.603493,36.412548,31.300507,76.612099,82.205757,67.687256,75.635674,169.539993,37.786575
2012-10-18,114.986748,31.443926,36.273746,31.211645,76.584694,81.702339,67.695190,75.493958,168.789993,38.173565
2012-10-19,113.070564,30.920197,35.784626,30.730314,76.680611,82.811111,67.695190,75.629486,166.970001,37.855888
2012-10-22,113.086357,30.883381,36.035793,31.026512,76.577919,82.280548,67.671150,75.450890,167.580002,37.665283
2012-10-23,111.517113,30.760635,35.262470,30.389700,76.749123,83.457382,67.703262,75.580170,165.429993,37.284065
2012-10-24,111.201721,30.666531,35.282295,30.419319,76.694328,82.634224,67.695190,75.376976,164.860001,37.255188
2012-10-25,111.525032,30.768803,35.493809,30.752527,76.529930,82.212494,67.671150,75.161423,166.020004,37.151218
2012-10-26,111.461922,30.641989,35.440922,30.515585,76.735413,83.423309,67.687256,75.530937,165.929993,36.827766
2012-10-31,111.461922,30.817907,35.414490,30.471155,76.845062,83.913109,67.727303,75.764992,166.830002,37.185867
2012-11-01,112.629005,31.247534,35.830902,30.967270,76.744148,83.226059,67.711319,75.432388,166.070007,37.364929
2012-11-02,111.627533,30.830183,35.487202,30.804371,76.792175,83.164841,67.703262,75.284607,162.600006,37.613300
2012-11-05,111.856224,31.075678,35.401264,30.952457,76.922607,83.634186,67.703262,75.321533,163.229996,37.364929
2012-11-06,112.731522,31.357992,35.738365,31.196829,76.702919,82.845154,67.679184,74.958160,166.300003,37.526657
2012-11-07,110.176575,30.641989,35.202980,30.685886,76.881416,84.348442,67.735397,75.112160,166.490005,37.359146
2012-11-08,108.851830,30.167351,34.885715,30.300829,76.977486,85.600037,67.735397,75.038193,167.990005,36.914406
2012-11-09,108.946442,30.212349,34.898937,30.360083,76.936287,85.695290,67.735397,74.853447,167.820007,36.816212
2012-11-12,109.033195,30.126455,34.872501,30.471155,76.915733,85.838158,67.735397,74.865791,167.449997,36.729580
2012-11-13,108.654694,29.979120,34.700642,30.197168,77.053001,86.123810,67.743378,74.896584,167.100006,36.700699
2012-11-14,107.187996,29.496332,34.337124,29.730663,77.073593,86.205444,67.759422,75.050545,167.139999,36.013348
2012-11-15,107.006645,29.299925,34.449482,29.834320,76.998070,86.035416,67.759422,74.902748,166.089996,35.845829
2012-11-16,107.534958,29.508595,34.429649,29.923178,77.025551,85.960602,67.759422,74.927345,165.880005,36.065323
2012-11-19,109.711342,30.114147,35.176540,30.448936,77.080414,85.477623,67.751373,75.161423,167.869995,36.510075
2012-11-20,109.758644,30.204161,35.229412,30.389700,76.936287,84.620529,67.735397,74.927345,167.389999,36.781548
2012-11-21,109.963692,30.318741,35.288902,30.330454,76.805885,84.572891,67.727303,74.982803,167.559998,36.718018
2012-11-23,111.461922,30.641989,36.049011,30.826582,76.853951,84.491295,67.727303,75.013565,169.610001,36.989498
2012-11-26,111.225365,30.756548,35.963089,30.826582,76.881416,84.892639,67.719345,75.136780,169.429993,37.064587
2012-11-27,110.657646,30.752439,35.784626,30.567411,76.984329,85.225922,67.727303,75.179886,168.710007,36.856640
2012-11-28,111.548660,30.944736,36.042404,30.737722,76.998070,85.103493,67.735397,75.167557,166.550003,36.810448
2012-11-29,112.069099,31.296623,36.353058,30.959873,77.094177,85.117073,67.735397,75.223015,167.179993,37.012604
2012-11-30,112.092773,31.218897,36.399326,30.945066,77.053001,84.885796,67.743378,75.216850,166.050003,37.087681
2012-12-03,111.540794,31.190239,36.445595,30.930250,77.064056,84.964149,67.751442,75.300217,166.130005,37.237862
2012-12-04,111.383072,31.239336,36.538128,31.019117,77.112411,85.454926,67.751442,75.368225,164.419998,37.295631
2012-12-05,111.580193,31.145229,36.591011,31.352327,77.181473,85.414017,67.767433,75.522636,164.119995,37.180088
2012-12-06,111.958694,31.202530,36.663715,31.589289,77.174530,85.598106,67.767433,75.510269,164.500000,37.526657
2012-12-07,112.297829,31.202530,36.676933,31.685553,77.105453,84.807396,67.767433,75.331131,165.160004,37.665283
2012-12-10,112.345108,31.325266,36.716587,31.863272,77.119301,85.182304,67.767433,75.399078,165.800003,37.647953
2012-12-11,113.109985,31.599421,36.928093,32.026173,77.091652,84.534813,67.767433,75.121063,165.649994,37.740360
2012-12-12,113.165184,31.439829,37.047062,32.122448,76.877586,83.553329,67.759438,74.892532,165.770004,37.636395
2012-12-13,112.471306,31.276173,36.934711,31.981745,76.753365,83.614662,67.759438,74.775154,164.369995,37.347599
2012-12-14,112.053360,31.214798,37.066902,32.122448,76.891426,84.241684,67.775452,74.830780,164.130005,37.341831
2012-12-17,113.370239,31.595325,37.218918,32.203899,76.704994,82.980843,67.759438,74.589798,164.440002,37.538216
2012-12-18,114.631882,32.102676,37.606476,32.428875,76.525436,82.135689,67.719307,74.404449,162.080002,37.925209
2012-12-19,113.780235,32.092373,37.740124,32.413979,76.656670,82.408333,67.735382,74.694847,161.690002,37.873226
2012-12-20,114.434761,32.282021,37.994034,32.607677,76.663551,82.421944,67.727318,74.768959,159.729996,38.369942
2012-12-21,113.396004,32.183086,37.760166,32.235180,76.732582,83.321663,67.735382,74.898689,160.330002,38.306416
2012-12-24,113.046593,32.059376,37.659943,32.168133,76.739464,83.171623,67.735382,74.849281,160.619995,38.357285
2012-12-26,112.570145,31.779034,37.653263,32.264984,76.843292,83.470840,67.736145,74.955826,160.779999,38.176060
2012-12-27,112.419243,31.812025,37.826992,32.446815,76.884804,83.750938,67.760223,75.197464,161.160004,38.316364
2012-12-28,111.204224,31.597610,37.426060,32.566048,77.002426,84.229073,67.760223,75.364815,160.539993,38.064960
2012-12-31,113.094299,32.199558,37.994034,33.050442,76.864037,82.774132,67.760223,74.968216,162.020004,38.468361
2013-01-02,115.992874,33.110714,38.582054,33.698784,76.774101,81.667557,67.744171,75.141739,163.169998,38.947758
2013-01-03,115.730820,33.094219,38.207859,33.460308,76.580315,80.560982,67.744171,74.732735,161.199997,38.941902
2013-01-04,116.239067,33.308613,38.401642,33.527382,76.663399,80.875183,67.752235,74.695564,160.440002,39.123158
2013-01-07,115.921440,33.151958,38.234592,33.274006,76.621864,80.909393,67.752235,74.819542,159.429993,39.210838
2013-01-08,115.587875,33.081848,38.020779,32.975922,76.691078,81.442169,67.760223,74.887703,160.559998,39.134830
2013-01-09,115.881714,33.250877,38.214554,33.117508,76.635704,81.366982,67.784279,74.862915,160.490005,39.245903
2013-01-10,116.802948,33.296242,38.702332,33.408150,76.628822,81.141624,67.776260,74.900085,161.979996,39.286831
2013-01-11,116.795013,33.267395,38.782516,33.139866,76.704926,81.865692,67.768333,75.036423,161.059998,39.263466
2013-01-14,116.715591,33.246777,38.829292,33.281456,76.774101,81.640251,67.768333,74.887703,161.539993,39.374523
2013-01-15,116.795013,33.386948,38.769157,33.139866,76.794815,82.015892,67.776260,74.825729,162.559998,39.561615
2013-01-16,116.779060,33.316860,38.582054,33.110054,76.836357,82.186684,67.776260,74.825729,162.649994,39.514854
2013-01-17,117.533539,33.696163,38.896118,33.296375,76.670311,81.366982,67.768333,74.695564,163.350006,39.637615
2013-01-18,117.795616,33.819836,38.856033,33.370888,76.760246,81.995461,67.768333,74.769928,163.089996,39.807152
2013-01-22,118.430893,34.071342,38.876068,33.318707,76.718788,82.152504,67.784279,74.769928,163.669998,40.011776
2013-01-23,118.621483,33.976509,38.835976,33.139866,76.801804,82.029594,67.784279,74.862915,163.210007,40.000069
2013-01-24,118.653290,34.195034,39.023075,33.020638,76.697983,81.742691,67.784279,74.757561,161.419998,40.081924
2013-01-25,119.320358,34.388802,39.444038,32.908859,76.511162,80.622444,67.752235,74.416786,160.649994,40.309925
2013-01-28,119.177406,34.368183,39.250275,32.677826,76.400421,80.328712,67.728127,74.354797,160.289993,40.415165
2013-01-29,119.645981,34.384689,39.517540,33.042995,76.352013,79.884750,67.736145,74.187454,160.990005,40.532089
2013-01-30,119.177406,33.972397,39.557636,32.886486,76.317406,79.748192,67.760223,73.939651,162.190002,40.146236
2013-01-31,118.883575,34.071342,39.410633,32.953564,76.386566,80.137505,67.768333,73.995422,161.199997,39.906540
2013-02-01,120.106560,34.454765,39.724686,33.169678,76.220886,79.096924,67.761032,73.803345,161.449997,40.140392
2013-02-04,118.756500,34.050720,39.009712,32.729992,76.435814,80.110107,67.777061,74.051979,162.000000,40.046844
2013-02-05,119.955666,34.355824,39.190121,32.767262,76.276367,79.398132,67.777061,73.902786,161.960007,39.953316
2013-02-06,120.043060,34.520748,39.183441,32.729992,76.408058,80.048485,67.793152,74.095459,162.389999,40.093620
2013-02-07,119.884193,34.454765,38.862694,32.439350,76.435814,79.870506,67.793152,74.120354,161.839996,39.924080
2013-02-08,120.551300,34.673275,39.109932,32.677826,76.456573,80.178543,67.801155,74.281952,161.570007,40.292389
2013-02-11,120.527481,34.632042,39.069855,32.662930,76.380371,80.116982,67.777061,74.244682,159.699997,40.350857
2013-02-12,120.726021,34.788727,39.263626,32.752350,76.366516,79.918388,67.761032,74.170105,159.889999,40.654858
2013-02-13,120.829201,34.900032,39.357174,32.916302,76.290253,79.268066,67.752998,73.996086,159.050003,40.631462
2013-02-14,120.940437,35.007240,39.143356,32.901405,76.428871,79.986870,67.761032,74.201141,158.350006,40.461948
2013-02-15,120.797462,34.957771,39.043121,32.782166,76.435814,79.754150,67.769096,74.170105,155.759995,40.479465
2013-02-19,121.702812,35.341198,39.504177,32.849243,76.345695,79.357033,67.761032,74.151459,155.330002,40.801006
2013-02-20,120.185997,34.681541,39.116619,32.558605,76.394218,79.596664,67.761032,74.275703,151.440002,40.537937
2013-02-21,119.455322,34.364067,38.528603,32.111477,76.435814,80.062187,67.785172,74.393829,152.619995,40.233929
2013-02-22,120.622803,34.710392,39.083214,32.253052,76.477409,80.116982,67.785172,74.443558,152.970001,40.637321
2013-02-25,118.327698,33.951771,38.147732,31.820837,76.768578,81.691521,67.801155,74.884918,154.339996,39.865616
2013-02-26,119.137726,34.096073,38.455101,31.999689,76.747787,81.219177,67.817261,74.791588,156.220001,40.140392
2013-02-27,120.638641,34.475391,38.942890,32.349937,76.768578,80.979530,67.817261,74.766769,154.570007,40.432705
2013-02-28,120.400391,34.553722,38.902802,32.200886,76.837952,81.130142,67.809181,74.791588,153.000000,40.391781
2013-03-01,120.797462,34.702141,38.822605,32.275417,76.865044,81.571953,67.823685,74.962479,152.440002,40.526257
2013-03-04,121.440735,34.681541,38.989666,31.969864,76.809486,81.139748,67.815598,74.906364,152.300003,40.830238
2013-03-05,122.528732,35.048462,39.377220,32.357384,76.746925,80.906494,67.807610,74.781693,152.380005,41.151787
2013-03-06,122.695480,35.163910,39.477451,32.513878,76.663620,80.172417,67.799622,74.563438,153.229996,41.029022
2013-03-07,122.917824,35.332939,39.591045,32.603310,76.503807,79.554909,67.783516,74.320236,152.690002,40.836094
2013-03-08,123.441963,35.638027,39.677914,32.886486,76.281548,78.724808,67.791527,74.058380,152.710007,40.906242
2013-03-11,123.910538,35.621552,39.798187,32.707634,76.323242,78.800285,67.783516,74.108330,152.990005,40.941322
2013-03-12,123.632553,35.473114,39.597721,32.335033,76.462158,79.369705,67.799622,74.257965,154.190002,40.789333
2013-03-13,123.807304,35.666885,39.537590,32.029503,76.399643,79.287376,67.783516,74.189339,153.660004,40.830238
2013-03-14,124.466454,36.050316,39.925140,32.163628,76.482964,79.047302,67.783516,74.220505,153.679993,41.087482
2013-03-15,124.302139,36.058563,40.005329,31.872993,76.552444,79.417755,67.807610,74.320236,154.000000,41.181011
2013-03-18,123.616081,35.844177,39.564320,31.515291,76.621918,80.021446,67.823685,74.501091,155.380005,40.953022
2013-03-19,123.328888,35.728729,39.444038,31.291729,76.733055,80.563477,67.815598,74.625778,156.080002,40.754250
2013-03-20,124.190453,36.037941,39.684597,31.470579,76.649689,79.664719,67.807610,74.407593,155.369995,40.882862
2013-03-21,123.129486,35.724613,39.323757,31.150129,76.663620,80.433075,67.815598,74.482391,156.250000,40.760105
2013-03-22,124.118660,35.827675,39.664551,31.269371,76.691368,80.494865,67.799622,74.488640,155.550003,40.974537
2013-03-25,123.600105,35.864063,39.170078,31.239567,76.663620,80.419388,67.799622,74.488640,155.240005,40.980427
2013-03-26,124.589264,35.975674,39.417309,31.686695,76.753853,80.515450,67.807610,74.538506,154.720001,41.333904
2013-03-27,124.589264,35.983936,39.223537,31.805935,76.913612,81.201447,67.823685,74.800362,155.360001,41.410492
2013-03-28,124.972160,35.988064,39.410633,31.872993,76.913612,80.789848,67.831711,74.756721,154.449997,41.551899
2013-04-01,124.477600,35.607780,38.882748,31.530197,76.983276,81.398354,67.838112,74.649185,154.669998,41.675602
2013-04-02,125.091782,35.409351,39.297039,31.545099,76.899734,81.068298,67.838112,74.642868,152.429993,41.805214
2013-04-03,123.823509,34.888508,39.103252,31.172493,76.983276,81.797089,67.830032,74.943077,150.729996,41.657936
2013-04-04,124.326004,35.169590,39.450729,31.083061,77.199089,82.773384,67.854210,75.343361,150.289993,42.335449
2013-04-05,123.767677,35.111729,39.270321,31.008543,77.421921,84.444107,67.854210,75.574760,152.809998,42.565208
2013-04-08,124.605209,35.396950,39.423992,31.060705,77.289619,83.797859,67.838112,75.643509,152.160004,42.906918
2013-04-09,125.035950,35.252274,39.564320,31.366249,77.317474,83.591599,67.838112,75.718590,153.339996,42.912800
2013-04-10,126.567505,35.855789,40.152340,31.664337,77.157356,82.443382,67.838112,75.518440,150.750000,43.177914
2013-04-11,126.982307,35.872314,40.466393,31.694145,77.171219,82.601524,67.838112,75.568497,151.050003,43.431252
2013-04-12,126.671165,35.715256,40.366165,31.209753,77.421921,83.832237,67.846214,75.943748,143.949997,43.537296
2013-04-15,123.735695,34.495811,39.570999,30.449623,77.456718,84.561050,67.854210,75.968803,131.309998,42.635910
2013-04-16,125.562431,35.053848,40.132294,31.075607,77.456718,83.866600,67.854210,75.831161,132.800003,43.342884
2013-04-17,123.727776,34.462723,39.297039,30.583771,77.456718,84.423523,67.854210,75.937546,132.869995,42.883339
2013-04-18,122.954018,34.251923,39.176758,30.583771,77.442818,84.629807,67.854210,76.006310,134.300003,42.818531
2013-04-19,124.022919,34.644611,39.490818,31.030903,77.449783,84.450989,67.854210,76.118881,135.470001,43.478363
2013-04-22,124.573311,34.694206,39.657871,31.179941,77.547188,84.512932,67.862175,76.143875,137.899994,43.419464
2013-04-23,125.857620,35.244011,40.219154,31.328993,77.512398,84.217247,67.854210,76.243996,136.880005,43.661022
2013-04-24,125.937340,35.467236,40.566616,31.515291,77.498505,84.430420,67.862175,76.275185,138.369995,43.755260
2013-04-25,126.447868,35.690437,40.780449,31.798475,77.463669,84.066032,67.854210,76.231445,141.630005,43.607986
2013-04-26,126.224480,35.496159,40.813862,31.478035,77.623772,84.836044,67.870285,76.506622,140.910004,43.466595
2013-04-29,127.070061,35.694572,41.335060,31.805935,77.672523,84.526642,67.886307,76.512894,142.300003,43.837757
2013-04-30,127.373161,35.930199,41.388504,32.260521,77.658646,84.574783,67.878296,76.381569,142.770004,44.350285
2013-05-01,126.256416,35.124126,41.141277,31.910259,77.694878,85.443611,67.891975,76.721542,141.110001,43.996807
2013-05-02,127.428986,35.690437,41.268234,32.163628,77.701889,85.333389,67.883911,76.721542,141.919998,44.285500
2013-05-03,128.721207,36.318752,41.796120,32.431908,77.415863,83.321503,67.859848,76.000130,142.089996,44.462234
2013-05-06,129.048264,36.504784,41.742664,32.476631,77.290321,83.114754,67.859848,75.987625,142.149994,44.692009
2013-05-07,129.702377,36.856144,41.809483,32.707634,77.248497,82.790932,67.859848,75.931152,140.380005,44.939445
2013-05-08,130.292694,37.004955,42.250496,32.961010,77.318192,82.921822,67.867874,76.000130,142.460007,44.963001
2013-05-09,129.925751,36.893360,41.842892,32.722546,77.213631,82.708252,67.859848,75.837082,140.809998,44.668430
2013-05-10,130.348495,37.228191,41.889671,32.469170,77.060135,81.819405,67.851791,75.441872,139.600006,44.833401
2013-05-13,130.452133,37.153763,41.869625,32.171089,76.990402,81.192413,67.835686,75.247406,138.429993,45.045467
2013-05-14,131.800262,37.612617,41.949802,32.320122,76.809059,80.310539,67.835686,75.046684,137.809998,45.210442
2013-05-15,132.510178,37.753170,42.130215,32.327583,76.920670,80.847923,67.843704,75.310150,134.630005,45.658199
2013-05-16,131.888000,37.596085,41.842892,32.215797,77.129929,81.688560,67.859848,75.655128,134.089996,45.422516
2013-05-17,133.164291,38.050789,42.130215,32.357384,76.941605,80.655045,67.843704,75.328964,131.070007,45.675850
2013-05-20,133.156265,38.141731,42.364090,32.439350,76.864845,80.558563,67.851791,75.241142,135.119995,45.781914
2013-05-21,133.347748,38.199608,42.450966,32.372303,76.927628,81.192413,67.851791,75.523430,132.880005,46.041130
2013-05-22,132.358658,37.625027,42.023304,32.014584,76.669548,79.986740,67.827728,74.927528,131.940002,44.921764
2013-05-23,131.975769,37.558887,41.421932,31.776119,76.641655,80.365646,67.843704,75.002800,134.610001,44.079300
2013-05-24,131.864059,37.558887,41.061089,31.500383,76.641655,80.475845,67.827728,74.952606,133.759995,43.967354
2013-05-28,132.653809,38.075600,41.168007,31.671780,76.167351,78.436401,67.779472,74.231255,133.490005,43.590321
2013-05-29,131.792267,37.641560,40.773773,31.269371,76.271988,79.318390,67.779472,74.199852,134.830002,42.665363
2013-05-30,132.278854,37.856506,40.934132,31.269371,76.251053,79.125427,67.795525,74.293976,136.699997,42.264748
2013-05-31,130.380356,37.484467,40.138973,30.703001,76.104607,78.856667,67.787521,73.923912,133.919998,41.699169
2013-06-03,131.098312,37.827572,40.292660,31.157593,76.143005,79.274590,67.809181,73.729469,136.509995,41.934822
2013-06-04,130.468155,37.513401,40.439663,30.777531,75.975311,78.542473,67.809181,73.440071,135.229996,41.351589
2013-06-05,128.641449,37.033901,39.537590,30.226063,75.933342,79.626823,67.817238,73.333054,135.520004,41.009888
2013-06-06,129.806061,37.356331,39.758095,30.479446,76.129059,79.578453,67.809181,73.647652,136.529999,41.669708
2013-06-07,131.457230,37.662220,40.292660,30.322937,75.891449,78.155724,67.801170,73.358261,133.279999,41.675602
2013-06-10,131.457230,37.877174,40.332752,29.913065,75.737740,77.782761,67.777016,73.131714,133.940002,41.316235
2013-06-11,130.101227,37.480343,39.838280,29.346708,75.744705,78.708221,67.769058,72.993263,133.250000,40.703548
2013-06-12,129.024353,37.178577,39.791504,29.145496,75.618950,77.582443,67.760994,72.741646,134.250000,40.149750
2013-06-13,130.986694,37.790367,40.399574,29.764030,75.989296,78.798042,67.793152,73.521851,133.740005,41.192516
2013-06-14,130.165024,37.492744,39.958553,29.294537,76.010262,78.611511,67.841393,73.471527,134.429993,41.345699
2013-06-17,131.170166,37.740768,40.533215,29.562817,75.954361,78.197136,67.841393,73.364548,133.770004,41.463520
2013-06-18,132.207123,38.187202,40.820538,29.689508,75.926399,78.238586,67.841393,73.219810,132.130005,41.675602
2013-06-19,130.380356,37.736633,40.058773,28.772896,75.416313,77.430496,67.760994,72.181641,130.589996,40.397175
2013-06-20,127.149811,36.827206,38.588741,27.483656,74.913216,76.159714,67.752922,71.187538,123.599998,38.718151
2013-06-21,127.557938,36.971886,38.715694,27.878624,74.493942,74.868118,67.696724,70.602364,125.050003,39.242477
2013-06-24,125.946144,36.508911,38.107643,27.312260,74.193504,75.178932,67.664574,70.143021,123.930000,39.064636
2013-06-25,127.157089,36.839619,38.595417,27.893530,74.277359,74.509003,67.656494,70.375854,123.470001,39.718887
2013-06-26,128.416016,36.971447,38.749107,28.333210,74.591774,74.992416,67.688644,70.910622,118.279999,40.319611
2013-06-27,129.169800,37.605831,39.139065,28.901728,74.906212,75.759094,67.728859,71.552414,115.940002,41.128490
2013-06-28,128.640503,37.444130,39.064079,29.067827,74.913216,76.277084,67.720795,71.508408,119.110001,40.872757
2013-07-01,129.394318,38.024582,39.432213,29.158436,75.016815,76.430801,67.750603,71.693336,121.129997,40.783520
2013-07-02,129.274017,38.057755,39.234509,28.637487,75.016815,76.382301,67.758530,71.920555,120.050003,41.408039
2013-07-03,129.330170,38.082638,39.248142,28.373226,74.911804,76.153824,67.750603,71.712303,120.739998,41.134449
2013-07-05,130.725464,38.679688,39.432213,28.192022,74.092735,73.557945,67.678192,70.803322,118.089996,40.938160
2013-07-08,131.471283,38.795780,39.677658,28.229773,74.477806,74.270966,67.726425,71.384041,119.510002,40.979790
2013-07-09,132.417450,39.235275,39.895817,28.599724,74.554771,74.347130,67.718414,71.447189,120.620003,41.562679
2013-07-10,132.465546,39.301617,40.011711,28.327927,74.358826,73.765648,67.718414,71.238884,120.949997,41.580517
2013-07-11,134.269852,39.666473,41.047955,29.717144,74.855804,74.630890,67.774635,72.078392,124.239998,42.585693
2013-07-12,134.325989,39.745258,40.775265,29.400028,74.771767,74.568665,67.734482,71.876419,124.129997,42.323978
2013-07-15,134.839218,39.931831,41.027508,29.702036,74.932831,74.963211,67.766617,72.337204,124.180000,42.502415
2013-07-16,134.334000,39.765991,41.000237,29.822838,75.051811,75.219368,67.774635,72.229881,124.889999,42.532154
2013-07-17,134.678833,39.865494,41.122944,30.094635,75.212776,75.357819,67.798798,72.501297,123.320000,42.686798
2013-07-18,135.416580,40.209629,41.395660,29.739786,75.072823,74.416367,67.790726,72.311943,124.010002,43.049606
2013-07-19,135.657166,40.217918,41.361565,29.656738,75.268845,75.593155,67.822861,72.709633,125.110001,43.019878
2013-07-22,135.921753,40.313286,41.593357,29.951189,75.366829,75.703926,67.822861,72.873726,128.839996,43.150719
2013-07-23,135.633072,40.242798,41.681980,30.275845,75.324837,75.385468,67.814812,72.760078,129.710007,43.103146
2013-07-24,135.135925,39.944271,41.627438,29.966293,75.079865,74.430199,67.782700,72.406624,127.480003,42.264511
2013-07-25,135.464706,40.321583,41.709255,30.139946,75.107849,74.402489,67.822861,72.318222,128.669998,42.329933
2013-07-26,135.608994,40.122555,41.450191,30.071995,75.086830,74.859360,67.830956,72.394028,128.779999,42.365612
2013-07-29,135.192047,39.836472,41.054779,29.694494,75.086830,74.312462,67.822861,72.274063,128.470001,42.050377
2013-07-30,135.192047,39.911110,41.047955,29.626543,75.058823,74.284798,67.830956,72.293015,128.119995,41.925484
2013-07-31,135.288284,40.010620,41.143402,29.452888,75.114845,74.554741,67.830956,72.299324,127.959999,41.241505
2013-08-01,136.851990,40.549625,41.702435,29.988955,74.690514,73.118202,67.805206,71.723152,126.610001,41.080925
2013-08-02,137.084518,40.582783,42.043308,29.981394,74.942970,73.923279,67.853424,72.077705,126.360001,40.878689
2013-08-05,136.884033,40.748627,41.954685,29.792635,74.978035,73.354202,67.845436,71.805458,125.699997,40.848953
2013-08-06,136.106155,40.387913,41.893322,29.415140,74.900909,73.569321,67.837334,71.849823,123.970001,40.706207
2013-08-07,135.665161,40.122555,41.709255,29.098040,74.999084,74.117584,67.853424,72.008087,124.150002,40.599140
2013-08-08,136.162369,40.313286,42.084209,29.656738,75.104279,74.318794,67.853424,72.160057,126.860001,40.616985
2013-08-09,135.769379,40.288395,42.159203,29.717144,75.153397,74.436813,67.837334,72.160057,126.860001,40.973858
2013-08-12,135.608994,40.533020,42.043308,29.996489,75.104279,73.930191,67.837334,72.122055,129.130005,40.682407
2013-08-13,136.009979,40.520569,42.316006,30.177700,74.802689,72.861450,67.805206,71.609177,127.739998,40.123325
2013-08-14,135.312241,40.363029,42.336464,30.275845,74.704491,72.972496,67.805206,71.488846,129.000000,39.968678
2013-08-15,133.419861,39.707935,41.981953,29.928547,74.438019,71.987000,67.781059,70.982330,131.690002,39.237129
2013-08-16,132.978821,39.529652,42.056938,29.671844,74.227570,71.737183,67.789146,70.627754,132.580002,38.273575
2013-08-19,132.128769,39.173100,41.756981,29.113134,73.996109,71.112610,67.773026,70.241562,132.009995,37.768024
2013-08-20,132.778381,39.757698,41.702435,29.060286,74.213547,71.660858,67.789146,70.672127,132.449997,38.624504
2013-08-21,131.960342,39.496490,41.211567,28.380775,73.939980,70.876648,67.748924,70.247871,132.070007,38.535282
2013-08-22,133.163254,40.035480,41.613811,28.841333,74.031204,71.598427,67.724838,70.570808,132.809998,38.767235
2013-08-23,133.612350,40.135010,41.975140,29.181091,74.276711,72.375671,67.724838,71.045685,134.899994,39.171692
2013-08-26,133.115158,40.060371,41.668350,28.863979,74.409935,72.736580,67.748924,71.191315,135.449997,39.058685
2013-08-27,130.974106,39.210392,40.959332,28.199572,74.606316,73.652565,67.781059,71.495216,136.750000,38.868351
2013-08-28,131.439163,39.251862,40.911610,28.259974,74.466003,73.055786,67.740868,71.507874,136.710007,38.630463
2013-08-29,131.647705,39.616722,40.843430,28.486483,74.613335,73.638733,67.756973,71.577530,135.869995,38.689930
2013-08-30,131.230698,39.077713,40.338943,28.705433,74.494080,73.555450,67.765030,71.577530,134.619995,38.362801
2013-09-03,131.824036,39.235275,41.116146,28.886629,74.310013,72.517975,67.739281,71.295502,136.419998,38.029724
2013-09-04,132.914597,39.496490,41.484280,29.400028,74.204567,72.357925,67.674957,71.035019,134.660004,38.356857
2013-09-05,133.083054,39.579399,41.450191,29.747337,73.705666,71.349045,67.610641,70.450645,132.199997,37.952412
2013-09-06,133.147202,39.633316,41.675171,30.185247,73.979706,71.703934,67.674957,70.552284,134.149994,38.541225
2013-09-09,134.422211,40.217918,42.247833,30.978003,74.127266,71.738708,67.691032,70.736511,133.910004,39.344173
2013-09-10,135.416580,40.603519,42.725052,31.212057,73.993805,71.237701,67.666939,70.425240,131.740005,39.314438
2013-09-11,135.841583,40.665707,42.875038,31.234701,74.246765,71.870865,67.699081,70.755547,131.699997,39.629677
2013-09-12,135.480759,40.387913,42.629620,30.872307,74.162415,71.773445,67.699081,70.704765,127.669998,39.373913
2013-09-13,135.785431,40.628372,42.834145,31.076164,74.267845,72.051796,67.699081,70.749229,127.820000,39.486919
2013-09-16,136.571350,40.686443,43.168194,31.423452,74.422386,71.571686,67.747307,70.831795,126.449997,39.879475
2013-09-17,137.180771,41.022270,43.195461,31.355513,74.492683,72.163124,67.771469,71.022324,126.500000,39.855679
2013-09-18,138.768478,41.416168,44.347614,32.669228,75.118057,73.053795,67.859863,72.064110,132.009995,41.205814
2013-09-19,138.535934,41.337387,44.136265,32.495564,75.026726,72.622345,67.835739,71.606689,131.750000,41.170143
2013-09-20,137.567413,41.266895,43.815845,31.770760,75.026726,73.005051,67.843819,71.670258,127.959999,40.498032
2013-09-23,136.930817,41.291779,43.802216,31.884018,75.082962,73.540848,67.859863,72.095818,127.550003,40.220726
2013-09-24,136.608475,41.390301,43.734035,31.612211,75.258629,74.334106,67.867958,72.280060,127.660004,39.914635
2013-09-25,136.213623,41.332108,43.781773,31.370605,75.364037,74.487175,67.892044,72.502357,128.789993,40.046669
2013-09-26,136.737396,41.577312,43.965832,31.498970,75.349991,73.965271,67.859863,72.324554,127.790001,40.292744
2013-09-27,136.108871,41.373661,43.809032,31.129015,75.392181,74.146187,67.900085,72.267380,128.970001,40.124702
2013-09-30,135.383621,41.481735,43.495426,30.774153,75.328865,74.034866,67.916145,72.108566,128.179993,39.698544
2013-10-01,136.455399,41.959717,43.727222,31.385715,75.273262,73.810188,67.898491,72.035904,124.589996,40.274761
2013-10-02,136.326462,41.726963,43.713589,31.506506,75.371819,73.921875,67.906464,72.252563,127.059998,40.334766
2013-10-03,135.069397,41.257271,43.427258,31.385715,75.428146,73.803268,67.906464,72.290810,127.180000,39.632515
2013-10-04,136.092758,41.531601,43.529503,31.793415,75.364807,73.747398,67.882408,72.220711,126.529999,39.554493
2013-10-07,134.916336,41.036983,43.079563,31.521614,75.350708,74.047432,67.882408,72.348175,127.639999,39.734550
2013-10-08,133.344971,40.513271,42.745510,31.219610,75.315529,74.068329,67.826073,72.335457,127.400002,39.302391
2013-10-09,133.441650,40.463387,42.929585,31.453663,75.259216,73.475365,67.850182,72.182487,126.110001,39.308395
2013-10-10,136.318405,41.402744,43.699959,32.193569,75.343697,73.593925,67.850182,72.284424,124.269997,40.310772
2013-10-11,137.196716,42.022083,43.931740,32.337025,75.371819,73.572990,67.850182,72.380028,122.599998,40.712914
2013-10-14,137.744675,42.242355,44.081738,32.525772,75.231018,72.980019,67.826073,72.156975,122.830002,40.736916
2013-10-15,136.745483,41.876595,43.870396,32.208672,75.195877,72.931190,67.850182,72.169754,123.730003,40.586872
2013-10-16,138.655258,42.308849,44.197632,32.465370,75.519684,73.845108,67.874336,72.705017,123.540001,41.349152
2013-10-17,139.581879,42.691277,44.783939,32.669228,75.730850,74.514862,67.898491,73.240318,127.419998,41.973362
2013-10-18,140.524658,43.210823,45.049820,32.699421,75.857574,74.675285,67.898491,73.335930,126.849998,41.931374
2013-10-21,140.532761,43.160957,45.117989,32.646580,75.787163,74.438133,67.898491,73.144745,126.980003,41.679283
2013-10-22,141.346664,43.256557,45.567947,32.963684,76.054688,75.268288,67.954788,73.590805,129.339996,42.063412
2013-10-23,140.669754,43.194191,45.124809,32.193569,76.033531,75.561310,67.930588,73.571716,128.690002,42.141438
2013-10-24,141.137085,43.426971,45.438412,32.125618,76.005394,75.268288,67.922607,73.495232,129.899994,42.129436
2013-10-25,141.781723,43.481010,45.308876,32.276627,76.033531,75.547325,67.938644,73.488853,130.460007,42.645634
2013-10-28,142.007370,43.514256,45.233891,32.465370,75.998360,75.289207,67.954788,73.558983,130.559998,42.339516
2013-10-29,142.764832,43.680511,45.329323,32.571079,76.089882,75.386894,67.954788,73.660912,129.770004,42.093422
2013-10-30,142.055725,43.190048,45.165699,32.389866,75.949097,74.933441,67.954788,73.514320,129.600006,41.739296
2013-10-31,141.652863,42.965607,44.913456,32.057663,75.956085,75.093849,67.962784,73.412399,127.739998,41.493198
2013-11-01,141.991272,42.786861,44.695309,32.072769,75.772804,74.281036,67.937859,73.214172,126.949997,41.709278
2013-11-04,142.490860,43.331375,44.913456,32.269073,75.850349,74.350998,67.953941,73.233391,126.809998,41.787315
2013-11-05,142.039627,43.227451,44.524868,31.619759,75.624649,73.462608,67.953941,72.920052,126.559998,41.103050
2013-11-06,142.764832,43.181732,44.913456,31.717903,75.744530,73.497566,67.970062,73.003159,127.199997,41.043056
2013-11-07,140.959854,42.491760,44.204437,31.144110,75.800926,74.120186,67.986145,73.150261,126.160004,40.532848
2013-11-08,142.861572,43.215000,44.463512,31.076164,75.328529,72.336395,67.937859,72.434151,124.279999,39.986645
2013-11-11,142.885773,43.248249,44.558964,30.917606,75.286156,72.063606,67.953941,72.312645,123.870003,40.028667
2013-11-12,142.595673,43.252399,44.408981,30.751499,75.257980,72.399406,67.937859,72.363777,122.449997,39.848591
2013-11-13,143.739822,43.647266,44.552132,30.804346,75.455482,72.665184,67.937859,72.530098,122.849998,40.106705
2013-11-14,144.457001,43.630642,44.756672,31.302660,75.688148,73.112892,67.978081,72.926407,124.269997,40.388805
2013-11-15,145.085571,43.796898,45.117989,31.899120,75.709312,73.259773,67.978081,72.926407,124.320000,40.538853
2013-11-18,144.577896,43.626465,45.117989,32.186016,75.857422,73.700447,68.010284,73.252525,122.900002,40.286766
2013-11-19,144.263626,43.377083,45.002087,31.989719,75.652893,73.140862,67.986145,72.996788,122.949997,40.004658
2013-11-20,143.812378,43.335541,44.688488,31.551802,75.441368,71.895752,67.994171,72.683540,120.120003,39.518467
2013-11-21,144.972794,44.141872,44.968002,31.521614,75.518890,72.014656,68.026360,72.824135,119.940002,39.824593
2013-11-22,145.697952,44.279045,45.097542,31.748117,75.624649,72.686157,68.010284,73.079910,119.919998,39.668526
2013-11-25,145.552902,44.312294,44.961182,31.340405,75.681099,72.895988,68.010284,73.207771,120.459999,39.482464
2013-11-26,145.593231,44.628193,44.961182,31.446121,75.702255,73.168808,68.018303,73.354797,119.820000,39.344418
2013-11-27,145.947769,44.910824,45.070263,31.649965,75.737511,73.042885,68.018303,73.367607,119.459999,39.680531
2013-11-29,145.851089,44.890060,45.158894,31.974611,75.765686,73.063927,68.026360,73.310089,120.699997,39.314407
2013-12-02,145.472351,44.366329,44.824841,31.302660,75.478111,72.495628,67.985329,72.962433,117.580002,39.086327
2013-12-03,144.843857,44.170979,44.511230,31.196959,75.570030,72.762215,68.001427,73.148445,117.959999,39.008282
2013-12-04,144.827682,43.979774,44.272625,31.159203,75.372185,72.067673,67.985329,72.911087,119.959999,39.152348
2013-12-05,144.191132,44.087860,44.020382,30.978003,75.209656,71.864182,67.993355,72.750771,118.300003,39.290390
2013-12-06,145.802734,44.420364,44.565765,31.665058,75.336884,72.208008,67.969215,72.904709,118.550003,39.572495
2013-12-09,146.173416,44.358021,44.518055,31.710367,75.428711,72.376381,67.969215,73.013763,119.720001,39.764565
2013-12-10,145.649612,43.913261,44.443058,31.725464,75.548813,72.895500,67.993355,73.308800,121.820000,39.662529
2013-12-11,144.013809,43.331375,44.027187,31.023296,75.428711,72.334229,67.969215,73.103539,120.860001,38.750187
2013-12-12,143.538422,43.406193,43.706776,30.842104,75.315651,72.060623,67.945107,72.981651,118.290001,38.534103
2013-12-13,143.522308,43.564125,43.679504,30.917606,75.351021,72.411415,67.961189,73.180550,119.379997,38.630150
2013-12-16,144.416763,44.083691,43.993111,31.121458,75.407509,72.144814,67.961189,73.238251,119.690002,38.762207
2013-12-17,143.957428,44.004723,43.802216,30.849646,75.534668,72.467552,67.977280,73.456329,118.650002,38.942268
2013-12-18,146.415146,44.574158,44.491234,31.463688,75.499359,72.102692,67.977280,73.456329,117.610001,39.632515
2013-12-19,146.245926,44.179287,44.491234,30.884695,75.372185,72.032547,67.937019,73.347298,114.820000,39.086327
2013-12-20,147.096619,44.931614,44.745670,30.838985,75.499359,73.141060,67.912895,73.687256,115.940002,39.326408
2013-12-23,147.882538,45.344440,45.206409,31.067537,75.463966,72.727150,67.904831,73.571762,115.570000,39.404430
2013-12-24,148.206619,45.490395,45.295803,31.250381,75.358070,72.144814,67.880722,73.552536,116.099998,39.439789
2013-12-26,148.960037,45.565445,45.543354,30.983730,75.315552,71.866806,67.873482,73.499779,116.739998,39.470272
2013-12-27,148.951889,45.507061,45.777157,31.463688,75.343887,71.662659,67.905640,73.435448,117.120003,39.555614
2013-12-30,148.927643,45.490395,45.969700,31.600821,75.414703,72.155365,67.921730,73.654213,115.389999,39.567806
2013-12-31,149.632492,45.507061,46.141617,31.844601,75.343887,71.697830,67.905640,73.467628,116.120003,39.354439
2014-01-02,148.198532,44.964954,45.323311,30.618052,75.393417,71.916077,67.937866,73.609184,118.000000,39.360550
2014-01-03,148.174118,45.160969,45.371445,30.564726,75.421753,71.916077,67.913727,73.718544,119.290001,39.579994
2014-01-06,147.744751,44.785660,45.316437,30.275230,75.520882,72.218750,67.921730,73.879402,119.500000,39.781151
2014-01-07,148.652176,45.173477,45.570869,30.404736,75.556274,72.401749,67.921730,73.821457,118.820000,39.957943
2014-01-08,148.684586,45.056698,45.557102,30.305700,75.329735,72.204636,67.857368,73.506233,118.120003,39.762871
2014-01-09,148.781784,45.006668,45.522720,30.145716,75.435905,72.627007,67.873482,73.673515,118.459999,39.762871
2014-01-10,149.186905,45.177639,45.942196,30.679005,75.818184,73.492744,67.937866,74.072357,120.260002,40.305393
2014-01-13,147.201981,44.560478,45.543354,30.313318,75.888969,73.858788,67.953926,74.213974,121.019997,40.037178
2014-01-14,148.806122,45.085892,45.907814,30.640913,75.775734,73.520905,67.937866,73.995148,119.889999,40.329773
2014-01-15,149.608200,45.457043,46.100349,30.633291,75.712013,73.443512,67.913727,74.014450,119.660004,40.634571
2014-01-16,149.413742,45.415333,46.079731,30.465683,75.888969,73.936211,67.929802,74.188210,119.790001,40.707718
2014-01-17,148.781784,45.177639,45.942196,30.313318,75.924362,74.245941,67.929802,74.271835,120.930000,40.469971
2014-01-21,149.219269,45.415333,46.162247,30.267616,75.959793,74.302223,67.921730,74.168869,119.699997,40.835739
2014-01-22,149.316513,45.694710,46.162247,30.671389,75.796982,74.119202,67.889580,73.988770,119.190002,41.012505
2014-01-23,148.093170,45.386143,45.852795,29.917168,75.995178,75.168015,67.953926,74.271835,121.790001,40.914982
2014-01-24,144.933456,44.326965,44.594387,29.132484,76.158028,75.653694,67.978104,74.220390,122.290001,40.402946
2014-01-27,144.220444,43.726486,44.388100,29.018208,75.995178,75.125732,67.970039,74.078827,120.959999,40.092037
2014-01-28,145.079254,44.114315,44.773193,29.201036,76.122635,75.308800,67.970039,74.439133,120.949997,40.427303
2014-01-29,143.685806,43.517986,44.271187,28.782038,76.349121,75.928215,68.018356,74.587120,122.470001,40.207863
2014-01-30,145.208923,44.072594,44.498119,29.048685,76.363304,75.709984,68.010284,74.625687,119.769997,40.817451
2014-01-31,144.358246,43.822395,43.741707,29.094391,76.504829,76.216812,68.042496,74.850861,120.089996,41.036896
2014-02-03,141.109421,42.475506,42.847752,28.271618,76.764503,77.145500,68.060989,75.333565,121.320000,40.384640
2014-02-04,142.097809,42.763214,43.342857,28.842981,76.580086,76.326912,68.069046,74.972237,120.989998,40.872292
2014-02-05,141.919556,42.458817,43.432259,28.736326,76.388542,75.621185,68.036850,74.733444,121.290001,40.786976
2014-02-06,143.791046,42.934193,44.202438,29.338171,76.353104,75.296585,68.044891,74.662468,121.239998,41.085659
2014-02-07,145.573502,43.230255,44.780067,29.505775,76.473648,75.360077,68.060989,74.894760,122.169998,41.396542
2014-02-10,145.840805,43.259445,44.628780,29.178186,76.551666,75.571785,68.044891,74.927055,122.919998,41.786671
2014-02-11,147.436935,43.643089,45.337055,29.810514,76.402748,75.134285,68.028770,74.772156,124.360001,41.951263
2014-02-12,147.509842,43.789040,45.412697,29.818129,76.275063,74.746193,67.996597,74.546288,124.430000,41.975647
2014-02-13,148.271362,44.360329,45.550236,29.848604,76.438210,75.169586,68.036850,74.856064,125.489998,42.134129
2014-02-14,149.089661,44.402027,45.722137,30.214283,76.438210,75.211884,68.036850,74.998024,127.150002,42.298710
2014-02-18,149.267883,44.806507,46.114109,29.932404,76.487854,75.381310,68.060989,75.152878,127.400002,42.505985
2014-02-19,148.279495,44.372837,45.804661,29.726715,76.431099,75.063705,68.036850,75.068962,126.269997,42.481594
2014-02-20,149.154480,44.894077,45.962830,29.833364,76.388542,74.880203,68.044891,74.972237,127.599998,42.390160
2014-02-21,148.984329,44.894077,46.052216,30.039061,76.459496,75.275436,68.052963,75.049660,127.580002,42.493797
2014-02-24,149.810715,45.265213,46.451057,30.039061,76.388542,75.084877,68.052963,75.088341,128.990005,42.597404
2014-02-25,149.754028,45.215160,46.341030,29.696239,76.594223,75.755295,68.044891,75.378777,129.210007,42.737617
2014-02-26,149.762100,45.577965,46.182869,29.719093,76.757347,76.157486,68.077133,75.623955,128.110001,42.835148
2014-02-27,150.548050,45.778114,46.341030,30.282846,76.835388,76.573845,68.069046,75.753029,128.199997,42.719334
2014-02-28,150.928802,45.753098,46.423553,30.077154,76.792824,76.616211,68.069046,75.707863,127.620003,43.115547
2014-03-03,149.867462,45.527924,45.440216,29.543871,76.991791,77.127678,68.107689,75.905838,130.289993,43.139931
2014-03-04,151.973938,46.666317,46.341030,30.046679,76.707520,75.967552,68.051353,75.498184,128.679993,43.761700
2014-03-05,152.111694,46.607944,46.299778,30.069536,76.750221,76.130226,68.075478,75.459274,128.889999,43.706833
2014-03-06,152.460022,46.687172,46.781136,30.496157,76.579674,75.380386,68.035233,75.232796,130.169998,43.341103
2014-03-07,152.524811,46.753910,46.526703,30.107628,76.366501,74.906441,67.986916,74.960976,129.089996,42.871727
2014-03-10,152.443848,46.666317,46.237885,29.901926,76.366501,75.012520,67.994949,74.844467,129.130005,42.646179
2014-03-11,151.690353,46.203461,45.900944,29.566727,76.359375,75.210625,67.994949,74.870354,129.860001,42.914394
2014-03-12,151.730850,46.278522,45.729031,29.627678,76.529915,75.734100,68.019104,75.135742,131.759995,43.042393
2014-03-13,150.029465,45.765602,44.876328,29.094391,76.728851,76.752747,68.059425,75.401070,132.210007,42.841236
2014-03-14,149.608200,45.944920,44.780067,29.254374,76.693314,76.766891,68.043251,75.316917,133.100006,42.950962
2014-03-17,150.961182,46.236824,45.343941,29.612438,76.650681,76.193909,68.019104,75.219833,131.639999,43.042393
2014-03-18,152.038696,46.845631,45.625877,30.023819,76.743073,76.469803,68.035233,75.452888,130.619995,43.170410
2014-03-19,151.228607,46.516216,45.068874,29.383892,76.402023,75.875572,67.922501,74.909187,128.089996,42.353588
2014-03-20,152.111694,46.657986,44.896961,29.513397,76.345161,75.741150,67.930542,75.012726,127.860001,42.426727
2014-03-21,151.521652,46.499527,44.807568,29.696239,76.451721,76.561729,67.938583,75.271622,128.470001,42.816868
2014-03-24,150.895081,46.107555,44.924469,29.985727,76.565437,77.106422,67.906387,75.414032,126.180000,42.536469
2014-03-25,151.611176,46.104206,45.412697,30.328560,76.487297,76.816422,67.914474,75.439934,126.410004,42.924835
2014-03-26,150.520737,45.297119,45.405819,30.397125,76.728851,77.417717,67.962723,75.731148,125.410004,42.440125
2014-03-27,150.203430,45.167488,45.632748,30.793270,76.785728,77.806801,67.954704,75.750580,124.589996,42.710102
2014-03-28,150.943878,45.251106,45.976582,31.037071,76.672028,77.368172,67.954704,75.692284,124.559998,42.967781
2014-03-31,152.180817,46.058208,46.210369,31.242758,76.679138,77.177193,67.994949,75.685844,123.610001,43.329803
2014-04-01,153.189911,46.618565,46.506069,31.608440,76.561668,76.517616,67.955475,75.497643,123.389999,43.526134
2014-04-02,153.702530,46.848557,46.595467,31.669386,76.433525,76.077896,67.931366,75.393776,124.320000,43.562946
2014-04-03,153.499084,46.509830,46.464809,31.547493,76.490471,76.411255,67.947441,75.536568,123.919998,43.470917
2014-04-04,151.684402,45.573128,46.320400,31.463688,76.732559,76.921844,68.003822,75.835152,125.570000,43.618164
2014-04-07,150.008057,44.975105,46.100349,31.600821,76.846527,77.382881,68.011864,76.016907,124.910004,43.759274
2014-04-08,150.626526,45.326378,46.072849,31.966499,76.938965,77.567192,68.019936,76.218094,126.089996,44.029243
2014-04-09,152.245911,45.798950,46.664238,32.210285,76.946106,77.184280,68.052147,76.283035,126.320000,43.918804
2014-04-10,149.047852,44.657303,45.839054,31.867460,77.124100,77.900566,68.092415,76.386932,127.010002,43.501583
2014-04-11,147.705109,44.130390,45.563988,31.867460,77.195320,78.531799,68.084320,76.438812,126.930000,43.237755
2014-04-14,148.868820,44.347839,45.825294,31.798903,77.223755,78.326103,68.076355,76.490715,127.849998,43.495468
2014-04-15,149.894165,44.485855,45.632748,31.318941,77.230927,78.815453,68.076355,76.653023,125.489998,44.010845
2014-04-16,151.464691,44.916576,46.196629,31.715094,77.273643,78.914757,68.052147,76.685501,125.540001,44.293087
2014-04-17,151.676300,45.121494,46.437309,32.004589,77.024452,78.049507,68.036018,76.244064,124.750000,44.035381
2014-04-21,152.205185,45.322208,46.499199,31.806519,77.017357,77.985703,68.036018,76.347923,124.239998,44.286949
2014-04-22,152.896942,45.698570,46.691750,31.722710,77.003044,78.248070,68.003822,76.386932,123.779999,44.385113
2014-04-23,152.538849,45.422581,46.581715,31.494160,77.081383,78.694939,68.036018,76.555641,123.760002,44.207195
2014-04-24,152.848129,45.292942,46.574837,31.524632,77.152611,78.843834,68.019936,76.568619,124.559998,44.391258
2014-04-25,151.594894,44.623852,46.347919,31.098007,77.166847,78.957306,68.028000,76.555641,125.430000,44.219460
2014-04-28,152.075058,44.381302,46.492321,31.250381,77.116936,78.574310,68.028000,76.464767,124.879997,44.563053
2014-04-29,152.783005,44.485855,46.794888,31.547493,77.152611,78.467957,68.019936,76.477783,124.860001,44.593739
2014-04-30,153.238739,44.799484,46.980556,31.486546,77.309196,78.794182,68.068275,76.691978,124.220001,44.753273
2014-05-01,153.254944,44.694939,47.111206,31.524632,77.421875,79.639450,68.069054,77.013542,123.800003,44.943462
2014-05-02,153.035294,44.795319,47.035572,31.699862,77.514603,80.130066,68.060997,77.176315,125.059998,44.931190
2014-05-05,153.328293,44.715851,47.001183,31.524632,77.486092,79.646629,68.069054,76.981018,126.220001,45.023235
2014-05-06,151.993637,43.979855,46.918663,31.669386,77.543205,79.966537,68.044914,77.111191,125.980003,44.863701
2014-05-07,152.888824,44.155487,46.973671,31.836979,77.543205,79.682159,68.069054,77.124222,124.169998,45.403625
2014-05-08,152.726013,43.812576,46.980556,31.760801,77.593094,79.340927,68.085197,77.143761,124.169998,45.507935
2014-05-09,152.953918,44.151314,46.911797,31.707478,77.521767,79.084953,68.109352,77.059151,124.099998,45.538631
2014-05-12,154.443039,45.092205,47.221237,32.240757,77.457542,78.765022,68.093262,76.863846,124.940002,45.679729
2014-05-13,154.581406,44.602943,47.290001,32.362648,77.585953,79.447571,68.117378,77.150291,124.599998,45.385242
2014-05-14,153.849030,43.808407,47.200607,32.591194,77.807007,80.307808,68.141563,77.534386,125.809998,45.403625
2014-05-15,152.498199,43.557503,46.994308,32.286461,77.971077,80.947624,68.149651,77.671074,124.769997,45.379101
2014-05-16,153.027130,43.900417,47.097458,32.713100,77.885483,80.720139,68.157669,77.579964,124.500000,45.796314
2014-05-19,153.588654,44.264210,47.001183,32.713100,77.856964,80.122948,68.173775,77.508331,124.580002,45.612244
2014-05-20,152.620270,43.645317,46.705490,32.446445,77.892632,80.300674,68.181854,77.508331,124.690002,45.471123
2014-05-21,153.905960,43.837685,47.069954,32.697857,77.864128,79.810158,68.181854,77.365089,124.389999,45.170483
2014-05-22,154.280273,44.222393,47.131840,32.926403,77.828438,79.696381,68.165688,77.339088,124.669998,45.090714
2014-05-23,154.898727,44.682400,47.255619,32.865459,77.906906,80.122948,68.149651,77.423737,124.510002,45.489529
2014-05-27,155.850906,45.246944,47.592567,32.583591,77.978195,80.592163,68.165688,77.697121,121.849998,45.814724
2014-05-28,155.736969,44.962582,47.434414,32.774040,78.192207,81.587456,68.181854,78.068192,121.199997,45.526333
2014-05-29,156.542572,45.067120,47.723228,32.865459,78.149406,81.153778,68.173775,77.840324,120.940002,45.618389
2014-05-30,156.794785,44.870586,47.730099,32.415977,78.220734,81.118240,68.189919,77.853363,120.430000,45.827011
2014-06-02,156.973892,44.749302,47.826366,32.515022,77.982750,80.515289,68.143951,77.421196,119.699997,45.968128
2014-06-03,156.892471,44.644756,47.709469,32.697857,77.775520,79.524551,68.127853,77.068665,120.010002,45.943573
2014-06-04,157.209808,44.845482,47.695713,32.515022,77.746948,79.503059,68.152061,77.029472,119.760002,46.035603
2014-06-05,158.235199,45.723667,48.025795,32.857838,77.846985,79.538734,68.160057,77.192657,120.660004,46.882320
2014-06-06,158.992020,46.150204,48.287106,33.185432,77.804161,79.538734,68.143951,77.355865,120.610001,46.685978
2014-06-09,159.154724,46.509830,48.238949,33.307320,77.732681,79.424675,68.095604,77.199211,120.650002,46.121490
2014-06-10,159.170990,46.304928,48.135811,33.482536,77.618324,79.132477,68.079483,77.055595,121.389999,45.777912
2014-06-11,158.617645,46.083298,47.895142,33.368267,77.675468,79.275063,68.103699,77.114326,121.410004,45.655205
2014-06-12,157.494629,45.794762,47.908890,33.208290,77.825539,79.980690,68.127853,77.362373,122.639999,45.538631
2014-06-13,157.974747,45.903488,47.943272,33.223518,77.804161,79.937889,68.087578,77.349358,122.959999,45.655205
2014-06-16,158.104965,45.957840,47.957020,33.071148,77.761192,80.137482,68.071449,77.342804,122.419998,45.422054
2014-06-17,158.544388,46.296562,47.922642,33.078766,77.618324,79.503059,68.014992,77.081726,122.279999,45.538631
2014-06-18,159.708054,46.576744,48.335243,33.444454,77.825539,80.116104,68.071449,77.525642,122.669998,45.857666
2014-06-19,159.887115,46.610195,48.596539,33.254002,77.711250,79.089745,68.063400,77.251488,126.940002,46.238071
2014-06-20,160.211716,46.735661,48.514023,33.185432,77.846985,79.688461,68.063400,77.401573,126.500000,46.397598
2014-06-23,160.162659,46.652016,48.383358,33.116867,77.775520,79.438972,68.063400,77.395073,126.849998,46.207397
2014-06-24,159.197861,46.274151,48.080795,33.101624,77.911308,80.244385,68.087578,77.721481,126.980003,46.241467
2014-06-25,159.917328,46.618061,48.063900,33.171501,78.018524,80.451118,68.095604,77.799820,126.989998,46.148556
2014-06-26,159.802887,46.475449,48.099113,33.209896,78.168571,80.836044,68.111755,77.943466,126.730003,46.105209
2014-06-27,160.113571,46.840313,48.127300,33.286678,78.168571,80.714828,68.127853,77.930367,126.660004,46.458206
2014-06-30,160.031799,47.008072,48.169579,33.194542,78.175697,80.914421,68.135895,77.858551,128.039993,46.346722
2014-07-01,161.102951,47.565838,48.592300,33.509357,78.079773,80.236946,68.107643,77.557419,127.699997,46.594433
2014-07-02,161.266510,47.310020,48.669807,33.709003,77.807755,79.379433,68.083488,77.282494,127.699997,46.482964
2014-07-03,162.059631,47.649715,48.768440,33.908642,77.757629,79.093521,68.075493,77.203949,127.160004,46.216686
2014-07-07,161.495438,46.970322,48.387981,33.885609,77.779121,79.672371,68.059334,77.341423,127.019997,46.352936
2014-07-08,160.456970,46.538364,47.880714,33.732033,77.936577,80.565681,68.075493,77.629471,127.070000,46.489174
2014-07-09,161.176498,46.559315,48.035709,33.924007,78.001076,80.630013,68.083488,77.753830,127.839996,46.563503
2014-07-10,160.538773,46.060280,47.507305,33.739716,78.036819,80.651443,68.115784,77.694939,128.539993,46.774036
2014-07-11,160.759521,45.905109,47.535484,33.701328,78.144196,81.165970,68.131844,77.937134,128.779999,46.780235
2014-07-14,161.569031,46.139957,47.887760,33.962387,78.079773,80.815788,68.123817,77.773483,125.720001,47.009365
2014-07-15,161.266510,45.762527,47.767979,33.939362,77.979591,80.651443,68.091553,77.688393,124.529999,47.040314
2014-07-16,161.863419,45.670254,48.063900,34.023834,78.044006,81.080215,68.083488,77.871689,124.970001,47.188950
2014-07-17,160.023666,45.045380,47.450943,33.386501,78.273087,82.102119,68.139923,78.166298,127.089996,46.947433
2014-07-18,161.658951,45.691235,47.824352,33.908642,78.187187,81.837715,68.083488,78.061531,126.129997,47.411896
2014-07-21,161.356384,45.498302,47.648201,34.023834,78.215775,82.245049,68.091553,78.061531,126.339996,47.238491
2014-07-22,162.059631,45.888340,47.859573,34.338650,78.344643,82.416557,68.091553,78.120453,125.739998,47.387112
2014-07-23,162.419342,45.846397,47.958202,34.369362,78.358955,82.309303,68.115784,78.212143,125.620003,47.473820
2014-07-24,162.427567,45.842205,48.070942,34.522934,78.115585,81.694756,68.091553,77.904396,124.349998,47.411896
2014-07-25,161.667130,45.439602,47.873661,34.384727,78.265877,82.659477,68.099625,78.205551,125.790001,47.083672
2014-07-28,161.732605,45.259262,47.880714,34.622749,78.280205,82.545189,68.067375,78.113907,125.580002,47.411896
2014-07-29,161.037552,45.359913,47.782078,34.415428,78.358955,82.845322,68.083488,78.185905,125.199997,47.182758
2014-07-30,161.062042,45.418644,47.711620,34.246506,78.079773,81.694756,68.051262,77.825867,124.830002,47.083672
2014-07-31,157.881378,44.395344,46.915489,33.647572,77.979591,81.451813,68.083488,77.609818,123.389999,46.383896
2014-08-01,157.398926,44.298874,46.591400,33.831860,78.273582,82.082306,68.169762,78.009651,124.379997,46.272427
2014-08-04,158.535553,44.672131,46.809811,34.146683,78.259216,81.867363,68.169762,78.029320,123.989998,46.594433
2014-08-05,156.998306,44.609230,46.210941,33.624535,78.259216,82.132500,68.169762,78.108147,123.870003,46.117619
2014-08-06,157.047409,44.743435,46.098228,33.394184,78.266426,82.182587,68.185898,77.970253,125.669998,46.099045
2014-08-07,156.196991,44.508575,45.724808,33.263641,78.417091,82.949303,68.218109,78.173775,126.180000,46.123795
2014-08-08,158.004059,44.919571,45.992527,33.563114,78.445732,82.770157,68.177795,78.154068,126.190002,46.396297
2014-08-11,158.461929,45.301208,46.168674,33.993114,78.452896,82.763023,68.177795,78.186905,125.959999,46.687351
2014-08-12,158.241119,45.011833,46.133453,34.031509,78.417091,82.225632,68.177795,78.147476,125.989998,46.613018
2014-08-13,159.312256,45.255081,46.394123,34.215790,78.574844,82.763023,68.210136,78.305115,126.199997,47.288044
2014-08-14,160.064468,45.330563,46.640709,34.269543,78.617867,83.429367,68.226227,78.390442,126.309998,47.257080
2014-08-15,160.031799,45.305393,46.591400,34.177402,78.811440,84.339302,68.226227,78.666183,125.480003,47.207523
2014-08-18,161.372818,45.934467,46.894348,34.507580,78.646545,83.500992,68.226227,78.488869,124.959999,47.671989
2014-08-19,162.214935,46.106411,47.007084,34.668831,78.538933,83.243042,68.226227,78.436417,124.680000,47.771072
2014-08-20,162.648315,45.863171,46.859123,34.599720,78.452896,83.106956,68.161713,78.259155,124.220001,47.987831
2014-08-21,163.122559,46.022530,47.056393,34.453819,78.589172,83.572609,68.161713,78.528297,122.879997,47.913525
2014-08-22,162.869125,46.018337,46.830944,34.361683,78.574844,84.038353,68.145615,78.626770,123.190002,47.529560
2014-08-25,163.694885,46.072849,47.133896,34.615082,78.639381,84.353645,68.121407,78.751511,122.739998,47.424271
2014-08-26,163.801193,46.399971,47.140945,34.822399,78.646545,84.081345,68.145615,78.804039,123.349998,47.517162
2014-08-27,163.735794,46.286743,47.232525,34.999004,78.746910,84.797852,68.161713,78.935341,123.320000,47.548145
2014-08-28,163.645813,46.039295,47.021172,34.653469,78.904724,85.242081,68.177795,79.106087,124.000000,47.541946
2014-08-29,164.111984,46.282547,47.000027,34.599720,78.876007,85.299431,68.210136,79.165176,123.860001,47.795849
2014-09-02,164.030228,46.546738,47.091625,34.545967,78.635323,83.827957,68.152054,78.788544,121.650002,47.802044
2014-09-03,163.940247,46.362240,47.422752,34.999004,78.721611,84.294762,68.168190,78.893944,122.150002,47.925903
2014-09-04,163.703094,46.240601,47.197308,34.906864,78.620995,83.267822,68.160072,78.334267,121.480003,47.746307
2014-09-05,164.439026,46.358044,47.204346,35.206333,78.577904,83.109871,68.184250,78.347404,122.059998,48.254108
2014-09-08,164.013794,46.399971,46.704128,34.791687,78.498840,83.145683,68.143944,78.215775,120.730003,48.204567
2014-09-09,162.975418,45.854790,46.570263,34.361683,78.391075,83.081062,68.103630,78.005066,120.870003,47.907310
2014-09-10,163.588638,45.993160,46.837997,34.215790,78.283287,82.556862,68.111717,77.880005,120.260002,47.151806
2014-09-11,163.776764,46.311909,46.577309,33.985432,78.204247,82.283951,68.119797,77.820717,119.470001,47.188950
2014-09-12,162.820068,45.871540,46.513901,33.624535,78.046242,81.422226,68.103630,77.445435,118.379997,45.739849
2014-09-15,162.697372,45.410229,46.415264,33.455620,78.031822,81.544281,68.135902,77.465210,118.639999,45.516903
2014-09-16,163.923920,45.552837,46.612541,33.893284,78.031822,81.213921,68.176224,77.452019,118.830002,45.962799
2014-09-17,164.144577,45.674458,46.281406,33.578472,77.945618,81.005669,68.103630,77.241356,117.540001,45.950382
2014-09-18,165.019562,45.951233,46.640709,33.624535,77.952805,81.264168,68.111717,77.379639,117.779999,45.547878
2014-09-19,164.870834,45.380878,46.478676,33.371155,78.082123,82.298340,68.103630,77.682472,117.089996,45.603596
2014-09-22,163.597580,44.898598,46.274353,32.864357,78.189896,82.398834,68.152054,77.754913,116.849998,45.244434
2014-09-23,162.661072,44.449863,45.886848,32.680073,78.261795,82.908783,68.168190,77.880005,117.599998,44.916210
2014-09-24,163.934341,44.804024,46.119354,33.148472,78.211456,82.449127,68.143944,77.695618,117.050003,44.796200
2014-09-25,161.289139,44.143661,45.442989,32.426682,78.362389,83.425781,68.192352,77.926079,117.389999,44.596195
2014-09-26,162.570724,44.400242,45.633217,32.572575,78.355141,83.303688,68.160072,77.754913,117.059998,45.196232
2014-09-29,162.274979,44.400242,45.210495,31.912214,78.441338,83.971588,68.176224,77.721985,117.029999,45.133724
2014-09-30,161.847778,43.870255,45.175270,31.912214,78.391075,83.497620,68.160072,77.833893,116.209999,44.908707
2014-10-01,159.654480,43.277176,44.639816,31.259539,78.829369,85.116692,68.232719,78.306000,116.769997,44.946220
2014-10-02,159.679062,43.626293,44.160732,31.428465,78.699852,84.375191,68.224586,78.299362,116.739998,44.871208
2014-10-03,161.437042,43.945976,44.160732,31.697212,78.663857,84.735168,68.160042,78.523849,114.610001,45.152454
2014-10-06,161.248093,43.567421,44.442543,32.111870,78.735802,84.785553,68.224586,78.563446,116.029999,45.271214
2014-10-07,158.759003,42.848156,43.688679,31.827747,79.038078,85.930252,68.264969,78.847404,116.360001,44.914970
2014-10-08,161.535645,43.638924,44.379128,32.303822,79.261185,85.951836,68.337616,79.250145,117.470001,45.890011
2014-10-09,158.331894,42.654682,43.188457,31.797039,79.102867,85.577477,68.337616,78.920013,117.639999,45.890011
2014-10-10,156.524673,42.208828,42.540279,31.105955,79.160469,86.426994,68.369827,78.986046,117.589996,45.933773
2014-10-13,153.953415,42.107876,42.483913,31.420782,79.390755,86.952492,68.394112,79.190750,118.519997,45.977516
2014-10-14,154.191620,42.616817,42.589588,31.605076,79.570671,87.521248,68.434402,79.369019,118.589996,46.721298
2014-10-15,153.148331,42.907040,42.335957,31.205782,79.714630,88.212372,68.523163,79.428444,118.989998,46.540058
2014-10-16,153.016891,43.306641,41.941414,30.921680,79.649834,87.650833,68.482796,79.250145,119.220001,46.615055
2014-10-17,154.824188,43.155201,42.723461,31.267212,79.541939,87.161293,68.442505,79.217110,118.989998,46.671307
2014-10-20,156.327484,43.651539,42.991184,31.359352,79.635468,87.478058,68.482796,79.362411,119.800003,47.383842
2014-10-21,159.424454,44.370800,43.505493,31.489893,79.563469,86.779747,68.466675,79.316177,120.019997,47.815117
2014-10-22,158.290817,43.845016,43.188457,31.282579,79.520309,86.873367,68.450539,79.184090,119.339996,47.827610
2014-10-23,160.130920,44.505383,43.604137,31.274893,79.333206,86.102997,68.418282,79.032265,118.519997,48.196392
2014-10-24,161.363159,44.602139,43.843678,31.497578,79.361938,86.189415,68.434402,79.065269,118.349998,48.158882
2014-10-27,161.141327,44.568478,43.597095,31.251854,79.390755,86.347786,68.434402,79.164307,118.059998,48.515163
2014-10-28,162.989670,45.901829,44.259365,31.881498,79.268402,85.807846,68.418282,78.900208,118.099998,48.727676
2014-10-29,162.743210,45.842953,43.921188,31.927572,79.095703,86.002228,68.329567,78.754997,116.410004,48.452637
2014-10-30,163.786484,46.213097,44.238220,32.227039,79.225227,86.074211,68.353722,78.807747,115.190002,48.758930
2014-10-31,165.659470,46.902908,45.055496,32.365253,79.225227,85.851021,68.337616,78.794563,112.660004,49.371449
2014-11-03,165.749847,46.856632,44.667988,32.096497,79.075264,85.851067,68.328743,78.638939,112.150002,49.802738
2014-11-04,165.174789,46.684170,44.414356,32.127213,79.082474,86.118057,68.320648,78.751503,112.220001,49.883987
2014-11-05,166.218109,46.801949,44.498901,31.843117,79.111351,85.995331,68.304512,78.605835,109.790001,49.777721
2014-11-06,166.883469,46.928127,44.259365,31.451502,78.974358,85.439674,68.288361,78.367508,109.879997,49.396450
2014-11-07,167.039566,46.936531,44.280502,31.651140,79.241127,86.421165,68.336800,78.864143,112.970001,49.333942
2014-11-10,167.565262,47.096386,44.477764,31.735609,79.053619,85.627350,68.288361,78.466820,110.459999,49.740215
2014-11-11,167.729584,47.100594,44.745495,31.704893,79.089668,85.685043,68.280296,78.460197,112.040001,49.546440
2014-11-12,167.548889,47.420254,44.365051,31.643461,79.096886,85.612915,68.304512,78.453560,111.500000,49.171452
2014-11-13,167.737808,47.058529,44.576408,31.559000,79.132957,85.814972,68.320648,78.367508,111.669998,49.440208
2014-11-14,167.778854,46.978603,44.639816,31.820080,79.205017,86.233482,68.352936,78.466820,114.470001,49.033939
2014-11-17,167.885666,46.532764,44.463676,31.482216,79.111351,86.017036,68.344841,78.281448,114.050003,49.252686
2014-11-18,168.855026,46.755676,44.949806,31.651140,79.183388,86.255180,68.336800,78.347641,115.050003,49.465202
2014-11-19,168.583954,46.288795,44.815956,31.635784,78.995941,85.706734,68.328743,77.930473,113.680000,49.021431
2014-11-20,168.879669,46.827190,44.548222,31.582039,79.140160,86.154167,68.344841,78.228470,114.860001,49.183937
2014-11-21,169.783218,46.814583,44.935730,32.587936,79.233864,86.673775,68.361023,78.566147,115.389999,49.490208
2014-11-24,170.259766,47.357159,45.196407,32.319172,79.262688,86.745888,68.369049,78.691925,115.110001,49.665215
2014-11-25,170.136551,47.357159,45.273907,32.111870,79.435722,87.467606,68.377136,79.029602,115.379997,49.752716
2014-11-26,170.571945,47.495975,45.450031,32.518822,79.500656,87.705788,68.385193,79.301071,115.160004,50.233997
2014-11-28,170.210449,46.814583,45.083675,31.866138,79.745758,88.398544,68.409409,79.512924,112.110001,50.359009
2014-12-01,169.027512,46.183655,45.041401,31.320965,79.566483,87.882835,68.408600,79.237381,116.580002,50.233997
2014-12-02,170.120117,46.671555,45.168224,31.313286,79.407486,87.029327,68.368271,78.706200,115.139999,50.546505
2014-12-03,170.777283,47.151058,45.111862,31.397755,79.335197,87.369293,68.335960,78.785927,116.330002,50.496521
2014-12-04,170.588379,46.932346,44.963890,31.451502,79.573753,88.099884,68.376343,78.912086,115.879997,50.627773
2014-12-05,170.867615,47.226765,45.062534,31.390072,79.233994,87.586266,68.247147,78.586739,114.430000,50.371502
2014-12-08,169.725769,46.667358,44.667988,30.929348,79.429115,88.656799,68.239082,78.958557,115.779999,50.690273
2014-12-09,169.610779,47.470726,44.428452,30.637571,79.552048,89.112511,68.263290,79.024925,118.190002,50.921539
2014-12-10,166.891693,46.406570,43.864822,30.184536,79.689423,89.763466,68.319786,78.998405,117.959999,50.871525
2014-12-11,167.737808,46.545383,43.808460,29.931141,79.660461,90.132332,68.287567,78.918709,117.690002,50.965294
2014-12-12,165.026917,45.948097,42.963001,29.439716,79.913467,91.354782,68.352135,79.044891,117.410004,50.521511
2014-12-15,163.893295,45.573750,42.251419,29.017395,79.696609,91.166687,68.303665,79.230820,114.389999,49.865242
2014-12-16,162.578888,45.493843,42.554371,28.971321,79.891769,92.295082,68.344025,79.204185,114.949997,49.796467
2014-12-17,165.766266,46.730461,43.063053,29.637274,79.790565,91.463226,68.279442,79.224152,114.269997,50.940296
2014-12-18,169.865417,47.420254,43.831387,30.042313,79.580986,89.835800,68.239082,79.303787,115.150002,51.296547
2014-12-19,170.588196,47.399227,43.895416,30.252611,79.711052,91.043709,68.190651,79.263954,114.769997,51.271545
2014-12-22,171.372955,47.798817,44.108849,30.673227,79.833931,91.166687,68.206741,79.516304,112.550003,52.128769
2014-12-23,171.604218,48.034355,43.966576,30.392820,79.465271,89.358345,68.134087,78.912086,112.739998,51.983036
2014-12-24,171.620697,48.142879,44.165760,30.462917,79.551674,89.844765,68.168854,79.166397,112.769997,51.767639
2014-12-26,172.174103,48.446945,44.279591,30.704376,79.587921,90.178200,68.144615,79.226303,114.830002,51.951363
2014-12-29,172.405457,48.691887,43.959446,30.517439,79.754662,90.852325,68.209229,79.379440,113.669998,52.236458
2014-12-30,171.480347,48.468052,43.553932,30.579752,79.841713,91.098793,68.233467,79.446022,115.199997,52.198433
2014-12-31,169.778671,48.168217,43.283596,30.603119,79.863503,91.272713,68.209229,79.499298,113.580002,51.317799
2015-01-02,169.687851,47.813488,43.098621,30.198084,80.088257,92.287537,68.281876,79.778915,114.080002,52.090740
2015-01-05,166.623398,47.082890,42.081268,29.660648,80.262360,93.737221,68.281876,80.105125,115.800003,52.375858
2015-01-06,165.053925,46.297413,41.604610,29.536020,80.465431,95.426102,68.314285,80.431335,117.120003,52.895348
2015-01-07,167.110703,46.778831,42.067039,30.174721,80.450928,95.237686,68.346558,80.537910,116.430000,53.706303
2015-01-08,170.076080,47.598118,42.636177,30.688786,80.327667,93.976387,68.338470,80.278221,115.940002,53.909058
2015-01-09,168.713165,47.133583,42.429871,30.587540,80.523407,95.005722,68.394997,80.491272,117.260002,53.934372
2015-01-12,167.391525,46.973110,42.330265,30.338297,80.588722,95.549309,68.435371,80.644379,118.559998,54.346199
2015-01-13,166.920670,47.167358,42.543697,30.603119,80.610474,95.549309,68.475761,80.717621,118.160004,54.263828
2015-01-14,165.912994,46.939312,42.422764,30.431755,80.806267,96.274185,68.516159,80.857422,117.970001,54.732655
2015-01-15,164.393082,46.200279,42.693100,30.501858,81.176155,97.789070,68.621140,81.276901,120.940002,54.859371
2015-01-16,166.548996,46.947777,43.248016,30.758905,80.864281,96.542351,68.556534,80.824158,122.519997,55.334534
2015-01-20,166.904205,46.647911,43.397419,30.712166,81.002090,97.825371,68.524200,81.010567,124.199997,54.897366
2015-01-21,167.746719,46.567677,43.738907,31.389814,80.857071,96.694656,68.524200,80.977303,124.230003,54.859371
2015-01-22,170.241272,47.538979,43.902531,31.989571,80.813576,96.346642,68.500015,80.937363,125.230003,55.835045
2015-01-23,169.307877,47.408081,43.653534,31.748114,81.016579,97.687637,68.532318,81.409988,124.230003,55.676655
2015-01-26,169.704361,47.830391,44.251141,31.763685,80.980316,97.390465,68.491920,81.390083,122.989998,56.145477
2015-01-27,167.465820,47.576996,44.315159,31.592331,80.936813,97.542656,68.532318,81.449982,124.400002,56.164478
2015-01-28,165.318253,46.871742,43.653534,31.249607,81.277657,99.137329,68.580742,82.002510,123.419998,55.790676
2015-01-29,166.846359,47.424969,44.251141,31.249607,81.212379,98.484993,68.556534,81.809486,120.760002,55.987095
2015-01-30,164.748322,46.441002,43.553932,30.392820,81.502518,100.231834,68.637299,82.481918,123.449997,54.834023
2015-02-02,166.788559,47.002674,44.080391,30.938053,81.499542,99.853371,68.615501,82.558685,122.419998,54.688301
2015-02-03,169.200531,47.834610,44.784710,31.522224,81.187263,97.739861,68.558960,81.891113,121.050003,55.163479
2015-02-04,168.556229,47.733250,44.414768,31.366447,81.310776,97.906898,68.566978,82.004616,121.580002,54.935383
2015-02-05,170.257767,48.358253,45.026596,31.553371,81.143684,96.831963,68.542740,81.744209,121.790001,55.594299
2015-02-06,169.786957,48.320251,44.464565,31.015936,80.671562,95.117882,68.381165,80.889786,118.639999,53.978729
2015-02-09,169.026993,47.872604,44.251141,30.969202,80.656937,94.965317,68.373100,80.943161,119.169998,53.598587
2015-02-10,170.827744,48.117546,44.656654,30.891310,80.569786,94.210045,68.356941,80.722885,118.470001,53.769653
2015-02-11,170.926849,48.075325,44.414768,30.665432,80.533531,94.384308,68.364990,80.776299,117.070000,53.611279
2015-02-12,172.570694,48.666550,45.104855,31.319710,80.548027,94.071968,68.389267,80.983215,117.339996,54.251160
2015-02-13,173.281036,48.932602,45.403660,31.678003,80.453629,93.105995,68.389267,80.662788,117.980003,53.890045
2015-02-17,173.553589,48.979061,45.510372,31.607897,80.126724,91.704185,68.356941,80.288948,116.010002,53.756973
2015-02-18,173.570068,49.097305,45.780727,31.600111,80.351952,92.248947,68.437759,80.576019,116.339996,54.257496
2015-02-19,173.446198,49.050854,45.837635,31.467701,80.286560,91.638847,68.397316,80.562637,115.940002,53.091759
2015-02-20,174.486969,49.131084,46.264492,31.678003,80.301079,91.907570,68.389267,80.682793,115.279999,53.604927
2015-02-23,174.462250,49.215530,46.100868,31.358658,80.446350,92.960709,68.421539,80.956490,115.430000,54.035755
2015-02-24,174.957825,49.333794,46.385426,31.810415,80.802292,94.180916,68.478142,81.483894,115.260002,52.971375
2015-02-25,174.809128,49.325344,46.420998,31.748114,80.860428,94.587654,68.478142,81.557350,115.699997,52.984070
2015-02-26,174.602631,49.477375,46.292950,31.755898,80.569786,93.294846,68.413506,81.116753,116.070000,52.407513
2015-02-27,174.007843,49.232449,46.314289,31.732540,80.773170,94.079185,68.437759,81.310310,116.160004,52.819340
2015-03-02,175.106476,49.604065,46.385426,31.685791,80.362846,92.326851,68.381966,80.605446,115.680000,53.123425
2015-03-03,174.387817,49.312679,46.100868,31.444340,80.260963,91.992126,68.365829,80.558640,115.470001,53.022064
2015-03-04,173.652679,49.008610,45.915890,31.101620,80.304665,92.021225,68.381966,80.505089,115.110001,52.515217
2015-03-05,173.842682,49.071976,46.022614,31.054884,80.341011,91.904762,68.406204,80.612183,115.000000,52.667278
2015-03-06,171.397659,48.396267,45.396542,30.579752,79.817123,89.874405,68.333389,79.755363,111.860001,50.918671
2015-03-09,172.108124,48.717220,45.467693,30.462917,80.020889,90.704025,68.365829,80.076660,111.970001,51.324135
2015-03-10,169.316147,48.142879,44.478790,29.785273,80.210068,91.897514,68.381966,80.203888,111.419998,51.286133
2015-03-11,168.919662,48.451160,44.592636,30.011152,80.370125,92.567024,68.381966,80.612183,110.750000,51.330463
2015-03-12,171.067322,49.291550,45.147537,30.198084,80.435616,92.501541,68.398132,80.531898,110.720001,52.223782
2015-03-13,170.018234,49.118427,44.884315,29.832001,80.282837,92.217697,68.406204,80.304268,110.879997,52.192104
2015-03-16,172.289795,49.287331,45.389431,30.190304,80.457443,93.105537,68.414307,80.384575,110.809998,52.730629
2015-03-17,171.777649,49.392921,45.275604,30.540798,80.442863,93.876953,68.398132,80.518456,110.209999,52.711624
2015-03-18,173.842682,49.844776,46.243149,31.288546,81.032295,95.688980,68.559784,81.509117,112.370003,53.814011
2015-03-19,173.049759,49.937695,45.702461,30.758905,80.748497,95.201439,68.470810,81.094116,112.290001,53.788673
2015-03-20,174.577225,50.465565,46.712696,31.218454,80.995850,95.703545,68.519386,81.321739,113.570000,55.138142
2015-03-23,174.237045,50.541584,46.947472,31.311928,81.010429,95.587090,68.543602,81.509117,114.290001,55.068439
2015-03-24,173.258011,50.566921,46.847862,31.436552,81.228683,96.511314,68.567833,81.629631,114.570000,54.599613
2015-03-25,170.719086,49.520149,46.627323,30.938053,81.075928,95.696259,68.551712,81.361862,114.730003,53.657612
2015-03-26,170.312561,49.363361,46.221806,30.649847,80.784836,94.204407,68.519386,80.859848,115.480003,53.377186
2015-03-27,170.702499,49.613384,46.342751,30.735525,80.901314,95.376076,68.559784,81.181145,115.059998,53.447304
2015-03-30,172.785080,50.215179,46.371212,31.327503,80.937653,94.903030,68.551712,81.321739,113.750000,54.212112
2015-03-31,171.275024,50.020226,45.652653,31.257397,81.075928,95.106812,68.608261,81.468948,113.660004,53.734104
2015-04-01,170.669373,49.952431,45.979916,31.646852,81.339043,96.356026,68.638184,81.703201,115.599998,53.657612
2015-04-02,171.283264,50.105000,46.378326,32.121983,81.229706,95.335037,68.630089,81.568970,115.279999,54.065514
2015-04-06,172.436584,50.261791,46.847862,32.534801,81.280716,94.802658,68.686691,81.676369,116.690002,54.626369
2015-04-07,171.980240,49.905800,46.783844,32.371235,81.295319,95.597565,68.638184,81.971687,116.110001,53.663986
2015-04-08,172.561035,50.232136,46.983036,33.048885,81.302635,95.626747,68.638184,81.944832,115.470001,53.746838
2015-04-09,173.324356,50.020226,47.047073,33.376015,81.098488,94.386978,68.613960,81.528702,114.669998,52.631527
2015-04-10,174.270218,50.249073,47.139561,33.399380,81.098488,94.525513,68.597786,81.642792,115.970001,52.593273
2015-04-13,173.482010,50.240597,46.840755,33.204659,81.185966,94.656876,68.638184,81.615990,115.139999,52.453041
2015-04-14,173.813873,50.240597,47.189354,33.352650,81.273453,95.327744,68.670540,81.803909,114.440002,52.637878
2015-04-15,174.593811,50.596588,47.402786,33.586315,81.382782,95.247559,68.670540,81.857544,115.430000,52.242722
2015-04-16,174.544006,50.465221,47.530842,33.851151,81.339043,94.773560,68.702888,81.810577,115.029999,52.376575
2015-04-17,172.536163,49.668491,46.933243,33.259182,81.404686,95.860100,68.670540,82.032059,115.599998,52.134384
2015-04-20,174.112595,50.227898,46.983036,33.228031,81.346321,95.014175,68.662437,81.837463,114.720001,52.210876
2015-04-21,173.905151,50.092285,47.402786,33.422749,81.258865,94.583961,68.670540,81.817322,115.379997,52.300087
2015-04-22,174.759766,50.185516,47.495270,33.781048,81.018341,93.140007,68.613960,81.287079,113.830002,52.408443
2015-04-23,175.199493,50.494888,47.673138,34.030293,81.142220,93.541077,68.646271,81.495125,114.660004,52.548649
2015-04-24,175.606049,50.393173,47.950588,34.154922,81.280716,94.124512,68.670540,81.649513,113.050003,52.656990
2015-04-27,174.875916,50.024464,48.185375,34.287327,81.309883,94.124512,68.662437,81.589081,115.330002,52.586895
2015-04-28,175.431778,50.355030,48.242283,34.341854,80.996445,92.826439,68.630089,81.105858,116.330002,52.484913
2015-04-29,174.710007,49.804092,47.822533,33.913464,80.814194,91.688805,68.638184,80.434662,115.510002,51.426937
2015-04-30,172.959320,48.867527,47.317421,33.399380,80.814194,91.849236,68.630089,80.501747,113.470001,50.592014
2015-05-01,174.834427,49.159935,47.843872,33.601898,80.584885,90.612778,68.601830,80.057564,113.080002,50.974422
2015-05-04,175.332214,49.287075,47.794067,33.796623,80.431519,89.757805,68.601830,79.801811,114.099998,51.025402
2015-05-05,173.324356,48.770050,47.082645,33.430538,80.358459,89.633636,68.585617,79.667183,114.419998,49.916443
2015-05-06,172.610779,48.867527,47.203594,33.017715,80.088234,88.099052,68.561386,79.323959,114.360001,49.820831
2015-05-07,173.299438,49.079414,47.047073,32.970985,80.285416,89.282852,68.537117,79.640297,113.419998,50.585629
2015-05-08,175.581131,49.388771,48.135567,33.391594,80.548355,89.523994,68.634163,80.097954,113.970001,51.293087
2015-05-11,174.743149,49.422684,47.715820,33.072243,80.037117,87.346321,68.569412,79.290337,113.529999,50.521908
2015-05-12,174.220428,49.287075,47.687363,32.963192,80.029808,87.572899,68.577545,79.175880,114.500000,50.674877
2015-05-13,174.253677,49.257412,48.043072,33.025517,80.022522,86.871376,68.609886,79.101936,116.550003,50.190483
2015-05-14,176.070724,49.816814,48.619335,33.352650,80.146698,87.105209,68.674644,79.371078,117.180000,51.159260
2015-05-15,176.261429,49.753227,48.676250,33.609688,80.482628,88.851692,68.674644,79.922989,117.529999,51.681854
2015-05-18,176.809082,50.223648,48.512630,33.266968,80.175896,87.360992,68.634163,79.310501,117.519997,51.548035
2015-05-19,176.751038,50.202465,48.327644,33.321484,79.898361,86.586395,68.593689,78.886505,115.889999,51.369579
2015-05-20,176.626541,50.236359,48.420132,33.298126,80.022522,86.732529,68.617943,78.980721,116.080002,51.324959
2015-05-21,177.140976,50.206699,48.676250,33.181286,80.270782,87.945564,68.642250,79.357635,115.690002,51.082771
2015-05-22,176.717789,49.969372,48.363216,33.290340,80.183182,87.982079,68.593689,79.303749,115.599998,51.019032
2015-05-26,174.817764,49.388771,47.495270,32.760677,80.380386,89.487473,68.601830,79.653732,113.910004,50.630268
2015-05-27,176.477188,49.952431,47.957703,32.768467,80.460716,89.692085,68.609886,79.734566,113.889999,51.127388
2015-05-28,176.278091,49.977852,47.872334,32.340073,80.431519,89.472832,68.642250,79.566216,114.019997,51.025402
2015-05-29,175.182938,49.579491,47.409901,32.028503,80.460716,89.670105,68.658432,79.599922,114.099998,50.439060
2015-06-01,175.539642,49.778671,47.281841,31.903891,80.238274,88.706375,68.615547,79.153786,114.000000,51.057278
2015-06-02,175.365387,49.914288,47.502384,32.028503,79.923660,87.468765,68.607468,78.748833,114.459999,50.585629
2015-06-03,175.830048,50.427071,47.765614,31.864939,79.609016,86.062706,68.583130,78.242630,113.639999,49.859070
2015-06-04,174.344925,49.965145,47.253384,31.382017,79.777290,87.183167,68.591301,78.647598,112.839996,49.763470
2015-06-05,174.046219,50.278744,46.691353,31.241817,79.426079,86.121300,68.526459,78.249397,112.239998,49.208984
2015-06-08,172.975906,50.049892,46.627323,31.234028,79.543175,86.026123,68.567024,78.195412,112.570000,49.119762
2015-06-09,172.951019,49.918530,46.371212,31.047094,79.316330,85.345016,68.534592,77.844437,112.820000,48.762856
2015-06-10,175.025238,50.626263,47.345871,31.498856,79.118797,84.598083,68.518394,77.635193,113.779999,49.107018
2015-06-11,175.589432,50.664398,47.473946,31.343073,79.543175,86.377602,68.534592,78.323654,113.260002,49.406559
2015-06-12,174.245285,50.571163,47.096874,31.343073,79.448044,86.377602,68.518394,78.188660,113.230003,49.361958
2015-06-15,173.498611,50.444031,46.812305,30.992567,79.543175,86.516769,68.550804,78.175186,113.730003,49.094280
2015-06-16,174.444427,50.816959,46.798061,31.000357,79.674881,87.197845,68.575020,78.370895,113.320000,49.489433
2015-06-17,174.726578,50.685589,46.691353,31.187296,79.682182,86.524071,68.623611,78.364166,113.849998,49.910072
2015-06-18,176.543610,51.270409,47.111088,31.475491,79.660263,86.099312,68.639793,78.222427,115.320000,50.598389
2015-06-19,175.759872,51.278900,46.997265,31.202868,79.909035,87.205162,68.655983,78.640869,115.120003,50.209614
2015-06-22,176.660355,51.562828,47.886566,31.654634,79.513893,85.425583,68.607468,78.019897,113.639999,49.693375
2015-06-23,176.785370,51.698452,48.014626,31.966196,79.330963,84.912971,68.591301,77.844437,112.889999,49.279102
2015-06-24,175.501450,51.349072,47.601994,31.740320,79.455353,85.645302,68.623611,78.060417,112.589996,49.011436
2015-06-25,174.967880,51.281055,47.580997,31.631252,79.367538,85.345016,68.607468,77.932213,112.440002,48.514294
2015-06-26,174.934479,51.204559,47.559303,31.333063,79.177269,84.385704,68.567024,77.574539,112.559998,48.863220
2015-06-29,171.266037,50.022942,46.097942,30.634686,79.645607,86.619278,68.680260,78.249397,113.070000,48.103542
2015-06-30,171.624619,50.103699,45.931553,31.089796,79.594383,86.018768,68.680260,78.100960,112.370003,48.084248
2015-07-01,173.000183,50.345963,46.228165,31.066267,79.393478,84.857681,68.621964,77.850494,111.980003,48.876080
2015-07-02,172.841782,50.018688,46.286041,31.215353,79.503471,85.136604,68.727219,78.148338,111.760002,48.998413
2015-07-06,172.349838,49.937935,45.352798,30.344339,79.789406,86.714539,68.743439,78.459702,112.059998,49.307434
2015-07-07,173.433762,50.010193,45.367264,29.889214,79.899376,87.529213,68.735344,78.784554,110.760002,50.079983
2015-07-08,170.524002,49.351391,44.311031,28.861254,80.090004,88.285172,68.808228,78.892807,111.089996,49.886833
2015-07-09,170.832504,49.461903,45.041710,29.418388,79.796722,86.545723,68.759659,78.371696,111.360001,49.648643
2015-07-10,172.983490,50.133453,46.517548,30.163857,79.459480,85.173256,68.694855,77.870796,111.489998,50.060658
2015-07-13,174.892792,50.532997,46.691170,30.367876,79.342209,84.909088,68.662460,77.701614,110.989998,50.131470
2015-07-14,175.651505,50.758266,47.081829,30.422802,79.474144,85.187958,68.694855,77.769241,110.739998,50.234489
2015-07-15,175.593140,50.405483,46.908211,30.077532,79.686737,86.090767,68.719162,77.972321,110.160004,50.318172
2015-07-16,177.002136,50.741249,47.313335,30.454197,79.752747,86.685165,68.686768,78.094139,109.760002,50.723751
2015-07-17,177.152222,50.439484,47.233753,30.414963,79.760078,87.132889,68.670540,78.148338,108.650002,50.543499
2015-07-20,177.243958,50.188717,47.356739,30.218782,79.620781,86.765892,68.630074,77.965546,105.699997,50.601440
2015-07-21,176.543579,50.052689,47.219284,30.226637,79.752747,87.235687,68.638153,78.128014,105.370003,50.459820
2015-07-22,176.226791,50.175953,46.857559,29.795042,79.789406,87.778732,68.630074,78.229530,104.800003,50.678707
2015-07-23,175.234619,49.559643,46.734585,29.504709,80.016701,88.872299,68.638153,78.459702,104.330002,50.047783
2015-07-24,173.417099,48.913601,46.220928,29.080971,80.002014,89.092522,68.654366,78.425835,105.349998,50.260231
2015-07-27,172.408264,48.603317,45.880913,28.531677,80.104668,89.569542,68.702927,78.432579,104.860001,50.350368
2015-07-28,174.525909,48.973091,46.459671,28.822014,80.024017,88.916336,68.686768,78.371696,105.019997,50.382576
2015-07-29,175.726578,49.236614,46.626064,29.104513,79.958038,88.586060,68.670540,78.303963,105.169998,50.710865
2015-07-30,175.768219,49.440647,46.589886,28.814180,79.965355,89.268608,68.638153,78.344620,104.269997,50.459820
2015-07-31,175.501450,49.687168,46.864792,29.128059,80.280640,89.929207,68.711105,78.750687,104.930000,50.858944
2015-08-03,174.909424,49.419384,46.741814,28.641537,80.363632,90.875824,68.733734,78.933937,104.099998,51.174412
2015-08-04,174.567688,49.415146,46.777977,28.743542,80.128593,90.154991,68.628426,78.533524,104.309998,50.801014
2015-08-05,175.142929,49.614899,47.023952,28.751392,79.981659,89.478317,68.636505,78.228050,103.930000,50.466240
2015-08-06,173.708923,49.194122,46.828621,28.500294,80.077133,90.272690,68.652695,78.377403,104.389999,50.537067
2015-08-07,173.375458,48.943352,46.741814,28.484604,80.216736,91.456863,68.620308,78.648918,104.650002,50.723751
2015-08-10,175.559845,49.483143,47.313335,28.963270,80.113869,90.324234,68.620308,78.336655,105.720001,50.562820
2015-08-11,173.975662,49.143116,46.589886,28.327658,80.378319,91.758423,68.709427,78.662491,106.260002,50.897591
2015-08-12,174.184128,48.977356,46.257099,27.888227,80.326912,91.258316,68.709427,78.540283,107.750000,51.058525
2015-08-13,173.967300,48.900852,46.228165,27.841148,80.157990,90.964081,68.652695,78.268799,106.860001,51.116470
2015-08-14,174.600983,49.338634,46.300510,27.880383,80.121239,91.177406,68.620308,78.343460,106.849998,51.393291
2015-08-17,175.576462,49.704159,46.213703,27.574347,80.260765,91.589310,68.660812,78.594597,107.129997,51.831074
2015-08-18,175.067886,49.410892,45.866444,27.276157,80.113869,90.868477,68.652695,78.295906,107.110001,51.972687
2015-08-19,173.683914,48.930599,45.461311,26.938740,80.363632,91.765862,68.717537,78.676056,108.550003,51.663681
2015-08-20,170.057083,47.889248,44.361671,26.515001,80.488541,92.692619,68.693237,78.723541,110.440002,51.283829
2015-08-21,164.937988,47.272923,43.348846,25.698914,80.628105,92.972107,68.766174,78.743958,111.129997,50.331055
2015-08-24,157.992996,45.436756,41.851315,24.576794,80.598671,92.942688,68.798546,78.526703,110.529999,47.974800
2015-08-25,156.133728,44.926720,42.249210,24.890673,80.407715,91.449547,68.766174,78.126221,109.160004,46.655045
2015-08-26,162.128342,46.048820,43.247562,25.714611,80.033035,89.684235,68.725624,78.078705,107.669998,47.916874
2015-08-27,166.138565,46.792637,43.775681,26.852428,80.143242,89.735756,68.733734,78.153427,107.730003,48.843906
2015-08-28,166.146942,47.141167,43.710575,26.507153,80.069794,90.000542,68.701324,78.295906,108.699997,48.773090
2015-08-31,164.804581,47.107178,43.385029,26.554241,80.011009,89.309128,68.677048,78.099098,108.820000,47.659351
2015-09-01,159.885574,45.827805,41.930893,25.526283,80.248047,89.952675,68.701347,78.572197,109.199997,46.751606
2015-09-02,162.920334,46.461121,42.553059,25.895088,80.145027,89.178619,68.717567,78.456490,108.620003,47.234470
2015-09-03,163.037064,46.541866,42.654343,25.997105,80.262787,89.613564,68.717567,78.830864,107.839996,47.363197
2015-09-04,160.569244,46.146576,41.677692,25.220249,80.432053,90.431808,68.725685,79.007866,107.489998,46.481216
2015-09-08,164.604477,47.107178,42.900303,26.020641,80.240685,89.097557,68.701347,78.640274,107.519997,47.182945
2015-09-09,162.403442,46.665134,42.726681,25.887245,80.270142,89.525078,68.685112,78.810478,106.129997,46.642170
2015-09-10,163.287201,46.694878,43.008827,26.154041,80.181793,88.920670,68.709435,78.653885,106.379997,46.745182
2015-09-11,164.029251,46.864899,43.001598,26.256050,80.277466,89.480904,68.733734,78.708351,106.160004,47.640026
2015-09-14,163.420639,46.686382,42.676044,26.216816,80.299561,89.620956,68.717567,78.701569,106.220001,47.665783
2015-09-15,165.463242,47.200676,42.965427,26.467918,79.938911,87.903389,68.620300,78.109329,105.900002,48.135742
2015-09-16,166.897263,47.693733,43.623772,27.111374,79.872650,87.571701,68.612221,78.252190,107.309998,48.650772
2015-09-17,166.522079,47.731983,43.645458,27.048599,80.373177,88.640556,68.766212,78.898972,108.410004,49.204433
2015-09-18,163.800842,46.941399,42.553059,26.546391,80.439438,90.004227,68.798622,79.137215,109.209999,49.120743
2015-09-21,164.647293,47.124176,42.531349,26.499311,80.225967,88.537354,68.758064,78.735558,108.529999,49.539185
2015-09-22,162.510254,46.478092,41.518528,26.004951,80.417374,89.768379,68.798622,79.075966,107.790001,48.914730
2015-09-23,162.250381,46.431358,41.323204,25.589056,80.351074,89.760948,68.774292,79.028313,108.220001,49.221615
2015-09-24,161.663773,46.380363,41.207451,25.479198,80.454124,90.372841,68.814812,79.041954,110.489998,48.759964
2015-09-25,161.621872,46.332603,41.569164,25.424271,80.314301,89.591454,68.782394,78.803650,109.809998,48.955032
2015-09-28,157.565659,45.087391,40.751690,24.882828,80.505669,91.124680,68.830986,78.939796,108.419998,48.194283
2015-09-29,157.657806,44.886955,40.693798,25.000530,80.630821,91.382683,68.863426,79.041954,107.980003,48.707958
2015-09-30,160.599457,45.445606,41.467896,25.722456,80.660248,91.065727,68.879623,79.028313,106.860001,49.117596
2015-10-01,161.018448,45.270771,41.598110,25.863703,80.722939,91.454216,68.879616,79.010544,106.730003,49.358173
2015-10-02,163.423737,45.782482,42.307091,26.554241,80.966309,92.008232,68.976967,79.358772,108.989998,49.715790
2015-10-05,166.331787,47.006371,43.146294,27.127069,80.663956,90.759888,68.928322,79.147072,108.769997,50.554592
2015-10-06,165.761963,46.784615,43.196930,27.079990,80.863068,91.151428,68.920181,79.304138,109.860001,50.437542
2015-10-07,167.119659,47.560741,43.739510,27.801912,80.804070,90.848572,68.903954,79.584053,109.699997,51.016232
2015-10-08,168.628143,48.085262,44.086765,28.100094,80.693443,90.087715,68.887772,79.270012,109.139999,51.445381
2015-10-09,168.728699,48.149216,44.166351,28.202106,80.627083,90.324104,68.887772,79.304138,110.870003,51.360859
2015-10-12,168.887955,48.208920,44.079533,27.990238,80.833580,91.011086,68.871513,79.625031,111.309998,51.724964
2015-10-13,167.823532,47.586323,43.522476,27.535112,80.840912,91.166183,68.895866,79.563568,111.860001,51.321850
2015-10-14,167.019028,47.083134,43.609283,27.746983,81.143288,91.963913,68.993172,79.877602,113.809998,50.938194
2015-10-15,169.583527,47.982914,44.354446,28.421824,81.032661,91.513367,68.952599,79.843468,113.290001,51.633949
2015-10-16,170.354630,47.982914,44.318264,28.445360,80.951553,91.542885,68.920181,79.870789,112.489998,52.024090
2015-10-19,170.438370,48.098049,44.166351,28.155025,81.032661,91.291756,68.944489,79.863960,112.019997,52.752316
2015-10-20,170.220535,48.187603,43.985489,28.147177,80.870476,90.730347,68.903954,79.713745,112.730003,52.732815
2015-10-21,169.164520,47.445606,43.963783,27.739132,81.062134,91.631538,68.928322,80.109749,111.730003,52.537746
2015-10-22,172.022354,47.876301,44.455723,28.311974,81.076927,91.786690,68.952599,80.280365,111.690002,52.999397
2015-10-23,173.907944,48.353920,44.897018,28.476751,80.936798,91.003700,68.895866,79.986855,111.500000,52.485725
2015-10-26,173.480576,48.132172,44.730625,28.217789,80.973694,91.609383,68.895866,80.130203,111.430000,52.472717
2015-10-27,173.145370,47.594849,44.339966,27.896074,81.091713,91.838341,68.920181,80.150719,111.680000,52.453201
2015-10-28,175.114822,48.874168,44.629345,27.574347,80.848320,91.469032,68.830986,79.836647,110.779999,52.498711
2015-10-29,175.014267,48.430672,44.303802,27.315397,80.501671,90.013847,68.782341,79.276855,109.720001,52.427212
2015-10-30,174.259979,48.208920,44.209755,27.362478,80.715561,90.693459,68.782341,79.481590,109.300003,51.946033
2015-11-02,176.321655,49.125767,44.629345,27.903917,80.556725,90.276688,68.742599,79.139977,108.589996,53.051437
2015-11-03,176.832825,49.368832,44.614876,28.272730,80.408920,89.536377,68.734444,79.146805,106.980003,52.518230
2015-11-04,176.296478,49.257973,44.368908,28.045166,80.408920,89.640045,68.661461,79.057831,105.970001,52.284149
2015-11-05,176.120453,49.351776,44.289330,28.092247,80.371971,89.403145,68.661461,79.078384,105.639999,52.492229
2015-11-06,176.028336,49.616169,44.086765,27.699902,79.987732,88.092842,68.596535,78.564857,104.099998,50.860180
2015-11-09,174.385696,48.895489,43.630989,27.009361,79.936020,87.596863,68.580338,78.434776,104.400002,49.988876
2015-11-10,174.787949,49.002106,43.602055,26.891653,80.083771,87.855949,68.612793,78.633369,104.180000,50.561085
2015-11-11,174.100723,48.579926,43.826328,26.946590,79.980370,87.670860,68.596535,78.626465,103.830002,50.619595
2015-11-12,171.670364,47.701469,43.254810,26.687634,80.054230,88.092842,68.620911,78.599106,103.849998,50.274975
2015-11-13,169.742798,47.381638,42.893078,26.318825,80.209427,88.596245,68.677704,78.831879,103.559998,49.702801
2015-11-16,172.324051,47.910408,43.435665,26.828882,80.275894,88.514816,68.677704,78.845604,103.709999,50.274975
2015-11-17,172.198303,47.791016,43.551426,26.750416,80.335060,88.662834,68.653328,78.927704,102.339996,50.274975
2015-11-18,174.930405,48.498901,43.949310,27.040749,80.275894,88.847946,68.628998,78.948288,102.430000,50.717140
2015-11-19,174.779556,48.370960,44.173580,27.284008,80.312881,89.440140,68.612793,79.181038,103.559998,50.873199
2015-11-20,175.416473,48.750507,44.072300,27.558651,80.261147,89.166245,68.612793,79.167358,103.089996,51.510395
2015-11-23,175.215378,48.916828,43.797382,27.299700,80.283279,89.440140,68.604645,79.194786,102.260002,51.620949
2015-11-24,175.450058,49.249439,43.804619,27.440952,80.357170,89.432739,68.604645,79.222115,102.940002,51.347858
2015-11-25,175.424896,49.582050,43.905907,27.229082,80.394112,89.640045,68.612793,79.297478,102.459999,51.555908
2015-11-27,175.626007,49.718513,43.913136,26.632710,80.371971,89.551216,68.628998,79.324860,101.250000,52.004559
2015-11-30,174.896912,49.509552,43.876972,26.671947,80.401543,89.906494,68.604645,79.359055,101.919998,51.620949
2015-12-01,176.564697,49.876301,44.339966,26.875969,80.683296,91.120903,68.646065,79.955750,102.279999,52.336170
2015-12-02,174.762817,49.424286,43.869728,26.554241,80.586891,91.150566,68.589287,79.763481,100.690002,51.269821
2015-12-03,172.315643,48.648155,43.659935,26.405146,79.993706,88.672813,68.589287,78.706131,101.760002,50.463543
2015-12-04,175.676361,49.142818,44.014416,26.585625,80.253242,89.451767,68.605492,79.131783,104.019997,51.425880
2015-12-07,174.611923,48.405090,43.732273,26.146194,80.371872,90.319740,68.597389,79.269119,102.669998,51.282833
2015-12-08,173.438644,48.085262,43.088413,25.855850,80.401566,90.364197,68.589287,79.166138,102.839996,51.237320
2015-12-09,172.089401,47.522358,42.893078,25.643984,80.401566,90.267784,68.613625,79.145546,102.639999,50.951225
2015-12-10,172.533554,47.641754,42.900303,25.471348,80.386681,90.386482,68.573036,78.960175,102.550003,50.587101
2015-12-11,169.189651,46.750507,42.082821,24.757275,80.586891,91.810844,68.654198,79.097496,103.110001,50.496075
2015-12-14,170.044449,46.490383,42.147926,25.157471,80.208771,90.623871,68.573036,78.513855,101.790001,50.730156
2015-12-15,171.829559,47.134304,42.357723,25.541975,80.216164,90.089767,68.564941,78.520760,101.519997,51.282833
2015-12-16,174.343781,47.786751,43.211395,26.044184,80.075279,89.896896,68.508087,78.506973,102.750000,52.284149
2015-12-17,171.687119,47.249432,42.661579,25.706760,80.186516,90.913200,68.508087,78.596245,100.500000,52.024090
2015-12-18,168.628433,46.473328,42.213051,25.620449,80.357018,91.417664,68.597389,78.596245,102.040001,51.419365
2015-12-21,170.019531,46.844322,42.408630,25.820477,80.282898,91.395409,68.589287,78.651176,103.150002,51.620949
2015-12-22,171.562317,47.300610,42.729736,26.027676,80.223541,90.735176,68.573036,78.548195,102.610001,51.829010
2015-12-23,173.686874,47.837933,43.444942,26.394262,80.208771,90.052650,68.548668,78.616844,102.309998,52.361721
2015-12-24,173.400162,47.974571,43.371967,26.298632,80.247368,90.568588,68.575470,78.872986,103.050003,52.361721
2015-12-28,173.003952,47.781822,43.269794,26.115337,80.247368,90.836220,68.534874,78.776604,102.269997,52.651821
2015-12-29,174.850281,48.274410,43.700367,26.139246,80.046783,89.327095,68.518639,78.370361,102.199997,53.212204
2015-12-30,173.610947,47.794662,43.437645,25.732811,80.031914,89.237854,68.534874,78.370361,101.419998,53.027634
2015-12-31,171.874252,47.165016,42.853809,25.653120,80.247368,89.639359,68.502388,78.501190,101.459999,52.566113
2016-01-04,169.471573,46.064144,42.196995,24.951822,80.217697,90.286049,68.591736,78.459869,102.889999,51.933163
2016-01-05,169.758163,46.205513,42.131298,25.007607,80.254829,89.921867,68.551117,78.501190,103.180000,52.935318
2016-01-06,167.616791,45.678646,41.437992,24.529449,80.559402,91.133606,68.591736,78.811035,104.669998,52.790276
2016-01-07,163.595444,44.504982,40.576828,23.772369,80.551994,91.297142,68.616066,78.872986,106.150002,51.761768
2016-01-08,161.799698,43.763943,40.087860,23.517353,80.730331,91.705978,68.664764,78.934990,105.680000,51.069504
2016-01-11,161.959900,43.768230,40.255722,23.509378,80.499977,90.702408,68.689178,78.680222,104.739998,51.359600
2016-01-12,163.266617,43.883888,40.445461,23.557199,80.678284,92.010773,68.697266,78.859192,104.209999,51.016747
2016-01-13,159.194656,42.688801,39.817841,23.310148,80.864029,92.917747,68.737915,79.100189,104.720001,50.284920
2016-01-14,161.808182,43.271351,40.328693,23.612984,80.834328,92.047981,68.754105,78.707710,103.019997,50.166245
2016-01-15,158.334717,42.757328,38.869102,22.680574,80.930939,93.482712,68.810966,78.590668,104.080002,49.823402
2016-01-19,158.545517,42.286152,39.226711,23.015282,80.849190,93.192795,68.802826,78.239540,103.980003,50.087120
2016-01-20,156.513718,42.376114,38.336338,22.513226,80.916069,94.174065,68.851570,78.356613,105.370003,48.742161
2016-01-21,157.390503,42.286152,38.620968,22.600883,80.804588,93.534775,68.843445,78.129364,105.489998,49.012474
2016-01-22,160.619446,43.185677,39.759460,23.373903,80.864029,93.177940,68.819084,78.177574,105.000000,50.377228
2016-01-25,158.191452,42.388950,39.226711,22.975441,80.819466,93.683418,68.819084,78.094948,106.080002,50.060772
2016-01-26,160.349701,43.399853,39.927311,23.310148,80.923477,93.728004,68.851570,78.315247,107.290001,51.109062
2016-01-27,158.604553,42.791607,39.671890,23.230457,80.938332,93.705757,68.867805,78.101784,107.690002,50.120079
2016-01-28,159.430725,42.898682,39.788647,23.597046,81.005241,93.839531,68.867805,78.191330,106.540001,49.737709
2016-01-29,163.317184,44.260826,40.489254,24.362095,81.242935,94.634972,68.948990,78.597557,106.949997,50.759640
2016-02-01,163.258179,44.110901,40.445461,24.130980,81.144669,94.345230,68.912437,78.346886,108.050003,50.845341
2016-02-02,160.315994,43.241364,39.504040,23.349997,81.390373,96.095589,69.001816,78.491928,108.089996,50.383820
2016-02-03,161.277008,43.344170,39.832443,24.011444,81.382896,95.298592,69.018120,78.298584,109.250000,50.720058
2016-02-04,161.529953,43.566902,39.883522,24.194740,81.464851,95.760399,69.034340,78.333076,110.570000,50.746445
2016-02-05,158.452744,42.577435,39.270489,23.915813,81.390373,95.872131,69.018120,78.319313,112.320000,49.783859
2016-02-08,156.319839,42.174786,38.540695,23.589073,81.703033,97.935249,69.099327,78.726723,113.830002,48.359764
2016-02-09,156.328278,41.964893,38.095512,23.262333,81.695602,98.039520,69.074951,78.457405,113.580002,47.469696
2016-02-10,156.193405,41.836395,38.051731,23.357964,81.896637,98.903481,69.074951,78.554123,114.459999,47.799362
2016-02-11,154.161606,41.356651,37.497078,22.967470,81.948738,99.596191,69.139969,78.816490,119.059998,47.120281
2016-02-12,157.339951,42.063423,38.153893,23.365938,81.725395,97.942665,69.058693,78.374512,118.360001,47.660915
2016-02-16,159.995621,42.997192,38.927486,23.883938,81.524368,96.907394,69.018120,78.001579,114.769997,48.537769
2016-02-17,162.609070,43.519779,39.598892,24.354124,81.479736,96.311592,69.034340,77.980881,115.480003,48.953148
2016-02-18,161.943085,43.438404,39.394566,24.210680,81.725395,97.495819,69.091187,78.616226,118.290001,49.447609
2016-02-19,161.867142,43.614017,39.350769,24.099106,81.740288,97.577744,69.026176,78.560936,117.580002,49.731113
2016-02-22,164.210876,44.123753,39.795948,24.696806,81.762604,97.525627,69.034340,78.719788,115.489998,50.205795
2016-02-23,162.136948,43.858181,39.146423,24.170834,81.777481,97.920387,69.042412,78.878662,117.220001,50.073948
2016-02-24,162.878830,44.277958,39.007759,24.115047,81.807274,97.726730,69.058693,78.954582,117.610001,50.014618
2016-02-25,164.851639,44.680595,39.474834,24.194740,82.015755,98.076797,69.074951,79.396561,117.919998,51.036522
2016-02-26,164.472183,44.886200,39.372662,23.955660,81.866859,97.130821,68.985542,79.368919,117.110001,50.772800
2016-02-29,163.182358,44.744858,39.139130,24.162859,81.963638,97.555374,69.026176,79.424194,118.639999,50.575005
2016-03-01,167.018250,45.584412,40.160847,25.023540,81.718216,95.837578,68.934341,78.991356,117.769997,51.999115
2016-03-02,167.768585,45.982758,40.438171,25.358259,81.628693,96.233086,68.926208,79.150612,118.680000,52.374912
2016-03-03,168.426178,46.479637,40.832260,25.645147,81.725662,96.583786,68.950584,79.524628,120.730003,52.651821
2016-03-04,168.974152,46.740936,41.131474,26.155184,81.598885,95.964447,68.901802,79.510780,120.540001,52.658413
2016-03-07,169.109009,47.280643,41.080383,26.115337,81.576462,95.934586,68.853050,79.600784,121.139999,52.796856
2016-03-08,167.262772,46.226910,40.679012,25.669054,81.777855,96.994240,68.901802,80.023338,120.580002,52.256237
2016-03-09,168.088959,46.479637,40.832260,25.828444,81.740593,96.404724,68.877419,79.933273,119.580002,52.546326
2016-03-10,168.223785,46.145550,40.766586,25.868288,81.777855,96.009247,68.869293,80.265747,121.500000,52.355141
2016-03-11,170.938416,47.109322,41.832088,26.410200,81.628693,95.039146,68.804283,80.494293,119.410004,53.528683
2016-03-14,170.719254,46.877987,41.744511,26.250816,81.673439,95.337639,68.804283,80.729721,117.870003,53.535275
2016-03-15,170.441101,46.286888,41.350410,25.876255,81.598885,95.427193,68.828644,80.702042,117.959999,53.561646
2016-03-16,171.427444,46.556767,41.715313,26.394262,81.949493,95.710739,68.966820,81.089928,120.589996,54.207775
2016-03-17,172.514969,47.366314,42.036423,26.976023,82.121048,96.106239,68.958733,81.339233,120.129997,54.972561
2016-03-18,173.192932,47.824657,41.963448,27.119463,82.188202,96.307739,68.974968,81.526237,119.800003,54.735203
2016-03-21,173.438660,47.679012,41.897766,27.175253,82.009125,95.568962,68.966820,81.429298,118.959999,54.241203
2016-03-22,173.345413,47.537655,41.824795,27.111500,81.956932,95.546562,68.926208,81.276886,119.309998,54.241203
2016-03-23,172.201401,46.797695,41.401508,26.649279,82.135986,96.628593,68.966820,81.685539,116.610001,53.947857
2016-03-24,172.125168,46.939564,41.124172,26.585531,82.143433,96.665840,68.934341,81.650917,116.330002,53.967838
2016-03-28,172.226929,46.991165,41.372311,26.673187,82.203156,96.792740,68.950584,81.699394,116.599998,54.454525
2016-03-29,173.819992,48.302559,41.817474,27.039776,82.449249,97.807640,69.080658,82.066475,118.760002,55.634560
2016-03-30,174.582657,48.349861,42.131298,27.318697,82.419449,96.777847,69.088791,81.969482,117.099998,55.527901
2016-03-31,174.158936,48.401463,41.715313,27.294792,82.680588,97.464363,69.121277,82.295052,117.639999,55.867912
2016-04-01,175.345337,48.526150,41.270142,27.215103,82.607315,97.718605,69.081459,82.560364,116.930000,55.794563
2016-04-04,174.777588,47.997303,41.182571,26.888357,82.689514,97.778412,69.130257,82.567307,116.150002,55.714577
2016-04-05,173.031921,47.412529,40.372490,26.362385,82.801628,98.847679,69.154655,82.831215,117.660004,55.347885
2016-04-06,174.921661,47.825302,41.029305,26.681152,82.786743,98.129883,69.130257,82.761780,116.940002,55.481216
2016-04-07,172.828506,47.167442,40.430882,26.147217,82.966118,99.341248,69.170967,82.984032,118.610001,55.134541
2016-04-08,173.294601,47.438332,41.204460,26.601463,82.883873,98.713097,69.170967,82.796494,118.430000,55.441227
2016-04-11,172.887863,47.317944,41.226357,26.944147,82.943695,98.585968,69.162788,82.789558,120.029999,55.327888
2016-04-12,174.497940,47.812405,41.839386,27.358549,82.809158,97.905556,69.146530,82.463127,120.050003,55.727886
2016-04-13,176.260529,48.848629,42.503494,27.844666,82.846550,98.249527,69.113991,82.747864,118.769997,55.481216
2016-04-14,176.268982,48.736851,42.642170,27.709192,82.704483,97.778412,69.113991,82.692322,117.110001,55.174557
2016-04-15,176.074127,48.857216,42.547283,27.549809,82.936180,98.615952,69.162788,83.039627,117.919998,55.587891
2016-04-18,177.311295,49.192608,42.912189,27.677313,82.928734,98.189697,69.154655,83.129868,117.739998,55.854572
2016-04-19,177.870560,49.373188,43.656570,28.099680,82.921272,97.883125,69.130257,83.282715,119.580002,55.881241
2016-04-20,178.040100,49.394688,43.693073,27.972179,82.719429,96.806328,69.081459,83.053490,118.970001,54.934555
2016-04-21,177.082520,48.999119,43.430351,27.693253,82.607315,96.230553,69.065216,83.018738,119.419998,53.954529
2016-04-22,177.082520,49.519375,43.452244,27.525902,82.614799,95.983734,69.065216,83.109047,117.889999,54.541214
2016-04-25,176.777435,49.102306,43.233299,27.350576,82.525063,95.587418,69.048904,82.914543,118.230003,54.994553
2016-04-26,177.040100,49.742966,43.386555,27.645439,82.487717,95.153740,69.032623,82.879837,118.699997,55.207901
2016-04-27,177.404541,49.979443,43.415749,27.812796,82.734421,96.103439,69.081459,83.407707,119.040001,55.174557
2016-04-28,175.794464,49.261398,42.824623,27.525902,82.898827,96.499771,69.122147,83.484116,121.290001,55.061214
2016-04-29,174.845367,48.981915,42.642170,27.406357,82.891365,96.746513,69.146530,83.574379,123.650002,54.554543
2016-05-02,176.235062,49.420483,43.043556,27.334639,82.835205,95.772423,69.121277,83.466476,123.239998,55.401234
2016-05-03,174.701248,48.676640,42.335651,26.561621,82.984940,96.978783,69.194550,83.612701,122.959999,55.487915
2016-05-04,173.726776,48.435852,41.846680,26.131277,83.022392,97.510735,69.186417,83.473396,122.209999,56.281250
2016-05-05,173.692886,48.147785,41.759106,26.123306,83.232094,98.162628,69.210815,83.640533,122.070000,56.441242
2016-05-06,174.328415,48.526150,41.875877,26.163151,83.104774,97.743065,69.194550,83.459457,123.180000,57.061241
2016-05-09,174.472534,48.517548,41.788300,25.828444,83.157211,98.050240,69.227074,83.375900,120.650002,57.687943
2016-05-10,176.641846,48.938923,42.386726,26.322540,83.194679,98.057701,69.243355,83.515205,120.980003,57.681274
2016-05-11,174.989395,48.319763,42.021843,26.258785,83.194679,98.612190,69.218979,83.605751,122.120003,56.447910
2016-05-12,175.040283,48.164970,42.007244,26.187061,83.119766,98.162628,69.178238,83.431618,121.160004,56.774582
2016-05-13,173.514893,47.773701,41.576664,25.716873,83.277031,99.114174,69.186417,83.584831,121.709999,56.267902
2016-05-16,175.226654,48.311180,42.072926,26.027676,83.134712,98.259987,69.153862,83.306267,121.800003,56.801266
2016-05-17,173.591263,47.489918,41.766399,25.908138,83.022392,98.424896,69.129433,83.278412,122.220001,55.747887
2016-05-18,173.642105,47.722118,41.781010,25.653120,82.677917,97.023705,69.007317,82.568062,120.099998,54.874557
2016-05-19,173.040359,47.356632,41.481792,25.414042,82.730316,97.443336,69.023628,82.763084,119.870003,54.261200
2016-05-20,174.133575,48.100494,41.824795,25.669054,82.782768,97.518250,69.048050,82.818787,119.709999,54.694550
2016-05-23,173.896255,47.958588,41.686127,25.621246,82.767807,97.735550,69.039886,82.818787,119.370003,54.701225
2016-05-24,176.150330,48.999119,42.291851,25.884230,82.722908,97.301025,68.991066,82.679436,117.300003,55.381210
2016-05-25,177.345245,49.261398,42.737045,26.195030,82.737839,96.933784,69.031792,82.825722,116.980003,55.381210
2016-05-26,177.396042,49.235584,42.853809,26.370356,82.865166,97.435844,69.072479,83.062546,116.580002,55.487915
2016-05-27,178.158707,49.674164,42.810017,26.362385,82.850189,97.293449,69.031792,82.999847,115.620003,55.787895
2016-05-31,177.819778,49.768764,42.605679,26.394262,82.902557,97.525757,69.064316,83.146080,116.059998,55.781235
2016-06-01,178.184128,50.129932,42.569187,26.378323,82.856079,97.921394,69.016273,83.204742,115.940002,55.827888
2016-06-02,178.726486,50.400826,42.569187,26.593491,83.066162,98.627151,69.073318,83.372368,115.669998,56.114571
2016-06-03,178.192642,50.117043,42.846508,26.999931,83.516411,100.031197,69.187279,84.042770,118.879997,56.341259
2016-06-06,179.099350,50.688896,43.087345,27.286819,83.403816,99.287895,69.171013,83.840286,118.919998,55.907890
2016-06-07,179.378937,50.852283,43.401154,27.533865,83.478859,99.528175,69.187279,83.966019,118.820000,56.247913
2016-06-08,179.963730,51.316647,43.488731,27.733097,83.508873,100.061249,69.203568,84.245354,120.580002,56.607906
2016-06-09,179.717941,51.050068,42.955982,27.414335,83.568932,100.706963,69.219841,84.364052,121.250000,56.734577
2016-06-10,178.014725,50.383614,41.708027,26.720997,83.681488,101.194977,69.260582,84.461830,121.739998,56.467907
2016-06-13,176.641846,49.820354,41.102283,26.346449,83.749031,101.645477,69.276855,84.336090,122.639999,56.481255
2016-06-14,176.294373,49.742966,40.445461,26.258785,83.711533,101.570381,69.284996,84.147545,122.769997,56.334568
2016-06-15,176.048630,49.738659,40.715504,26.537706,83.891586,101.960800,69.366417,84.461830,123.680000,56.867931
2016-06-16,176.574097,49.704262,40.803074,26.442072,83.944107,102.456337,69.325706,84.587524,122.379997,57.187923
2016-06-17,175.916458,49.570961,41.204460,26.513803,83.884094,101.818153,69.333870,84.336090,123.949997,57.094604
2016-06-20,177.049393,50.177227,42.226177,26.983988,83.651466,100.729477,69.293190,84.231415,123.209999,57.174606
2016-06-21,177.551941,50.093987,42.569187,27.191191,83.591438,100.263962,69.244286,84.154526,120.839996,57.392563
2016-06-22,177.262344,49.869720,42.543118,27.260262,83.643944,100.429100,69.268738,84.308212,120.900002,57.305096
2016-06-23,179.570770,50.887558,43.719906,27.918877,83.501411,99.280396,69.244286,84.224396,120.110001,57.594364
2016-06-24,173.122559,48.933823,39.966099,26.224152,83.951607,101.945801,69.407166,84.622467,126.000000,57.083107
2016-06-27,170.021942,47.424320,39.198952,25.886806,84.289284,104.491074,69.447922,84.978645,126.680000,57.123470
2016-06-28,173.088409,48.058311,40.226772,26.649834,84.394310,104.708817,69.472282,85.446510,125.320000,58.327564
2016-06-29,176.035721,49.037342,40.964134,27.324520,84.334282,103.905472,69.447922,85.418587,125.839996,59.033852
2016-06-30,178.437805,50.119873,41.574871,27.597603,84.506912,104.288292,69.480461,85.718918,126.470001,59.645981
2016-07-01,178.812637,50.193184,41.574871,27.862654,84.688820,105.736328,69.504860,86.167786,128.410004,59.666157
2016-07-05,177.526413,49.511765,40.770489,27.268297,84.914360,107.060165,69.537521,86.461914,129.470001,60.325394
2016-07-06,178.591156,49.843838,40.696007,27.196007,85.072220,107.233154,69.504860,86.615967,130.229996,60.063080
2016-07-07,178.480377,49.904236,40.532143,27.123718,85.012100,107.225632,69.472305,86.629982,129.740005,59.444183
2016-07-08,181.138062,51.120449,41.150337,27.710047,85.139900,108.015472,69.472305,87.113167,130.520004,60.406132
2016-07-11,181.776932,51.698372,41.753620,27.975101,84.914360,107.067680,69.398972,86.889069,129.289993,60.809727
2016-07-12,183.097260,52.392754,42.319675,28.368664,84.658730,105.307564,69.374519,86.398857,127.150002,60.803013
2016-07-13,183.071701,52.289238,42.274982,28.320469,84.779022,106.548714,69.390808,86.735001,128.320007,61.139332
2016-07-14,184.093872,52.306503,42.639938,28.730099,84.703865,104.999153,69.350052,86.524933,127.330002,60.594452
2016-07-15,183.846817,52.440197,42.423946,28.665848,84.395676,104.096588,69.317490,86.195778,126.839996,60.614655
2016-07-18,184.340958,52.466068,42.528210,28.922865,84.410637,103.998756,69.358261,86.195778,127.040001,60.776100
2016-07-19,184.153458,52.142601,42.193066,28.625683,84.583595,104.585503,69.366341,86.349861,127.209999,61.072060
2016-07-20,184.920135,52.470394,42.572899,28.770256,84.508385,104.013786,69.333817,86.321869,125.389999,61.078800
2016-07-21,184.221680,52.138279,42.401604,28.681911,84.583595,104.224426,69.382675,86.419891,127.300003,61.199867
2016-07-22,185.047913,52.522133,42.483528,28.890732,84.598610,104.404961,69.358261,86.370895,126.349998,61.738033
2016-07-25,184.545349,52.319431,42.431404,28.601595,84.500893,104.329689,69.309341,86.321869,125.470001,61.623657
2016-07-26,184.630539,52.617020,42.610146,28.826483,84.500893,104.495209,69.317490,86.237823,126.000000,61.320976
2016-07-27,184.434601,52.759342,42.766556,28.922865,84.748955,105.796478,69.366341,86.594925,128.029999,60.843353
2016-07-28,184.647537,52.548008,42.721870,28.930901,84.741425,105.600899,69.358261,86.510872,127.660004,61.408432
2016-07-29,184.945709,52.621330,43.228333,29.083506,84.966949,106.480980,69.447891,86.826027,128.979996,62.188702
2016-08-01,184.792328,52.660149,42.945309,29.027281,84.768898,105.326485,69.424202,86.336708,129.220001,62.323246
2016-08-02,183.608353,51.879528,42.729317,28.818459,84.520355,104.241371,69.399757,85.852211,130.270004,61.327694
2016-08-03,184.144974,52.151237,42.580357,28.914833,84.610725,104.301666,69.407883,85.964561,129.649994,60.971157
2016-08-04,184.340958,52.159851,42.826134,29.075474,84.768898,105.085335,69.456825,86.329666,129.869995,60.722290
2016-08-05,185.848572,52.880104,43.019783,29.412817,84.482712,103.992661,69.358986,85.978592,127.550003,60.762634
2016-08-08,185.737915,52.811089,43.109173,29.621647,84.535362,104.188652,69.334557,86.034760,127.440002,60.870258
2016-08-09,185.848572,52.828346,43.451775,29.822443,84.753860,105.213486,69.375305,86.540321,127.959999,61.199867
2016-08-10,185.388626,52.530769,43.600739,29.830473,84.851738,105.620384,69.407883,86.786018,128.559998,61.132614
2016-08-11,186.248901,52.785229,43.913555,30.216002,84.625816,104.678452,69.342705,86.498184,127.669998,60.439754
2016-08-12,186.087112,52.716221,43.801838,30.103559,84.829140,105.560081,69.391586,86.891327,127.400002,60.695377
2016-08-15,186.623779,53.225136,43.973141,30.416794,84.678543,104.565414,69.375305,86.624519,127.839996,60.634827
2016-08-16,185.661194,52.854225,43.906101,30.280262,84.625816,104.286659,69.350822,86.470062,128.470001,59.908337
2016-08-17,186.010391,52.681709,43.891209,30.087488,84.783981,104.912071,69.350822,86.708740,128.500000,60.150509
2016-08-18,186.427826,53.056919,44.114647,30.368610,84.904442,105.077858,69.399757,86.919395,129.110001,59.928490
2016-08-19,186.155243,53.039688,43.786938,30.199940,84.716164,104.527733,69.334557,86.659592,127.970001,59.545082
2016-08-22,186.146805,53.186306,43.831619,29.798338,84.844246,105.409424,69.342705,86.954536,127.779999,59.867985
2016-08-23,186.521500,53.548595,44.017815,29.677866,84.866837,105.522461,69.350822,87.052803,127.760002,59.901630
2016-08-24,185.567490,53.285507,43.913555,29.758183,84.836678,105.273727,69.334557,86.996643,126.339996,59.639282
2016-08-25,185.439728,53.440792,43.734798,29.782280,84.746353,104.874390,69.310081,86.912399,126.230003,59.908337
2016-08-26,185.090485,53.268261,43.474117,29.525251,84.610725,104.263985,69.244835,86.638550,126.050003,59.316395
2016-08-29,186.001953,53.583099,43.608177,29.750151,84.844246,105.658104,69.285629,87.130013,126.300003,59.901630
2016-08-30,185.695236,53.630539,43.548595,29.669830,84.799019,105.251152,69.293716,87.017693,125.029999,59.787270
2016-08-31,185.167160,53.358833,43.459225,29.340521,84.783981,105.401878,69.285629,86.982582,124.779999,59.847820
2016-09-01,185.175720,53.389034,43.757145,29.565424,84.857925,105.518112,69.318245,86.982567,125.290001,59.699818
2016-09-02,186.010391,54.027328,44.263607,30.047337,84.744705,104.657539,69.318245,86.827713,126.570000,60.217762
2016-09-06,186.572678,53.910885,44.561520,30.689886,84.925812,105.420029,69.367188,87.130379,128.710007,60.681904
2016-09-07,186.555618,54.238674,44.583874,30.593500,84.971092,105.344513,69.367188,87.010742,128.270004,61.045155
2016-09-08,186.129684,54.031635,44.457256,30.513191,84.676819,104.023315,69.318245,86.398369,127.589996,60.298477
2016-09-09,181.674698,52.453129,43.593285,29.485094,84.307076,102.309616,69.293732,85.750763,126.750000,57.910503
2016-09-12,184.281265,53.039688,43.950787,29.685900,84.374969,102.362411,69.318245,85.757812,126.589996,58.596634
2016-09-13,181.632111,52.129665,43.064484,28.938929,84.141060,101.199867,69.293732,85.476212,125.750000,57.125481
2016-09-14,181.563995,51.970089,43.004894,29.027281,84.246696,101.350899,69.334534,85.532539,126.180000,57.308361
2016-09-15,183.378372,52.595451,43.377289,29.525251,84.299545,100.913078,69.391685,85.588821,125.370003,57.525101
2016-09-16,182.669464,52.500572,42.818695,29.324465,84.359871,101.728302,69.359009,85.687393,125.059998,57.552177
2016-09-19,182.703720,52.841290,43.042126,29.557384,84.291962,101.396194,69.342735,85.659225,125.320000,58.073727
2016-09-20,182.712326,52.634274,43.302799,29.573450,84.322212,101.750969,69.326393,85.771873,125.440002,57.985668
2016-09-21,184.766983,53.445087,44.062515,30.400740,84.533455,102.573906,69.342735,86.208267,127.269997,58.730740
2016-09-22,185.931274,54.212784,44.509392,30.617603,84.707016,103.389153,69.326393,86.560257,127.570000,59.780605
2016-09-23,184.912567,53.854824,44.136986,30.224035,84.684372,103.291100,69.367188,86.496872,127.650002,59.963463
2016-09-26,183.414337,53.241943,43.727356,29.782280,84.790016,103.947845,69.407967,86.630638,127.550003,60.105709
2016-09-27,184.553024,53.319790,43.935894,30.207968,84.895645,104.710320,69.416130,86.841827,126.620003,59.469025
2016-09-28,185.468994,53.799892,44.248711,30.481054,84.918266,104.483826,69.407967,86.898094,126.220001,59.956696
2016-09-29,183.791000,53.133820,43.697556,29.950954,84.918266,104.748100,69.432449,86.862968,126.070000,59.157467
2016-09-30,185.177887,53.696087,44.040173,30.079464,84.827690,103.811951,69.375397,86.708076,125.639999,58.751072
2016-10-03,184.732742,53.557678,43.921001,30.288288,84.731728,103.469391,69.366348,86.462502,125.320000,57.653793
2016-10-04,183.791000,53.341427,43.913555,29.950954,84.444473,102.259285,69.309235,86.060158,120.970001,56.868107
2016-10-05,184.604294,53.644176,44.092300,30.384668,84.331062,101.782806,69.268410,85.968445,120.779999,55.716663
2016-10-06,184.732742,53.587955,43.853970,30.408773,84.331062,101.215599,69.268410,85.975487,119.660004,55.736965
2016-10-07,184.099213,53.151119,43.630527,30.272221,84.346222,101.283661,69.292877,86.180176,119.739998,55.642136
2016-10-10,185.058029,53.743664,43.757145,30.601532,84.308418,100.686218,69.260231,86.180176,120.160004,55.987572
2016-10-11,182.720840,52.861336,43.138954,29.894730,84.179916,100.459274,69.252075,85.911972,119.550003,55.445721
2016-10-12,182.960602,52.947842,43.042126,29.838511,84.210121,100.557617,69.252075,86.024918,119.739998,56.082397
2016-10-13,182.361313,52.424488,42.878281,29.573450,84.331062,100.935753,69.276566,86.236618,120.029999,56.522659
2016-10-14,182.455475,52.281784,42.952759,29.621647,84.187492,99.521507,69.260231,85.834389,119.360001,56.272057
2016-10-17,181.821915,52.195274,42.826134,29.589508,84.331062,100.156799,69.317360,86.116653,119.680000,56.393967
2016-10-18,182.960602,52.359631,43.250668,30.111593,84.467148,100.481995,69.341843,86.328369,120.419998,56.752937
2016-10-19,183.448547,52.571552,43.369843,30.296320,84.512497,100.565170,69.341843,86.441269,121.110001,56.874886
2016-10-20,183.106110,52.242840,43.436878,30.207968,84.482269,100.671066,69.309235,86.413101,120.739998,56.746178
2016-10-21,183.191772,52.095795,43.340057,30.199940,84.535172,100.822311,69.325546,86.462502,120.830002,56.536213
2016-10-24,183.970749,52.536968,43.332600,30.328451,84.406715,100.383644,69.301064,86.215485,120.559998,56.664909
2016-10-25,183.354385,52.048210,43.302799,30.360580,84.406715,100.648376,69.301064,86.151924,121.470001,56.563313
2016-10-26,182.986267,51.663288,43.109173,30.039303,84.240364,99.967697,69.276566,85.791992,120.790001,55.825020
2016-10-27,182.498245,51.131298,43.057030,29.782280,84.028717,98.878616,69.292877,85.403831,121.010002,54.361992
2016-10-28,181.958908,51.036144,43.042126,29.661798,84.028717,98.659294,69.292877,85.305008,121.580002,54.490673
2016-10-31,181.967453,51.325932,43.064484,29.830473,84.134544,99.264359,69.341843,85.382652,121.940002,55.377998
2016-11-01,180.649033,50.625256,42.878281,29.589508,84.089073,99.271927,69.342705,85.275101,122.730003,54.172344
2016-11-02,179.561783,50.132195,42.587799,29.236115,84.187607,99.703880,69.383514,85.402481,123.639999,53.379868
2016-11-03,178.739914,49.989475,42.543118,29.155790,84.073944,98.938477,69.391655,85.232635,124.300003,52.966713
2016-11-04,178.542999,50.227352,42.133469,28.858616,84.248146,99.825089,69.416176,85.487373,124.389999,53.386650
2016-11-07,182.481140,51.451347,42.714417,29.902758,84.149666,98.976402,69.391655,85.430771,122.150002,54.321362
2016-11-08,183.302994,51.572464,42.833580,30.095522,84.013344,98.574814,69.318192,85.239738,121.639999,54.605831
2016-11-09,185.246414,53.172752,42.870827,29.115635,83.233292,94.392052,69.228371,83.987183,121.559998,53.779522
2016-11-10,185.708694,54.176174,42.751667,28.288343,82.892487,92.997810,69.203819,83.916466,119.750000,52.878658
2016-11-11,185.280640,55.538574,42.490990,27.750204,82.741028,92.474998,69.203819,83.555595,117.099998,53.197010
2016-11-14,185.426178,56.386280,42.260094,27.549414,82.407814,91.921791,69.097672,83.123970,116.110001,54.456821
2016-11-15,186.873032,56.546322,42.446293,28.103617,82.468369,92.376442,69.122177,83.378693,117.120003,54.003029
2016-11-16,186.521988,56.572266,41.999413,27.870689,82.650116,93.209976,69.114014,83.498962,116.769997,53.847240
2016-11-17,187.480865,56.840420,42.319675,27.910847,82.339630,91.838463,69.105804,82.968277,116.169998,53.298599
2016-11-18,187.061340,57.108585,41.857903,27.782341,82.074516,91.573235,69.064995,82.501251,115.150002,53.454376
2016-11-21,188.473953,57.337814,42.215401,28.055420,82.142731,91.800575,69.056824,82.586159,115.580002,53.291836
2016-11-22,188.842087,58.077396,42.319675,28.481112,82.218430,91.770264,69.040497,82.798485,115.540001,54.226551
2016-11-23,188.944824,58.432060,42.170712,28.175907,81.930641,91.414146,68.999649,82.494164,113.250000,53.996239
2016-11-25,189.646835,58.678604,42.297325,28.312445,81.923065,91.550529,68.991516,82.501251,112.610001,54.307800
2016-11-28,188.756454,57.977936,42.073891,28.424885,82.210854,92.224930,69.032326,82.876259,113.800003,54.558437
2016-11-29,189.124603,57.960617,42.342014,28.465050,82.301758,92.611336,69.040497,82.989494,113.269997,55.079967
2016-11-30,188.670868,57.753033,42.297325,28.513237,81.976044,91.111053,69.016014,82.678078,111.750000,54.450058
2016-12-01,187.977432,57.575703,42.133469,28.175907,81.705971,90.149055,68.983299,82.214806,111.540001,53.650810
2016-12-02,188.071594,57.584343,42.237747,28.208029,81.963913,90.809593,69.056831,82.590889,112.139999,54.185905
2016-12-05,189.201645,58.579109,42.654831,28.440950,82.032227,90.710884,69.056831,82.768242,111.540001,54.585514
2016-12-06,189.800964,59.240871,42.945309,28.593563,82.017067,90.642563,69.040489,82.761154,111.430000,54.937717
2016-12-07,192.283661,59.859333,43.585838,29.075474,82.229538,91.417000,69.065041,83.108833,111.830002,56.034985
2016-12-08,192.754532,60.854111,43.548595,29.203985,82.077751,90.338860,69.056831,82.768242,111.570000,56.421059
2016-12-09,193.918823,60.979568,43.734798,29.051373,81.827339,89.215103,69.048660,82.448952,110.400002,56.360100
2016-12-12,193.696320,60.365387,43.541157,28.858616,81.751503,89.382141,69.024139,82.370903,110.820000,56.732639
2016-12-13,194.988937,60.434578,44.010376,29.179882,81.857681,89.701057,69.016014,82.555412,110.449997,56.705544
2016-12-14,193.379486,59.682018,43.362404,28.312445,81.410027,88.698830,68.885239,82.030304,108.830002,55.466030
2016-12-15,194.175705,60.239937,43.265572,28.360636,81.311386,89.146835,68.852524,82.087097,107.339996,55.140923
2016-12-16,193.795883,59.880955,43.295368,28.232128,81.364525,88.941780,68.885239,82.023193,108.050003,55.967262
2016-12-19,194.217926,60.214035,43.228333,28.039358,81.576935,89.898468,68.917908,82.420563,108.589996,56.570057
2016-12-20,194.967072,60.828148,43.377289,28.135742,81.501114,89.450493,68.926079,82.370903,107.790001,56.698776
2016-12-21,194.424545,60.489937,43.389332,28.018763,81.675621,89.845322,68.958786,82.633453,107.849998,55.838554
2016-12-22,194.088715,59.890789,43.291504,27.685692,81.674873,89.684692,68.975937,82.639107,107.589996,55.745216
2016-12-23,194.372910,60.155621,43.404388,27.848158,81.697655,89.867393,68.975937,82.767204,107.930000,55.890430
2016-12-27,194.855164,60.520340,43.351704,27.970020,81.636810,89.578087,68.943275,82.617775,108.559998,56.007984
2016-12-28,193.244766,59.812622,43.186157,28.181232,81.766098,90.232796,68.967773,82.923683,108.860001,55.669155
2016-12-29,193.201706,59.942863,43.291504,28.644289,82.017067,90.552536,69.041428,83.243912,110.290001,56.360676
2016-12-30,192.495560,59.708412,43.442009,28.441193,82.184410,90.689545,69.065941,83.371941,109.610001,57.072952
2017-01-03,193.968155,60.042744,43.712910,28.782394,82.268059,91.077797,69.008667,83.443138,110.470001,57.259689
2017-01-04,195.122070,61.045704,44.209564,29.001728,82.290939,91.427986,69.025024,83.727676,110.860001,58.096470
2017-01-05,194.967072,60.164337,44.585812,29.318558,82.633133,92.859131,69.074066,84.175934,112.580002,58.283173
2017-01-06,195.664627,59.829964,44.435318,29.196690,82.359337,92.006538,69.016876,83.734810,111.750000,58.290058
2017-01-09,195.018753,59.313332,44.367588,29.172327,82.496262,92.744980,69.074066,83.898407,112.669998,57.764519
2017-01-10,195.018753,59.847355,44.375114,29.342928,82.473412,92.684074,69.049599,83.848671,113.150002,57.273537
2017-01-11,195.569946,60.042744,44.608391,29.692242,82.572304,92.996193,69.082268,83.976746,113.500000,56.920837
2017-01-12,195.079071,59.400143,44.676105,29.822227,82.602737,92.790619,69.106781,83.969604,113.910004,57.211285
2017-01-13,195.526855,59.834312,44.841663,29.797857,82.458221,92.349113,69.074066,83.798874,114.209999,57.128288
2017-01-17,194.837982,59.061485,44.676105,29.781610,82.739601,93.315948,69.123161,84.161720,115.849998,57.570892
2017-01-18,195.268478,59.291603,44.548187,29.619133,82.382095,92.120735,69.057777,83.606735,114.870003,57.667698
2017-01-19,194.545105,58.727169,44.435318,29.529776,82.169197,91.488899,69.033203,83.322144,114.769997,57.079887
2017-01-20,195.259857,59.013733,44.691170,29.586636,82.199600,91.306213,69.074066,83.471596,115.050003,57.494816
2017-01-23,194.751831,58.814003,44.804039,30.025322,82.427811,92.219734,69.139534,83.855751,115.790001,57.978889
2017-01-24,196.000504,59.673695,44.916916,30.212170,82.298477,91.587837,69.098618,83.606735,115.269997,57.992729
2017-01-25,197.696991,60.342319,45.383457,30.545240,82.077965,90.438324,69.082268,83.286629,114.320000,57.612370
2017-01-26,197.490280,60.021038,45.202866,30.415258,82.131157,90.742844,69.090439,83.386215,113.260002,57.501720
2017-01-27,197.180283,59.769222,45.127617,30.439632,82.199600,91.070198,69.123161,83.485809,113.489998,56.941582
2017-01-30,195.957413,58.961624,44.804039,30.277163,82.161606,90.796120,69.123161,83.343513,113.970001,56.554302
2017-01-31,195.940231,59.361076,44.871769,30.334024,82.359337,91.427986,69.139534,83.492889,115.550003,56.962334
2017-02-01,196.017700,59.300308,45.052368,30.350266,82.243515,90.862656,69.115730,83.390213,115.199997,56.277714
2017-02-02,196.146851,59.005035,45.074940,30.480247,82.289230,90.824493,69.140350,83.411552,115.839996,56.948498
2017-02-03,197.498886,59.951557,45.255539,30.667101,82.312111,90.786385,69.115730,83.504349,116.129997,57.259689
2017-02-06,197.145844,59.395802,44.931953,30.593979,82.548271,91.335663,69.189430,83.768272,117.699997,57.162865
2017-02-07,197.154465,59.196083,44.886810,30.439632,82.632179,92.007011,69.173035,83.911011,117.459999,56.962334
2017-02-08,197.412827,59.100578,44.962063,30.626480,82.868393,93.258202,69.238518,84.203461,118.190002,57.411819
2017-02-09,198.583969,60.047077,45.150188,30.764584,82.670258,92.182526,69.181267,83.868164,117.290001,57.550137
2017-02-10,199.367584,60.533367,45.255539,31.048914,82.655014,92.129128,69.173035,83.846764,117.599998,57.958157
2017-02-13,200.452667,60.672295,45.436146,31.146404,82.533089,91.839218,69.156738,83.811073,116.800003,57.978889
2017-02-14,201.253586,60.811234,45.368420,31.178896,82.350197,91.175423,69.107613,83.611374,116.930000,57.674614
2017-02-15,202.304153,61.167259,45.541489,31.430723,82.220619,90.755859,69.083069,83.547104,117.449997,57.480984
2017-02-16,202.131927,61.045704,45.646843,31.316988,82.395905,91.251778,69.115730,83.782562,118.080002,57.819832
2017-02-17,202.450623,60.958851,45.526440,31.187008,82.578819,91.793388,69.164864,83.996574,117.680000,57.930443
2017-02-21,203.656204,61.488533,45.676945,31.528217,82.571198,91.633232,69.173035,84.032249,117.750000,58.670429
2017-02-22,203.475372,61.271461,45.676945,31.625698,82.624550,91.785797,69.189430,84.096436,117.910004,58.476784
2017-02-23,203.613174,60.837299,45.774769,31.633810,82.761711,92.060448,69.222198,84.310493,118.940002,58.781094
2017-02-24,203.871506,60.819912,45.443672,31.260130,83.066544,93.082733,69.254921,84.738510,119.699997,59.057701
2017-02-27,204.190125,61.297516,45.473766,31.162643,82.914116,92.533463,69.197601,84.538757,119.120003,59.368881
2017-02-28,203.639053,60.316277,45.406048,30.862078,82.891266,92.876724,69.164864,84.595871,119.230003,58.960880
2017-03-01,206.489471,61.427773,45.880123,31.341372,82.501823,91.320480,69.110825,84.095810,119.059998,58.781094
2017-03-02,205.189072,60.759121,45.579121,30.788950,82.349091,90.991791,69.037140,83.967056,117.580002,58.462955
2017-03-03,205.318253,60.585461,45.850021,31.024548,82.410194,91.228760,69.053574,84.052902,117.510002,58.234749
2017-03-06,204.706863,60.168659,45.707050,31.040792,82.371994,90.793060,69.069893,83.902672,116.720001,57.971966
2017-03-07,204.095413,59.743141,45.549019,31.073290,82.265121,90.517853,69.045364,83.487762,115.779999,57.695351
2017-03-08,203.716507,59.352390,45.383457,30.780825,82.066582,90.028687,68.987999,83.230263,115.059998,56.630379
2017-03-09,203.974838,59.013733,45.556538,30.537115,81.814560,89.310120,68.979836,82.779572,114.470001,55.779785
2017-03-10,204.689621,59.308990,45.940319,30.878311,81.936760,89.623550,69.020767,82.987030,114.720001,55.606892
2017-03-13,204.792953,59.491329,46.181118,31.308876,81.799286,89.057922,68.987999,82.708038,114.739998,55.745216
2017-03-14,204.009293,59.213455,45.827446,31.130154,81.829811,89.485992,68.979836,82.779572,114.120003,55.731361
2017-03-15,205.774689,60.151260,46.482124,31.942522,82.303276,90.579056,69.110825,83.494919,116.250000,56.858578
2017-03-16,205.369934,60.264172,46.707863,32.137493,82.211617,90.120407,69.061745,83.373329,116.730003,56.747940
2017-03-17,205.009262,60.602829,46.828274,32.080624,82.387291,90.686073,69.094467,83.566406,116.989998,57.010731
2017-03-20,204.784393,60.272858,46.730450,32.454319,82.509468,91.075905,69.135399,83.759621,117.510002,56.962334
2017-03-21,202.155060,58.675064,46.519749,32.096878,82.677444,91.832611,69.168152,83.967056,118.540001,56.713341
2017-03-22,202.630768,58.579548,46.527271,32.251217,82.791977,92.199539,69.184532,84.181633,118.830002,56.682022
2017-03-23,202.414520,58.952950,46.632622,32.259350,82.814941,92.069542,69.184532,84.124435,118.669998,57.099979
2017-03-24,202.267502,58.947720,46.760548,32.340584,82.746170,92.398293,69.184532,84.210266,118.860001,57.037277
2017-03-27,202.059937,59.008698,46.880947,32.251217,82.944710,92.818626,69.209106,84.389091,119.529999,56.521786
2017-03-28,203.530289,59.479172,47.106693,32.340584,82.753838,92.199539,69.176369,84.210266,119.040001,56.765614
2017-03-29,203.720581,59.635998,47.106693,32.397453,82.937080,92.749870,69.217278,84.482094,119.330002,57.086029
2017-03-30,204.369247,60.141312,46.941147,32.226860,82.784355,92.000801,69.200974,84.260361,118.470001,57.190552
2017-03-31,203.893524,60.254581,46.873421,31.999386,82.845428,92.268280,69.209106,84.346184,118.720001,57.531857
2017-04-03,203.538910,59.148109,46.805702,32.178116,83.153053,93.198959,69.272980,84.724922,119.349998,57.699051
2017-04-04,203.668610,59.191669,46.790653,32.194359,83.076523,92.693420,69.248474,84.502563,119.620003,57.699051
2017-04-05,203.063187,58.546955,46.542316,32.096878,83.168335,92.976868,69.248474,84.610146,119.620003,57.782627
2017-04-06,203.634018,59.113255,46.549847,32.040009,83.160698,92.838974,69.264847,84.689064,119.180000,58.089146
2017-04-07,203.426453,59.104530,46.519749,31.983131,82.977051,92.463608,69.174690,84.481049,119.459999,58.172733
2017-04-10,203.547546,59.287487,46.467068,31.853163,83.084198,92.892609,69.207497,84.638832,119.459999,58.534962
2017-04-11,203.305389,59.845104,46.685303,31.780045,83.321404,93.773537,69.272980,85.033363,121.190002,58.938995
2017-04-12,202.414520,58.973843,46.647678,31.934395,83.505043,94.286705,69.322205,85.313049,122.019997,58.834511
2017-04-13,201.099823,58.285561,46.346668,31.796291,83.612183,94.577820,69.355011,85.456535,122.599998,58.702137
2017-04-17,202.881592,58.947720,46.632622,32.129368,83.566269,94.286705,69.346779,85.291573,122.239998,59.412659
2017-04-18,202.276184,58.999996,46.421928,31.723186,83.902931,95.519989,69.404121,85.793617,122.820000,59.572895
2017-04-19,201.904205,59.331047,46.233799,31.528217,83.772873,94.999054,69.371368,85.535408,121.730003,59.489311
2017-04-20,203.547546,60.150028,46.602520,31.918150,83.642769,94.631401,69.363159,85.413490,121.959999,59.496284
2017-04-21,202.898819,59.993210,46.632622,31.918150,83.665733,94.631401,69.395958,85.413490,122.309998,59.280319
2017-04-24,205.130386,60.742477,47.814056,32.373077,83.543266,94.164139,69.322205,85.298775,121.480003,58.625523
2017-04-25,206.323898,61.282612,48.152683,32.657413,83.267822,93.030479,69.256638,84.961594,120.250000,58.869343
2017-04-26,206.194214,61.683395,48.017220,32.535557,83.374947,93.543739,69.281189,85.169609,120.839996,58.430470
2017-04-27,206.367172,61.622417,48.062382,32.494926,83.451469,93.513062,69.305847,85.248489,120.389999,58.277237
2017-04-28,205.917404,60.803459,48.009701,32.543678,83.596893,93.719849,69.338585,85.348915,120.769997,57.671188
2017-05-01,206.436340,61.125809,48.205349,32.730522,83.381371,92.940765,69.291023,85.084290,119.669998,58.012508
2017-05-02,206.514160,60.873146,48.453682,32.966122,83.496399,93.416710,69.315613,85.335999,119.650002,57.914997
2017-05-03,206.263367,60.498520,48.355850,32.746773,83.412056,93.478088,69.266411,85.292870,117.980003,57.141785
2017-05-04,206.505524,60.446228,48.814877,32.381203,83.343002,93.017548,69.258240,85.127434,116.790001,56.863148
2017-05-05,207.318573,60.716309,49.356678,32.649292,83.358368,93.101982,69.282814,85.156189,117.010002,57.399509
2017-05-08,207.284012,60.498520,48.987953,32.641174,83.197334,92.595322,69.250031,85.005150,116.750000,56.995483
2017-05-09,207.093719,60.576935,48.867558,33.055477,83.204964,92.587654,69.217216,85.019501,116.050003,56.689003
2017-05-10,207.465561,60.907997,48.942806,33.274815,83.228027,92.480225,69.233604,85.134613,116.040001,57.134781
2017-05-11,207.041824,60.454956,48.822395,33.347927,83.220360,92.480225,69.241844,85.177750,116.500000,56.849209
2017-05-12,206.695847,59.975777,49.093304,33.486034,83.527107,93.178680,69.323761,85.609299,116.830002,56.619328
2017-05-15,207.837524,60.359123,49.341633,33.827232,83.496399,92.925423,69.315613,85.602081,117.139999,56.786499
2017-05-16,207.647202,60.359123,49.657692,33.859726,83.603752,93.270828,69.315613,85.724380,117.650002,56.403381
2017-05-17,203.962738,58.843178,49.093304,33.282932,84.033203,94.629486,69.389404,86.249374,119.790001,56.633266
2017-05-18,204.784393,58.930309,49.176079,32.730522,83.987213,94.736908,69.356644,86.235016,118.809998,56.946747
2017-05-19,206.116302,59.200378,49.747990,33.429165,83.987213,94.959557,69.373032,86.285393,119.400002,57.253220
2017-05-22,207.162888,59.670841,49.808189,33.461666,83.933517,94.698586,69.348396,86.213478,119.900002,57.476139
2017-05-23,207.621323,59.871223,49.815704,33.494156,83.772514,94.061478,69.323761,85.947334,119.139999,57.524895
2017-05-24,208.105637,59.845104,49.845814,33.624142,83.918159,94.591095,69.364815,86.083984,119.610001,57.991631
2017-05-25,209.100250,59.923496,49.845814,33.786613,83.956520,94.621819,69.364815,86.119965,119.480003,57.998577
2017-05-26,209.057053,59.914783,49.702839,33.908466,83.925819,94.783020,69.356644,86.184700,120.540001,57.580616
2017-05-30,208.875412,59.575005,49.650166,33.729748,84.086891,95.251228,69.381172,86.386070,120.139999,57.218403
2017-05-31,208.823502,59.531433,49.710358,33.469788,84.171249,95.489159,69.389404,86.486771,120.620003,57.253220
2017-06-01,210.484146,60.568199,50.033932,33.754112,84.132805,95.499229,69.376274,86.505501,120.720001,57.552753
2017-06-02,211.184738,60.960274,50.583263,33.924717,84.409492,96.629974,69.425491,86.909348,121.610001,58.144852
2017-06-05,211.029068,60.559505,50.304829,33.884094,84.278809,96.029961,69.368111,86.664162,121.730003,57.894104
2017-06-06,210.354416,60.472374,50.161865,33.900341,84.447899,96.553009,69.392715,86.916557,123.099998,57.615452
2017-06-07,210.743652,60.568199,50.176910,33.859726,84.347984,96.091522,69.368111,86.808388,122.449997,58.019482
2017-06-08,210.847397,61.387169,50.086609,34.062824,84.263458,95.837662,69.351646,86.656921,121.650002,57.880173
2017-06-09,210.527344,61.892487,49.898487,33.802860,84.194305,95.691490,69.327049,86.570389,120.540001,58.284191
2017-06-12,210.484146,61.761806,49.710358,33.624142,84.194305,95.660744,69.318863,86.592010,120.360001,58.806622
2017-06-13,211.513382,62.058025,50.094135,33.786613,84.217323,95.676086,69.318863,86.685791,120.480003,58.938995
2017-06-14,211.245255,61.674690,50.056511,33.778484,84.486328,97.153038,69.351646,87.277115,119.820000,59.022587
2017-06-15,210.838791,61.378468,49.537281,33.429165,84.432556,96.999168,69.327049,87.067986,119.320000,59.322105
2017-06-16,210.884781,61.047386,49.958683,33.486034,84.486328,97.191467,69.359863,87.140068,119.339996,59.168877
2017-06-19,212.640488,61.326176,50.161865,33.819099,84.371071,97.053032,69.318863,87.031967,118.430000,59.175835
2017-06-20,211.206451,60.594345,49.758106,33.445309,84.501709,97.922264,69.327049,87.226624,118.180000,59.036522
2017-06-21,211.154251,60.315548,49.696930,33.518776,84.517059,98.122223,69.335236,87.269844,118.519997,58.918087
2017-06-22,211.058670,60.533375,49.689293,33.690151,84.555489,98.337624,69.343460,87.342010,118.919998,58.973816
2017-06-23,211.310699,61.047386,49.811638,33.869705,84.570862,98.291496,69.384491,87.385323,119.430000,59.178486
2017-06-26,211.449738,61.160625,49.895760,34.196163,84.647697,98.660683,69.384491,87.543907,118.360001,59.600426
2017-06-27,209.746231,60.702808,49.888103,33.796249,84.394104,97.606895,69.343460,87.147293,118.809998,59.065945
2017-06-28,211.623550,61.681438,50.323975,34.057415,84.424820,97.283798,69.376274,87.241028,118.900002,59.206596
2017-06-29,209.763596,61.296978,49.826931,33.624866,84.263458,96.468422,69.335236,86.974258,118.320000,58.531483
2017-06-30,210.154755,61.262012,49.857517,33.779938,84.155884,96.245323,69.335236,86.902092,118.019997,58.531483
2017-07-03,210.511078,61.838699,49.796341,33.975800,84.005722,95.935509,69.283554,86.714111,116.089996,59.276897
2017-07-05,210.997772,61.471729,49.796341,33.910511,84.051956,95.958603,69.308136,86.858704,116.519997,58.440060
2017-07-06,209.068375,60.624134,49.574589,33.502445,83.890244,95.164665,69.324547,86.634583,116.470001,57.342987
2017-07-07,210.424179,61.262012,49.582237,33.567738,83.859428,94.594315,69.316360,86.562309,115.279999,57.666496
2017-07-10,210.650162,60.895016,49.704582,33.886036,83.897926,94.733002,69.349190,86.706902,115.470001,57.139030
2017-07-11,210.493713,61.034813,49.819283,34.163517,83.974922,94.894844,69.373825,86.743027,115.620003,57.075756
2017-07-12,212.075531,61.497936,50.216915,34.824585,84.229019,95.550072,69.406738,87.126274,116.029999,57.779015
2017-07-13,212.431885,61.646481,50.362209,34.995968,84.136627,94.948822,69.373825,86.974434,115.820000,57.870411
2017-07-14,213.422623,61.803772,50.713966,35.436684,84.221329,95.064476,69.406738,87.176888,116.769997,58.425991
2017-07-17,213.396591,61.961044,50.614559,35.273468,84.259834,95.326569,69.414948,87.256432,117.290001,58.897163
2017-07-18,213.509583,61.768826,50.660431,35.379566,84.452316,96.159027,69.431358,87.632355,118.110001,58.770603
2017-07-19,214.665543,62.476616,50.882202,35.673370,84.475471,96.197594,69.431358,87.603485,118.080002,59.213619
2017-07-20,214.761108,62.563961,51.088673,35.632561,84.498573,96.475082,69.431358,87.682976,118.239998,58.939377
2017-07-21,214.569885,62.258152,50.889835,35.608082,84.644875,96.883553,69.464180,87.885452,119.260002,58.897163
2017-07-24,214.517776,62.266903,50.752209,35.714184,84.567879,96.505890,69.439537,87.784248,119.309998,58.784657
2017-07-25,215.039291,62.852318,50.821022,35.624401,84.267548,95.249443,69.398476,87.263657,118.919998,58.861984
2017-07-26,215.047943,62.424183,51.134544,35.918217,84.429245,95.403641,69.447777,87.552849,119.879997,59.269894
2017-07-27,214.848022,62.135818,51.019840,35.722343,84.306046,94.933434,69.431358,87.335945,119.790001,59.340221
2017-07-28,214.595932,62.039707,51.073368,35.706017,84.475471,95.496117,69.472389,87.567307,120.690002,59.178486
2017-07-31,214.474289,61.873676,51.180428,35.746819,84.436943,95.611763,69.464180,87.567307,120.750000,59.255821
2017-08-01,214.952286,62.057156,51.463360,35.852921,84.668488,96.283020,69.489670,87.884842,120.650002,59.523060
2017-08-02,215.056641,61.253265,51.486301,35.885563,84.606728,96.337082,69.456787,87.747124,120.400002,58.981567
2017-08-03,214.639496,61.043579,51.516880,35.738663,84.776474,97.333633,69.481438,87.870323,120.589996,58.861984
2017-08-04,215.030594,61.288239,51.585709,35.869247,84.637604,96.507019,69.456787,87.529610,119.650002,59.058926
2017-08-07,215.430328,61.227055,51.608646,36.114094,84.629875,96.615166,69.481438,87.551369,119.510002,58.995621
2017-08-08,214.900162,61.061028,51.333355,36.122246,84.552742,96.267570,69.481438,87.130943,119.860001,58.714298
2017-08-09,214.891449,60.545502,51.249241,35.795795,84.629875,96.792847,69.473244,87.217888,121.309998,58.517410
2017-08-10,211.858261,59.610535,50.522800,34.947006,84.714790,97.619431,69.497864,87.188881,122.209999,58.095459
2017-08-11,212.171127,59.593029,50.431023,35.028614,84.784218,97.665756,69.588303,87.348389,122.790001,57.736820
2017-08-14,214.274414,60.475594,50.798080,35.387718,84.745605,97.163689,69.530769,87.290382,121.919998,58.700241
2017-08-15,214.248260,59.881416,50.759853,35.428532,84.622162,96.754234,69.497864,87.188881,120.980003,58.524445
2017-08-16,214.622086,59.960056,51.050423,35.795795,84.776474,97.109596,69.538979,87.435387,121.870003,58.756535
2017-08-17,211.275909,58.797901,50.476921,35.338753,84.899994,97.835724,69.555420,87.522392,122.489998,58.390823
2017-08-18,210.945679,58.693043,50.614559,35.640720,84.845963,97.812576,69.547211,87.464371,122.300003,57.800091
2017-08-21,211.110794,58.614403,50.599255,35.771313,84.907661,98.052032,69.563667,87.587616,122.760002,58.418972
2017-08-22,213.318390,59.182358,50.843964,36.171223,84.830544,97.673515,69.555420,87.500595,122.209999,58.250179
2017-08-23,212.553528,59.025089,50.851604,36.342602,85.023422,98.337868,69.621208,87.834106,122.669998,58.847939
2017-08-24,212.058136,59.103741,50.736904,36.456863,84.915398,97.974754,69.555420,87.667358,122.290001,58.665104
2017-08-25,212.553528,59.392075,51.042786,36.669052,84.977097,98.353325,69.580078,87.870323,122.739998,58.946384
2017-08-28,212.562271,59.453251,51.042786,36.538479,85.008003,98.291481,69.555420,87.870323,124.690002,58.496323
2017-08-29,212.805603,59.435772,50.836327,36.473186,85.131493,98.608208,69.588303,87.935577,124.419998,58.433033
2017-08-30,213.813797,59.767815,50.767487,36.530315,85.116020,98.577332,69.604744,88.008041,124.360001,58.763550
2017-08-31,215.100052,60.353264,51.157478,36.587452,85.231781,98.870888,69.604744,88.160316,125.820000,59.101120
2017-09-01,215.404266,60.781429,51.226311,36.856773,85.038467,98.114578,69.589920,87.811394,126.059998,59.305058
2017-09-05,213.857224,60.152294,50.882202,36.375244,85.386406,99.670486,69.655769,88.356598,127.459999,59.143322
2017-09-06,214.587341,60.335785,51.195713,36.611927,85.293640,99.058968,69.647522,88.044022,126.809998,59.298038
2017-09-07,214.561203,60.161018,51.616283,36.881252,85.502411,100.073021,69.688675,88.385628,128.130005,59.677773
2017-09-08,214.309189,60.248398,51.623943,36.636414,85.401886,99.856285,69.672264,88.123985,127.970001,59.727005
2017-09-11,216.595001,60.895016,52.029232,37.126091,85.169945,98.664207,69.606400,87.855072,126.190002,60.275547
2017-09-12,217.325027,61.340656,52.189808,37.085289,85.046227,98.145554,69.573486,87.760529,126.559998,59.565250
2017-09-13,217.429321,61.541626,51.906868,36.889412,84.961159,97.758537,69.557022,87.673302,125.610001,59.410538
2017-09-14,217.359833,61.515423,51.998631,36.987350,85.007561,98.161026,69.565262,87.891380,126.160004,59.902813
2017-09-15,217.652405,61.847446,52.044514,37.207714,84.992027,98.199738,69.557022,87.964073,125.529999,60.015327
2017-09-18,218.115326,62.336777,52.113350,37.338295,84.953384,97.634651,69.515877,87.876869,124.360001,59.691841
2017-09-19,218.333664,62.205723,52.358040,37.419903,84.907051,97.394691,69.524147,87.927742,124.620003,59.298038
2017-09-20,218.412308,62.432896,52.243340,37.248516,84.837395,97.464401,69.466522,87.818710,123.620003,59.136265
2017-09-21,217.827087,62.467865,52.136280,37.248516,84.821983,97.410187,69.450096,87.818710,122.680000,59.023750
2017-09-22,217.870789,62.869770,52.296867,37.036320,84.883797,97.688835,69.466522,87.934967,123.239998,58.607433
2017-09-25,217.425293,63.062019,51.998631,36.407894,85.084839,98.300392,69.507690,88.262115,124.529999,58.948463
2017-09-26,217.556351,63.382858,51.883930,36.309956,85.053940,98.122322,69.491226,88.247543,123.139999,59.047905
2017-09-27,218.403595,64.680145,51.922169,36.179379,84.806480,96.643822,69.482986,87.905922,121.980003,58.515057
2017-09-28,218.665649,64.855431,52.059826,36.154892,84.814201,96.357437,69.491226,88.036728,122.209999,58.912914
2017-09-29,219.434219,65.057037,52.365692,36.571125,84.744621,96.574181,69.474792,88.116722,121.580002,59.033691
2017-10-02,220.386276,65.942352,52.319801,36.579288,84.796547,96.397339,69.526611,88.199081,120.769997,58.948463
2017-10-03,220.857925,66.091393,52.495689,37.158741,84.866272,96.490395,69.485451,88.395813,120.830002,58.863190
2017-10-04,221.119965,65.802116,52.396275,37.150589,84.843018,96.498131,69.617203,88.344818,121.169998,59.161583
2017-10-05,222.430084,65.942352,52.365692,37.428070,84.804268,96.133606,69.468987,88.220917,120.519997,59.374729
2017-10-06,222.176849,65.828407,52.327454,37.240353,84.680290,95.862114,69.444298,88.148026,121.089996,59.182892
2017-10-09,221.809967,65.521622,52.342743,37.215878,84.796547,96.164650,69.444298,88.220917,122.080002,59.324982
2017-10-10,222.395172,65.679405,52.839790,37.583134,84.804268,96.319725,69.460800,88.279236,122.400002,59.502617
2017-10-11,222.744568,65.486565,52.969791,37.754517,84.819748,96.505913,69.452545,88.235512,122.790001,59.701553
2017-10-12,222.412674,65.407661,52.923908,37.738201,84.920502,96.916992,69.444298,88.257362,122.889999,60.085197
2017-10-13,222.683441,65.381363,53.199200,38.080978,85.129745,97.615074,69.485451,88.607216,123.820000,60.241512
2017-10-16,222.980362,65.276184,53.160957,38.056488,85.044449,97.545280,69.419594,88.483276,122.970001,59.943127
2017-10-17,223.137634,65.118401,53.023315,37.860611,85.013504,97.669380,69.427841,88.468735,122.129997,60.014164
2017-10-18,223.355927,65.547882,53.176262,37.950405,84.881760,97.025589,69.403137,88.337524,121.669998,59.950214
2017-10-19,223.417114,65.407661,53.092136,37.615776,84.943764,97.196243,69.444298,88.468735,122.389999,59.772614
2017-10-20,224.569992,65.723236,53.023315,37.754517,84.695793,96.164650,69.403137,88.228233,121.610001,59.431580
2017-10-23,223.696609,65.398903,52.908627,37.452553,84.788795,96.335243,69.403137,88.315681,121.800003,59.204220
2017-10-24,224.089645,65.582970,52.992737,37.452553,84.610535,95.738037,69.386665,88.097046,121.330002,58.848988
2017-10-25,222.980362,65.241142,52.786266,37.370941,84.556274,95.280418,69.370216,87.863808,121.349998,58.678452
2017-10-26,223.268631,65.547882,52.778625,37.117943,84.463333,94.962379,69.370216,87.856529,120.330002,58.195354
2017-10-27,225.094101,65.898514,52.900963,37.656578,84.649284,95.590668,69.419594,88.118919,120.900002,58.458218
2017-10-30,224.255615,64.969421,53.023315,37.419903,84.881760,96.505913,69.452545,88.410385,121.129997,58.408493
2017-10-31,224.604996,65.618034,53.245064,37.770847,84.827499,96.536949,69.411377,88.286507,120.669998,58.401382
2017-11-01,224.901993,65.153458,53.298599,37.966721,84.864799,96.966774,69.401520,88.426071,121.110001,58.685551
2017-11-02,224.989319,65.232346,53.459183,38.015694,84.911346,97.394287,69.417961,88.411491,121.190002,59.182892
2017-11-03,225.740494,64.811615,53.375076,37.819817,84.989067,97.658546,69.376778,88.513802,120.620003,59.033691
2017-11-06,226.089844,64.951859,53.451534,38.244213,85.066689,98.023895,69.417961,88.535683,121.650002,59.431580
2017-11-07,225.932617,64.250641,53.252708,37.999363,85.090004,98.435844,69.384956,88.462654,121.209999,59.914715
2017-11-08,226.316956,64.539879,53.428608,38.178909,85.035667,98.218201,69.376778,88.345703,121.629997,60.213100
2017-11-09,225.495941,64.241890,53.122734,37.942234,84.973518,97.938393,69.368515,88.111862,122.129997,60.277020
2017-11-10,225.426056,64.294464,52.977432,37.779011,84.631844,96.461548,69.343796,87.607681,121.129997,60.340969
2017-11-13,225.635635,64.408432,52.755676,37.697395,84.631844,96.663605,69.335510,87.622284,121.309998,60.646488
2017-11-14,225.111603,64.390877,52.717445,37.444389,84.717239,97.316566,69.352036,87.644226,121.559998,60.518593
2017-11-15,223.984848,64.040253,52.465096,37.248516,84.880302,98.373665,69.327301,88.016869,121.410004,59.907589
2017-11-16,225.888885,65.135948,52.885681,38.023846,84.787132,97.518639,69.335510,87.914566,121.400002,60.404930
2017-11-17,225.225128,65.416428,52.694504,38.211559,84.880302,98.241531,69.294327,88.024193,122.860001,60.142040
2017-11-20,225.609467,65.916039,52.809208,38.407429,84.833748,98.202629,69.269592,88.024193,121.309998,59.964424
2017-11-21,227.085541,66.810150,53.206844,38.921593,84.919159,98.513573,69.253143,88.316490,121.510002,60.412025
2017-11-22,226.884705,66.669907,53.352127,39.019531,85.066689,98.832283,69.310799,88.659943,122.629997,60.277020
2017-11-24,227.408707,66.713715,53.787998,38.937923,85.051147,98.560219,69.310799,88.557663,122.320000,60.355183
2017-11-27,227.295197,66.389412,53.466839,38.366623,85.051147,98.420303,69.310799,88.506462,122.830002,60.070999
2017-11-28,229.601028,67.520126,53.772701,38.652275,85.051147,98.552437,69.319038,88.630661,122.809998,59.843651
2017-11-29,229.461319,67.932121,53.558601,38.040169,84.841492,97.580841,69.302582,88.279907,122.040001,59.864967
2017-11-30,231.470245,67.914581,53.612129,37.623940,84.701729,97.254387,69.261353,88.177643,121.099998,59.957329
2017-12-01,230.989792,67.511360,53.398014,37.411747,84.943748,98.566780,69.277046,88.450211,121.589996,60.099419
2017-12-04,230.710373,67.546432,53.206844,37.485195,84.935951,98.613525,69.235825,88.589417,121.180000,59.801022
2017-12-05,229.880615,66.836441,53.092136,37.460712,85.021530,99.104187,69.227524,88.757874,120.320000,59.303665
2017-12-06,229.924225,66.547188,52.985081,36.954704,85.107124,99.446922,69.260544,88.926491,120.070000,59.246857
2017-12-07,230.649185,66.880287,53.122734,37.060810,84.998207,98.668053,69.268776,88.750618,118.489998,59.396049
2017-12-08,231.906921,66.836441,53.405655,37.493362,84.967041,98.675812,69.268776,88.640686,118.480003,59.701553
2017-12-11,232.605698,66.652351,53.543301,37.681068,84.935951,98.473320,69.235825,88.706657,118.010002,59.694447
2017-12-12,233.016205,66.494583,53.612129,37.428070,84.897011,98.434334,69.235825,88.640686,118.150002,59.985748
2017-12-13,232.990005,66.827675,53.818592,37.876938,85.138260,99.174301,69.310028,88.948372,119.169998,60.085197
2017-12-14,232.037949,66.065071,53.520363,37.599457,85.161629,99.594902,69.285271,89.109627,118.930000,60.070999
2017-12-15,233.970215,67.169525,53.505077,37.681068,85.184975,99.968758,69.252304,89.234161,119.180000,60.447540
2017-12-18,235.453949,68.142487,54.139763,38.105461,85.076035,99.057487,69.252304,88.970421,119.730003,60.845413
2017-12-19,234.549652,67.531197,53.941158,37.904140,84.827049,97.772354,69.219299,88.516113,119.820000,59.552353
2017-12-20,234.426758,67.680717,53.848415,37.953846,84.632462,96.689674,69.227524,88.281693,120.139999,58.863190
2017-12-21,234.909592,67.953369,54.041611,38.202393,84.707191,97.253204,69.222588,88.519547,120.309998,58.635189
2017-12-22,234.848145,67.777473,54.180714,38.525513,84.746132,97.385895,69.197845,88.585640,120.940002,59.039219
2017-12-26,234.567215,67.839035,54.165260,38.492371,84.816193,97.674706,69.189545,88.703125,121.769997,59.335030
2017-12-27,234.681335,67.759888,54.265728,38.591793,85.080841,98.946953,69.222588,89.195076,122.230003,59.529854
2017-12-28,235.164185,68.032524,54.296635,38.856915,85.018570,98.861107,69.230835,89.136292,122.849998,59.847286
2017-12-29,234.277527,67.557579,54.335266,39.039192,85.104172,99.017220,69.247353,89.253815,123.650002,59.868923
2018-01-02,235.954285,68.067703,54.737129,39.776562,84.979630,97.947899,69.222588,88.659081,125.150002,59.645283
2018-01-03,237.446747,68.006149,54.999870,40.157669,84.987419,98.416222,69.222588,88.820618,124.820000,59.472115
2018-01-04,238.447495,68.190849,55.602665,40.356510,84.932938,98.400558,69.189545,88.791237,125.459999,58.447620
2018-01-05,240.036469,68.481110,55.911777,40.704479,84.878456,98.119637,69.189545,88.761818,125.330002,58.476471
2018-01-08,240.475449,68.586647,55.896328,40.704479,84.855103,98.057159,69.189545,88.754524,125.309998,58.779495
2018-01-09,241.019836,68.516289,55.958160,40.638203,84.621574,96.745895,69.164764,88.431427,124.730003,58.021931
2018-01-10,240.651108,68.401947,55.849957,40.381371,84.621574,96.628860,69.189545,88.490173,125.029999,57.372604
2018-01-11,242.406876,69.659698,56.236340,40.629925,84.660461,97.026848,69.164764,88.703125,125.440002,57.177803
2018-01-12,243.987137,69.976341,56.800488,41.019314,84.644958,97.190811,69.156494,88.717819,126.959999,56.716042
2018-01-16,243.153076,69.281479,56.746395,40.861900,84.668282,97.596680,69.148270,88.798569,127.169998,56.824284
2018-01-17,245.470764,69.976341,57.040062,41.400425,84.574883,97.463959,69.123489,88.556290,126.139999,57.221088
2018-01-18,245.058136,69.404640,56.970509,41.450138,84.388054,96.558571,69.106979,88.211166,125.860001,56.485165
2018-01-19,246.173050,70.416084,57.287346,41.789822,84.209045,96.051201,69.131737,87.939514,126.419998,56.788189
2018-01-22,248.174667,70.592003,57.581013,42.030083,84.177864,96.144875,69.098717,87.858765,126.650002,57.307659
2018-01-23,248.701462,70.662384,57.766483,42.228943,84.380264,96.558571,69.139961,88.240578,127.279999,58.101288
2018-01-24,248.604858,70.249001,57.866951,42.585190,84.294685,96.035614,69.123489,88.181808,128.830002,57.798260
2018-01-25,248.710236,70.442482,57.642841,42.560333,84.512589,96.823929,69.106979,88.629745,127.970001,57.697269
2018-01-26,251.589798,70.679939,58.152889,43.148575,84.356926,96.464874,69.065674,88.512169,128.070007,57.495255
2018-01-29,249.921768,70.284172,57.619640,42.494053,84.209045,95.793633,69.040894,88.277298,127.349998,56.723251
2018-01-30,247.358246,69.633301,57.140518,41.914101,84.076683,95.231659,69.049171,87.976265,126.800003,56.312027
2018-01-31,247.481186,69.255089,57.063244,42.278637,84.146729,95.793633,69.049171,88.159782,127.650002,57.322094
2018-02-01,247.200211,69.545357,57.225533,41.706970,83.883057,94.405342,69.021057,87.770355,128.070007,56.088360
2018-02-02,241.818710,68.164467,56.066341,40.638203,83.633392,93.529350,69.029320,87.321236,126.389999,55.612171
2018-02-05,231.705246,65.481880,53.717026,39.213169,83.968872,94.413162,69.153366,87.372787,126.709999,53.959961
2018-02-06,236.270340,66.299850,54.775764,40.489063,83.727036,93.826538,69.103745,87.196091,125.379997,53.967175
2018-02-07,234.988556,66.335030,54.196167,39.213169,83.539810,92.934906,69.054146,86.953163,124.790001,53.736294
2018-02-08,226.174438,64.514359,52.781956,37.854424,83.399338,92.833237,69.062386,86.577690,124.980003,52.192329
2018-02-09,229.571976,65.209206,53.006062,38.459229,83.290100,92.246574,69.120224,86.297943,124.769997,53.498219
2018-02-12,232.943024,65.842461,53.817505,39.064041,83.313530,92.653313,69.087196,86.297943,125.370003,53.519871
2018-02-13,233.522476,65.886444,53.655216,39.362289,83.336929,93.067894,69.087196,86.268486,126.080002,53.895020
2018-02-14,236.674210,67.100227,54.605762,40.348221,83.056061,92.035423,68.987953,85.951942,128.229996,53.505421
2018-02-15,239.694229,67.777473,54.945786,41.176735,83.157486,92.348274,68.963188,86.356842,128.380005,54.024891
2018-02-16,239.764343,68.014961,55.193077,41.044167,83.321335,92.848862,68.979744,86.614479,127.959999,54.320713
2018-02-20,238.263260,67.425652,54.675304,40.480789,83.235542,92.442146,68.971451,86.246407,126.239998,53.678585
2018-02-21,237.078018,67.575195,54.412552,40.447647,82.970253,91.308006,68.979744,85.775238,125.660004,52.617996
2018-02-22,237.385223,67.522430,54.698494,40.472496,82.978081,91.581787,68.987953,85.893044,126.300003,53.216839
2018-02-23,241.169128,68.393181,55.131245,41.193302,83.188721,92.395233,69.004509,86.290565,126.139999,54.068180
2018-02-26,243.969559,68.859299,55.649025,41.574413,83.251152,92.426498,69.012772,86.400986,126.449997,54.219700
2018-02-27,240.923157,67.856636,54.822136,40.364792,83.071701,92.293533,68.963188,86.025551,125.129997,52.957096
2018-02-28,238.482635,66.616501,54.304363,39.784843,83.297920,92.880157,68.979744,86.187508,125.000000,52.921024
2018-03-01,235.014877,66.343811,53.392456,39.710281,83.372192,93.514168,69.075706,86.098930,124.720001,52.971516
2018-03-02,236.226425,67.434464,53.647488,39.875969,83.239304,92.753944,69.042625,85.825752,125.389999,52.949879
2018-03-05,238.956741,67.927010,53.933422,39.933971,83.192345,92.503166,69.042625,85.796204,125.180000,53.548717
2018-03-06,239.562485,68.744965,54.250263,40.306805,83.207985,92.589378,69.026047,85.870026,126.529999,53.801239
2018-03-07,239.474686,69.246307,54.234821,40.348221,83.192345,92.487488,69.026047,85.840508,125.720001,54.133106
2018-03-08,240.633484,69.140732,54.350742,40.356510,83.325302,93.020439,69.042625,86.010277,125.419998,54.234127
2018-03-09,244.821075,70.196205,54.698494,41.218151,83.168953,92.409126,69.009514,85.707626,125.540001,54.529938
2018-03-12,244.513809,70.460098,54.760315,41.317574,83.215797,92.942062,69.042625,85.818375,125.540001,54.768032
2018-03-13,242.933640,70.231407,54.397095,40.944744,83.325302,93.412285,69.059120,85.825752,125.779999,54.818535
2018-03-14,241.686951,69.897194,54.528481,41.011017,83.466019,94.235237,69.050903,86.017685,125.699997,54.869049
2018-03-15,241.423645,69.589348,54.497566,40.861900,83.473862,94.235237,69.059120,86.106308,124.900002,54.854622
2018-03-16,241.685425,70.108253,54.458920,40.770760,83.426933,93.898178,69.026047,86.202278,124.599998,55.236996
2018-03-19,238.415359,69.492577,54.018429,40.331657,83.340927,93.600403,69.026047,85.914352,124.870003,54.760815
2018-03-20,238.820816,69.474960,54.010708,40.779053,83.207985,93.224205,69.001236,85.611656,124.309998,54.573231
2018-03-21,238.362442,69.774040,54.095699,41.019314,83.200180,93.326073,69.050903,85.559967,126.480003,54.169197
2018-03-22,232.404114,68.335159,53.091072,39.652283,83.356552,94.250900,69.083977,85.707626,125.980003,53.851738
2018-03-23,227.450439,66.861885,52.503754,38.848625,83.356552,94.180351,69.100533,85.434418,127.610001,52.892159
2018-03-26,233.673309,68.370453,53.446560,40.107960,83.325302,93.819824,69.067490,85.737114,128.279999,53.493904
2018-03-27,229.698105,67.214790,53.052429,39.378868,83.567665,94.822990,69.117088,86.047211,127.489998,53.697891
2018-03-28,229.019409,67.302994,53.361561,39.180035,83.614563,95.073822,69.125389,86.276062,125.730003,55.045605
2018-03-29,231.945709,67.938179,53.848415,40.000259,83.856995,95.536224,69.150200,86.667397,125.790001,54.980053
2018-04-02,226.939270,66.385498,53.106529,39.279453,83.773132,95.724678,69.170090,86.620689,127.260002,54.236984
2018-04-03,229.847916,67.382408,53.446560,39.668846,83.679070,94.986427,69.136879,86.391205,126.300003,54.695934
2018-04-04,232.307114,68.229309,53.632027,39.685417,83.710419,94.790031,69.095512,86.391205,126.449997,55.271431
2018-04-05,234.140533,68.961533,53.987522,39.784843,83.592903,94.083229,69.112083,86.420845,125.800003,55.249588
2018-04-06,228.922485,67.717628,53.632027,39.006042,83.781013,95.112030,69.170090,86.679977,126.389999,54.834347
2018-04-09,230.050690,67.541183,54.072540,39.047470,83.851463,95.269135,69.161774,86.724373,126.820000,54.659504
2018-04-10,233.708572,68.820374,54.652130,39.809696,83.788826,95.096382,69.128670,86.746635,127.120003,54.601223
2018-04-11,232.483353,68.935066,54.443470,39.826260,83.859306,95.434097,69.128670,86.805817,128.110001,54.717793
2018-04-12,234.396011,69.279099,54.652130,39.809696,83.671234,94.735092,69.087212,86.568901,126.620003,54.105846
2018-04-13,233.708572,69.032082,54.706219,39.412006,83.694771,94.954956,69.070702,86.598549,127.449997,54.389961
2018-04-16,235.630096,69.799644,54.791222,39.461727,83.710419,94.986427,69.062370,86.605949,127.629997,54.725090
2018-04-17,238.150986,70.461288,55.038525,39.544579,83.733948,95.245583,69.062370,86.613350,127.750000,55.366158
2018-04-18,238.327209,70.717094,55.324440,39.884262,83.498848,94.483772,69.004356,86.169075,127.849998,55.249588
2018-04-19,237.005112,70.161316,55.115799,39.652283,83.295097,93.714096,69.004356,85.843307,127.599998,54.448238
2018-04-20,234.995392,69.746696,54.907150,39.155174,83.067802,93.038582,68.979538,85.495308,126.629997,53.945583
2018-04-23,234.960205,69.720215,54.837589,38.840351,83.028664,93.062172,68.971230,85.458305,125.620003,53.901863
2018-04-24,231.795898,69.393806,54.613491,38.658073,82.918930,92.638062,68.987808,85.206558,126.230003,54.105846
2018-04-25,232.368805,69.279099,54.520756,38.359814,82.809250,92.017624,68.979538,84.939995,125.410004,54.003845
2018-04-26,234.731064,69.499695,54.791222,38.914909,82.950310,92.661644,68.996094,85.191734,124.970001,54.710503
2018-04-27,234.951370,69.270287,54.845318,39.155174,83.052139,93.376328,69.012665,85.384254,125.500000,55.650265
2018-04-30,233.144470,68.652756,54.667572,38.873486,83.067802,93.541260,68.987808,85.310211,124.589996,55.431713
2018-05-01,233.558762,68.952698,54.474377,38.682922,82.997162,93.204391,68.957108,85.079285,123.709999,55.934406
2018-05-02,231.989853,69.120331,54.451195,38.376381,82.997162,93.102066,68.981987,85.012466,123.650002,55.730404
2018-05-03,231.478577,68.696877,54.621204,38.293533,83.091347,93.519287,69.031769,85.027344,124.279999,55.693970
2018-05-04,234.475403,69.543785,54.814415,38.467518,83.146362,93.660942,69.006889,85.146088,124.540001,56.305931
2018-05-07,235.268692,70.081932,54.822136,38.243813,83.107109,93.511360,69.006889,85.049614,124.570000,56.684738
2018-05-08,235.268692,70.681793,54.829865,38.459229,83.012840,93.424805,69.015190,85.019875,124.589996,56.400631
2018-05-09,237.542755,71.078819,54.961243,38.533794,82.918579,92.865944,68.981987,85.005035,124.330002,56.779438
2018-05-10,239.763885,71.458153,55.316734,39.337444,83.107109,93.613716,68.981987,85.435699,125.180000,57.223824
2018-05-11,240.495560,71.572861,55.463551,39.271168,83.146362,93.849854,68.981987,85.584236,125.000000,57.027130
2018-05-14,240.610077,71.264076,55.564030,39.320881,83.067833,93.353920,68.981987,85.428284,124.489998,56.539047
2018-05-15,238.953003,71.299370,55.162163,38.508945,82.698685,92.291321,68.940514,84.782249,122.480003,55.621120
2018-05-16,239.957764,72.146240,55.239449,39.088894,82.604431,91.937119,68.940514,84.670898,122.290001,55.453575
2018-05-17,239.755127,72.587349,55.324440,38.492371,82.494484,91.472664,68.957108,84.507561,122.360001,55.176743
2018-05-18,239.155731,72.737350,55.123520,38.169262,82.706566,92.259796,68.990295,84.856514,122.410004,55.249588
2018-05-21,240.953888,73.407791,55.471287,38.401234,82.714386,92.307068,68.990295,84.908524,122.480003,55.905243
2018-05-22,240.283997,72.807930,55.401737,38.533794,82.714386,92.165375,68.990295,84.819389,122.410004,55.985397
2018-05-23,240.945114,72.878479,54.791222,38.517223,82.942146,92.834366,69.048386,85.183228,122.540001,56.546326
2018-05-24,240.451462,72.896141,54.621204,38.310093,83.169945,93.574318,69.089828,85.420876,123.589996,56.429764
2018-05-25,239.878540,72.790268,54.265728,38.467518,83.350594,94.156830,69.147896,85.673309,123.209999,56.626461
2018-05-29,237.119675,72.834389,53.160625,37.572735,83.900391,96.219124,69.346970,86.126274,123.190002,56.896008
2018-05-30,240.283997,73.857742,53.972061,37.870995,83.688316,95.573624,69.264061,85.792122,123.370003,57.668221
2018-05-31,238.812012,73.081398,53.632027,37.854424,83.617630,95.416199,69.230858,85.754959,123.099998,57.471539
2018-06-01,241.156601,73.584267,54.095699,38.384674,83.514503,94.912086,69.177711,85.590385,122.489998,57.726513
2018-06-04,242.302444,74.431168,54.257992,38.774063,83.317688,94.225677,69.119530,85.396698,122.370003,58.229164
2018-06-05,242.478683,74.969322,54.172981,38.475803,83.380676,94.446579,69.161057,85.456306,122.849998,58.076180
2018-06-06,244.505966,75.445686,54.659851,39.055748,83.191719,93.681320,69.136139,85.143463,122.919998,58.214596
2018-06-07,244.479507,75.163383,54.350742,38.459229,83.372810,94.588608,69.202629,85.426514,122.860001,58.214596
2018-06-08,245.202301,75.348656,54.412552,38.384674,83.254715,94.304573,69.185997,85.285004,123.010002,58.425877
2018-06-11,245.528427,75.560371,54.760315,38.384674,83.168083,94.130974,69.161057,85.203049,123.230003,58.338448
2018-06-12,245.845795,75.639771,54.412552,38.285240,83.191719,94.154633,69.127884,85.210510,122.820000,58.688129
2018-06-13,245.061310,75.189857,54.489838,38.028416,83.112999,94.107315,69.094620,85.128593,123.190002,57.544384
2018-06-14,245.678253,75.445686,54.373913,37.771572,83.325577,94.888405,69.119530,85.515892,123.379997,58.090752
2018-06-15,245.364899,75.472153,54.095699,37.473301,83.357056,94.975182,69.152786,85.396698,121.339996,58.054337
2018-06-18,244.860168,75.913239,53.709301,37.017635,83.372810,94.888405,69.169365,85.307343,121.110001,58.070511
2018-06-19,243.921661,75.842697,53.215919,36.609016,83.459389,95.440697,69.194313,85.352028,120.800003,58.011696
2018-06-20,244.337875,76.433746,53.255337,36.767456,83.301941,94.604378,69.161057,84.875328,120.260002,58.658707
2018-06-21,242.806122,75.675049,52.877018,36.250431,83.325577,95.101402,69.202629,84.808311,120.050003,58.938107
2018-06-22,243.248810,75.657425,53.436615,36.625687,83.404297,95.093552,69.210945,84.912560,120.339996,59.401310
2018-06-25,239.937500,74.484108,52.695747,36.133678,83.357056,95.306587,69.235855,84.830643,119.889999,59.246925
2018-06-26,240.468704,74.941528,52.790329,35.991909,83.490898,95.440697,69.235855,85.113701,119.260002,59.438076
2018-06-27,238.476639,73.888626,52.293800,35.299759,83.640442,96.340103,69.277344,85.404152,118.580002,59.210140
2018-06-28,239.840057,74.083282,52.490814,35.599968,83.632614,96.363785,69.277344,85.292450,118.220001,59.739525
2018-06-29,240.185379,73.844391,52.782459,36.133678,83.703445,96.032417,69.260765,85.337135,118.650002,59.886585
2018-07-02,240.698868,74.614151,52.301670,35.775089,83.623772,95.957298,69.252434,85.348328,117.459999,59.555729
2018-07-03,239.848907,74.799965,52.459305,35.800114,83.797333,96.471283,69.277412,85.662109,118.650002,60.004223
2018-07-05,241.805679,75.711296,52.979481,35.708378,83.876228,96.748024,69.269096,85.931084,119.050003,60.717442
2018-07-06,243.850830,76.286407,53.263214,36.200390,83.963005,97.064316,69.285721,86.050613,118.860001,61.040932
2018-07-09,246.046600,76.852669,53.775513,36.850842,83.884117,96.439651,69.244125,86.110367,119.150002,60.555679
2018-07-10,246.931961,76.489906,53.751865,36.767456,83.820992,96.431717,69.235840,86.013260,118.930000,60.680672
2018-07-11,245.125778,75.852898,52.853374,36.050293,83.852562,96.803391,69.260788,86.185066,117.639999,60.482151
2018-07-12,247.348099,76.029808,53.263214,36.542297,83.955109,96.795464,69.252434,86.371864,118.129997,60.665962
2018-07-13,247.542892,75.959045,53.428734,36.567318,84.034027,97.040588,69.269096,86.439110,117.610001,60.482151
2018-07-16,247.321533,75.693604,53.405087,36.367180,83.939369,96.637291,69.252434,86.297134,117.550003,60.158627
2018-07-17,248.321976,76.109459,53.499660,36.634029,83.907791,96.455444,69.244125,86.237404,116.279999,59.761600
2018-07-18,248.844360,76.419151,53.507549,36.592335,83.884117,96.068024,69.235840,86.222404,116.309998,59.496902
2018-07-19,247.905884,77.011932,53.397205,36.142017,84.010353,96.676865,69.269096,86.356926,115.809998,60.195381
2018-07-20,247.622528,76.728806,53.649414,36.659050,83.844650,95.490723,69.269096,86.102898,116.559998,59.614544
2018-07-23,248.083054,76.755363,53.649414,36.417206,83.552780,94.312553,69.227486,85.759254,116.000000,59.489548
2018-07-24,249.331314,76.038673,53.964676,36.950916,83.671097,94.636703,69.235840,86.028198,116.040001,59.188095
2018-07-25,251.456223,76.197929,54.366627,37.551338,83.679031,94.486511,69.210861,86.140251,116.680000,59.658642
2018-07-26,250.863037,77.011932,54.122295,37.134392,83.631653,94.304657,69.210861,86.222404,115.769997,59.857155
2018-07-27,249.163132,75.693604,54.224758,37.267807,83.694778,94.462761,69.219147,86.334511,115.830002,59.217514
2018-07-30,247.861557,75.348541,54.216885,37.209431,83.608002,94.138550,69.219147,86.214973,115.650002,59.254265
2018-07-31,249.083450,76.233322,54.287807,37.409569,83.679031,94.652580,69.219147,86.483925,115.989998,60.246864
2018-08-01,248.667267,76.206757,54.011963,37.076004,83.592804,93.881393,69.225830,86.178955,115.139999,60.673309
2018-08-02,250.021927,76.879234,53.657295,36.583992,83.624413,94.016151,69.267479,86.283852,114.519997,60.430672
2018-08-03,251.093246,76.631470,53.688824,36.867527,83.806328,94.483749,69.275833,86.553596,114.919998,61.085049
2018-08-06,252.014114,77.135803,53.460258,36.583992,83.861702,94.539215,69.292511,86.636040,114.330002,61.004185
2018-08-07,252.846268,77.286217,53.877979,36.959255,83.711403,94.047882,69.267479,86.366295,114.589996,60.893879
2018-08-08,252.740021,77.241982,53.830688,36.909218,83.711403,94.142975,69.275833,86.231407,114.910004,60.540955
2018-08-09,252.394836,77.330467,53.673058,36.800816,83.830063,94.935509,69.317520,86.298859,114.739998,60.570366
2018-08-10,250.703644,77.171196,52.601162,36.016926,84.011971,95.624954,69.384193,86.441216,114.690002,60.107178
2018-08-13,249.765182,76.826134,52.412018,35.424854,84.059402,95.426842,69.367516,86.418755,112.959999,59.989517
2018-08-14,251.358826,77.817093,52.404129,35.641670,83.980293,95.212837,69.367516,86.531136,113.070000,60.283611
2018-08-15,249.481812,76.914612,51.647514,34.615944,84.098961,95.767624,69.400833,86.710999,111.190002,60.746845
2018-08-16,251.500565,77.542816,52.010052,34.832771,84.146393,95.759705,69.384193,86.823357,111.099998,61.239464
2018-08-17,252.385895,78.029434,52.317440,35.199692,84.193840,95.878578,69.409203,86.898285,112.129997,61.805611
2018-08-20,252.925995,78.294853,52.601162,35.358139,84.359924,96.520500,69.450851,87.123100,112.690002,61.849728
2018-08-21,253.519089,79.223907,52.924313,35.808445,84.288712,96.195564,69.434196,86.905800,113.019997,61.474739
2018-08-22,253.368576,79.383148,53.129234,36.091976,84.359924,96.576004,69.450851,86.898285,113.269997,61.129177
2018-08-23,253.032242,79.144279,52.750919,35.508247,84.312447,96.726570,69.442520,86.928261,112.199997,60.974777
2018-08-24,254.555008,79.427391,53.058304,36.167030,84.407425,96.916733,69.450851,87.100632,114.160004,61.335037
2018-08-27,256.564911,79.480469,53.767639,36.684067,84.296616,96.362030,69.425880,86.965744,114.589996,61.114456
2018-08-28,256.688782,79.480469,53.720352,36.550644,84.138504,95.783455,69.400833,86.636040,113.680000,61.937958
2018-08-29,258.069977,79.648590,54.011963,36.775795,84.122658,95.910263,69.392517,86.546127,114.199997,61.952663
2018-08-30,257.025360,79.445076,53.499660,35.816792,84.162186,96.116318,69.442520,86.628540,113.639999,61.555618
2018-08-31,257.034088,79.905197,53.074055,36.000248,84.154282,95.894424,69.459198,86.501167,113.510002,61.798264
2018-09-04,256.591492,79.568954,52.624802,35.299759,84.060760,95.339973,69.443329,86.341820,112.930000,61.063004
2018-09-05,255.900803,79.489326,52.144051,34.791077,84.021149,95.085808,69.443329,86.289223,113.320000,61.415901
2018-09-06,255.130569,78.896545,51.986412,34.824425,84.163765,95.435310,69.468376,86.529709,113.540001,61.592365
2018-09-07,254.634644,78.719566,51.568691,34.649300,83.862625,94.625137,69.393250,86.168961,113.230003,60.923294
2018-09-10,255.077438,78.808052,51.883953,34.307392,83.941864,94.974632,69.401596,86.454575,113.150002,61.195339
2018-09-11,255.918488,78.834625,51.931240,34.382446,83.799225,94.251778,69.359856,86.259155,113.220001,61.187992
2018-09-12,255.980453,78.586853,52.151917,34.557571,83.854698,94.474213,69.359856,86.432007,114.169998,61.217400
2018-09-13,257.494507,78.595703,52.538120,35.024567,83.910126,94.617210,69.368233,86.612404,113.760002,61.518852
2018-09-14,257.538757,79.161980,52.616928,34.991215,83.751671,94.164391,69.343178,86.507156,113.019997,61.129177
2018-09-17,256.175354,78.286041,52.664219,34.674320,83.751671,94.164391,69.326439,86.454575,113.610001,61.327702
2018-09-18,257.565399,78.507233,53.215919,35.007885,83.569366,93.179497,69.318161,86.101295,113.440002,61.033573
2018-09-19,257.839752,78.011749,53.405087,35.491570,83.410866,92.623466,69.301414,85.973534,113.879997,60.320396
2018-09-20,259.929260,78.684174,54.067131,35.883499,83.521805,93.052406,69.326439,86.199043,114.269997,60.886539
2018-09-21,259.691833,78.250641,54.090775,36.050293,83.585220,93.012703,69.309776,86.214081,113.489998,60.864471
2018-09-24,258.829132,77.728607,53.846447,35.641670,83.505966,92.774429,69.309776,86.018631,113.470001,59.771481
2018-09-25,258.589020,77.772850,54.114414,35.783436,83.466316,92.679115,69.318161,86.018631,113.650002,59.778934
2018-09-26,257.815186,77.113319,54.138065,35.858482,83.664467,93.330414,69.326439,86.326782,113.050003,59.063210
2018-09-27,258.535553,77.139946,54.027725,36.033611,83.719978,93.393967,69.326439,86.439545,112.050003,59.346519
2018-09-28,258.562378,77.441734,53.586361,35.791767,83.632790,93.147728,69.359856,86.379395,112.760002,60.151707
2018-10-01,259.460632,76.287735,53.649414,35.800114,83.610527,92.463882,69.340607,86.260277,112.570000,59.592556
2018-10-02,259.309357,75.471077,53.373554,35.349792,83.705872,93.029106,69.365700,86.335670,113.870003,59.458336
2018-10-03,259.451660,76.136841,53.278973,35.057926,83.308617,91.413086,69.332237,85.830582,113.419998,58.824638
2018-10-04,257.423920,75.231415,52.656345,34.182308,83.070259,90.768265,69.315575,85.476250,113.480003,58.332542
2018-10-05,255.983109,74.396980,52.341087,34.057220,82.887573,89.988098,69.307213,85.144516,113.800003,58.302727
2018-10-08,255.983109,74.334877,52.088875,34.107258,82.855782,89.685555,69.290504,85.054108,112.540001,59.145199
2018-10-09,255.609558,74.104042,51.954891,33.982166,82.974968,90.593140,69.315575,85.295319,112.599998,59.227234
2018-10-10,247.516190,72.080116,50.851475,32.973125,82.951134,90.346321,69.332237,85.061615,112.879997,58.347466
2018-10-11,242.064194,70.517807,50.142143,32.639557,83.197380,91.444946,69.357338,85.415924,115.779999,56.677410
2018-10-12,245.426147,70.393517,50.323410,33.598572,83.221245,91.126511,69.357338,85.430992,115.230003,56.528297
2018-10-15,244.047546,70.721962,50.205193,33.239983,83.165634,91.086693,69.382454,85.272705,116.000000,56.908527
2018-10-16,249.383850,72.648247,51.064270,34.073910,83.213318,91.293655,69.357338,85.491325,115.800003,58.079060
2018-10-17,249.428299,72.284317,50.772663,33.656937,83.046410,90.752350,69.357338,85.069160,115.790001,57.855408
2018-10-18,245.826355,70.908371,49.952988,32.772984,82.990845,90.720497,69.399147,85.069160,115.919998,57.743568
2018-10-19,245.692886,70.215973,50.236725,33.081535,82.919373,90.521477,69.357338,84.963593,116.010002,58.243099
2018-10-22,244.590103,70.153839,50.016033,33.440117,82.903419,90.402077,69.340607,84.858047,115.709999,57.430431
2018-10-23,243.344864,69.603477,49.543140,33.073200,83.006714,90.688629,69.382454,84.978661,116.389999,57.683918
2018-10-24,235.971909,67.153465,48.140244,32.005783,83.221245,91.373291,69.491112,85.099319,116.660004,58.228176
2018-10-25,240.205383,68.618118,48.747120,32.622879,83.149712,90.991188,69.466049,84.993790,116.400002,58.973724
2018-10-26,235.980759,67.970139,48.416096,32.247620,83.340401,91.540428,69.507858,85.136993,116.769997,57.557175
2018-10-29,234.673370,67.774826,48.282101,31.688892,83.252991,91.333511,69.532959,85.039009,116.309998,58.287815
2018-10-30,238.150925,69.337196,48.865341,32.306000,83.133820,90.879715,69.499496,84.850533,115.800003,59.085579
2018-10-31,240.694534,69.283928,49.227890,32.656242,83.094131,90.418015,69.466049,84.609276,115.150002,58.392197
2018-11-01,243.255905,70.624336,49.858414,33.823727,83.304092,90.501793,69.504585,84.865685,116.629997,58.668053
2018-11-02,241.815201,71.041542,49.929333,34.040546,83.056610,89.376625,69.420807,84.525299,116.650002,58.183422
2018-11-05,243.149277,71.112564,49.929333,34.132267,83.112488,89.727699,69.445915,84.676605,116.370003,59.048267
2018-11-06,244.687897,71.512009,50.134266,34.073910,83.120461,89.671852,69.429199,84.820305,116.040001,59.346519
2018-11-07,249.926331,72.390808,50.804188,34.716015,83.192360,89.791550,69.404053,85.039619,116.029999,60.054821
2018-11-08,249.472748,72.239899,50.307663,33.815384,83.040634,89.783585,69.395721,84.790070,115.779999,60.099552
2018-11-09,247.035919,70.988281,49.976624,33.189941,83.144409,90.453888,69.429199,84.850555,114.480003,60.092079
2018-11-12,242.419876,69.701118,49.156948,32.722961,83.280136,91.044418,69.479485,84.843018,113.660004,60.211372
2018-11-13,241.966309,69.550209,49.369751,33.098209,83.312088,90.988548,69.487839,84.729546,113.699997,60.151707
2018-11-14,240.312103,69.079742,49.409164,33.298359,83.320084,91.044418,69.538109,84.502632,114.639999,60.002613
2018-11-15,242.820145,70.002945,49.566788,34.040546,83.423859,91.004532,69.571602,84.343758,114.769997,59.592556
2018-11-16,243.451691,70.224838,49.621964,34.107258,83.559570,91.531242,69.621880,84.510170,115.620003,60.233719
2018-11-19,239.333801,69.061981,49.188484,33.648594,83.551598,91.786575,69.680504,84.427002,115.669998,60.315742
2018-11-20,234.904633,67.730461,48.337273,32.923100,83.519691,91.818459,69.663734,84.222717,115.669998,59.696926
2018-11-21,235.705032,68.431732,49.015079,33.531857,83.575554,91.786575,69.663734,84.404297,115.860001,59.749111
2018-11-23,234.130844,68.422852,48.691944,33.139912,83.551598,91.882294,69.646996,84.442123,115.769997,59.629829
2018-11-26,237.910782,69.053108,49.424927,33.548527,83.535637,91.674866,69.655373,84.479927,115.639999,59.741653
2018-11-27,238.711197,68.547150,49.235764,33.782032,83.559570,91.778542,69.663734,84.374062,114.949997,59.995155
2018-11-28,244.207626,70.207100,49.937222,34.590927,83.719276,91.331703,69.688835,84.600929,115.379997,60.531952
2018-11-29,243.673950,69.860916,49.685013,34.290714,83.759132,91.690804,69.705635,84.358871,115.739998,60.546852
2018-11-30,245.159225,70.393517,49.472210,34.257359,83.735222,92.033958,69.730759,84.305954,115.540001,61.120953
2018-12-03,248.405518,70.819611,50.126377,34.949520,83.872078,92.687447,69.673683,84.619331,116.410004,61.449009
2018-12-04,240.356537,67.623955,48.825935,34.207333,84.096191,94.239159,69.724007,84.634483,117.120003,60.539417
2018-12-06,239.991974,67.384270,48.368801,33.890438,84.304230,94.535065,69.791161,84.892509,117.139999,62.037983
2018-12-07,234.415451,66.114845,47.880150,33.256668,84.416267,94.711052,69.866608,84.900070,118.089996,61.225327
2018-12-10,234.860214,65.679901,47.509724,32.906418,84.472313,95.103004,69.866608,85.158081,117.680000,60.830173
2018-12-11,234.913605,65.617790,47.659470,33.156582,84.496323,95.086990,69.799522,85.309807,117.540001,60.860001
2018-12-12,236.096420,66.265778,48.360920,33.698635,84.432289,94.663063,69.791161,85.400879,117.790001,59.920601
2018-12-13,236.016373,65.253815,48.274223,33.690300,84.456291,94.439125,69.858261,85.628502,117.529999,60.266884
2018-12-14,231.658386,64.241844,47.651585,33.214970,84.480309,94.767082,69.900200,85.537476,117.059998,60.093376
2018-12-17,227.113617,62.744797,47.273277,32.906418,84.624382,95.318962,69.967339,85.628502,117.870003,57.829967
2018-12-18,226.864609,62.825050,47.311508,33.129879,84.872925,95.889801,70.008514,85.934502,118.150002,58.425995
2018-12-19,223.467133,61.442978,46.857437,32.579685,84.953201,97.156563,70.025330,85.865982,117.430000,57.784687
2018-12-20,219.829575,60.578106,46.666248,32.833622,84.872925,96.803833,70.016968,85.584366,119.239998,56.917057
2018-12-21,215.325363,59.178226,45.853687,32.605080,84.832863,96.787781,70.067337,85.500633,118.720001,56.124870
2018-12-24,209.635803,58.081493,45.319958,32.300350,84.889023,97.268822,70.126167,85.302757,120.019997,54.125534
2018-12-26,220.227646,60.783176,46.371487,32.943653,84.728615,96.226532,70.058922,85.234261,119.660004,55.936256
2018-12-27,221.918427,61.148743,46.506924,32.901333,84.864944,96.242584,70.134575,85.234261,120.570000,55.928703
2018-12-28,221.632141,61.434090,46.753872,33.214527,85.177719,97.052338,70.235374,85.637657,121.059998,56.109776
2018-12-31,223.573380,61.808578,46.825569,33.062168,85.394173,97.421188,70.260605,85.873619,121.250000,56.260670
2019-01-02,223.805908,62.093884,46.729977,33.146797,85.458344,97.934311,70.268951,86.140022,121.330002,55.038437
2019-01-03,218.465363,60.934731,46.307762,32.545822,85.811195,99.048737,70.411812,86.178078,122.430000,55.423203
2019-01-04,225.782974,63.137104,47.725758,33.595421,85.554573,97.902222,70.260605,86.124771,121.440002,56.072056
2019-01-07,227.563217,63.975266,47.908978,33.671608,85.410248,97.613556,70.210167,86.132408,121.860001,56.622814
2019-01-08,229.701248,64.947128,48.219662,33.798565,85.346077,97.357040,70.168175,86.322678,121.529999,57.792225
2019-01-09,230.774750,65.606941,48.761372,34.399548,85.418243,97.204712,70.201744,86.650002,122.309998,57.709251
2019-01-10,231.588806,65.838768,48.952557,34.645020,85.322029,96.579338,70.210167,86.421608,121.589996,58.493893
2019-01-11,231.678284,65.972542,48.617973,34.475727,85.442299,96.956116,70.252197,86.581505,121.800003,58.659885
2019-01-14,230.264786,65.410820,48.394924,34.187931,85.322029,96.595360,70.252197,86.353119,122.089996,58.463703
2019-01-15,232.903839,65.856606,48.649837,34.424938,85.338051,96.242584,70.277351,86.406448,121.879997,59.022030
2019-01-16,233.467453,66.364853,48.785267,34.848167,85.410248,96.338821,70.260605,86.573868,122.269997,59.436985
2019-01-17,235.238663,67.006836,48.960518,35.000519,85.346077,96.362892,70.252197,86.748932,122.110001,59.723675
2019-01-18,238.369736,67.684456,49.454437,35.169804,85.281914,95.857742,70.193390,86.901154,121.019997,59.927387
2019-01-22,235.149200,66.561020,48.689671,34.560368,85.354095,96.507164,70.252197,87.045799,121.449997,59.746311
2019-01-23,235.641251,66.445107,48.912727,34.915874,85.442299,96.467087,70.235374,87.266487,121.279999,59.753849
2019-01-24,235.766495,66.819611,48.968494,35.254456,85.586647,97.100449,70.294197,87.494858,121.089996,59.957558
2019-01-25,237.761414,67.550728,49.526123,35.719997,85.546555,96.635429,70.243790,87.570992,122.860001,60.704494
2019-01-28,235.954376,67.140579,49.255272,35.347557,85.498436,96.539253,70.252197,87.555771,123.290001,61.300514
2019-01-29,235.641251,67.131645,49.366802,35.406815,85.722977,97.028282,70.285820,87.746033,123.980003,61.783375
2019-01-30,239.371597,67.827164,49.908504,36.177078,85.915413,96.956116,70.378242,88.149490,124.690002,62.281338
2019-01-31,241.473892,68.379967,49.932404,36.481796,86.172050,97.789955,70.437065,88.765999,124.750000,62.930183
2019-02-01,241.590210,68.317574,49.916470,36.194016,85.993561,97.199356,70.354523,88.554512,124.500000,62.530315
2019-02-04,243.289917,69.191360,50.099701,36.253262,85.921204,96.765450,70.354523,88.432358,123.959999,62.998051
2019-02-05,244.309753,69.244858,50.490036,36.752663,86.106102,97.207359,70.354523,88.791206,124.279999,63.360218
2019-02-06,243.987686,69.146767,50.235126,36.253262,86.057877,97.255577,70.388229,88.623222,123.440002,62.945263
2019-02-07,241.661804,68.531509,49.565952,35.889290,86.098053,97.898438,70.438728,88.607979,123.739998,63.465851
2019-02-08,241.956985,68.495880,49.406635,35.686142,86.291000,98.316338,70.463997,88.829376,124.209999,63.465851
2019-02-11,242.091156,69.057602,49.358837,35.567635,86.202591,97.930595,70.438728,88.630867,123.599998,63.639359
2019-02-12,245.204315,69.993843,49.932404,35.863895,86.218681,97.681427,70.430305,88.752998,123.860001,63.239487
2019-02-13,246.000443,70.270241,49.940376,35.609966,86.065956,97.311867,70.379807,88.523972,123.370003,63.563934
2019-02-14,245.454803,70.430733,49.956299,35.677677,86.194550,97.866287,70.472404,88.623222,124.059998,63.767635
2019-02-15,248.129593,71.482857,50.681225,35.626888,86.258858,98.018974,70.438728,88.730095,124.800003,64.197655
2019-02-19,248.558990,71.875183,50.872417,35.906223,86.307083,98.268127,70.489220,88.783531,126.699997,64.182587
2019-02-20,249.060013,72.383400,51.015812,36.109360,86.315117,97.986877,70.480782,88.707245,126.480003,63.782726
2019-02-21,248.174271,72.044601,50.912254,36.033188,86.122215,97.110939,70.455559,88.455292,125.050003,63.843060
2019-02-22,249.713028,72.374519,51.079544,36.431011,86.339233,97.689484,70.506096,88.852295,125.500000,64.220306
2019-02-25,250.052948,72.214012,51.230896,36.837311,86.315117,97.400253,70.497604,88.821747,125.370003,63.714813
2019-02-26,249.873947,71.518532,51.477856,36.710339,86.411621,97.882362,70.531273,88.959114,125.580002,63.518654
2019-02-27,249.766693,71.625542,51.270744,36.397156,86.226700,96.773438,70.514488,88.707245,124.690002,63.201767
2019-02-28,249.301529,71.349121,51.199032,35.923138,86.073936,96.443977,70.497604,88.585075,123.989998,63.367760
2019-03-01,250.858002,71.759270,51.477856,35.965473,85.934532,95.552559,70.450462,88.430336,121.879997,63.171608
2019-03-04,249.945572,71.019203,51.286659,36.016251,86.039276,96.301468,70.467285,88.629478,121.559998,63.458294
2019-03-05,249.605637,70.724976,51.334461,36.371765,86.095764,96.502777,70.475731,88.660126,121.720001,63.631824
2019-03-06,248.093796,69.334007,51.207005,36.168610,86.224686,96.857109,70.526329,88.744339,121.610001,63.337566
2019-03-07,246.018387,68.611786,50.553776,35.499928,86.466431,97.485191,70.585320,89.035423,121.510002,63.201767
2019-03-08,245.526352,68.540451,50.561737,35.245987,86.579308,97.895859,70.610649,89.150215,122.839996,63.269691
2019-03-11,249.086823,69.637184,50.999878,35.906223,86.587341,97.606003,70.593765,89.249802,122.239998,64.197655
2019-03-12,250.025986,69.530174,50.968014,36.092442,86.748474,98.290459,70.619072,89.494873,122.980003,64.491920
2019-03-13,251.681076,69.797684,51.406158,36.134754,86.708191,98.105240,70.627533,89.349335,123.839996,64.808792
2019-03-14,251.520020,69.503448,51.398190,35.940079,86.579308,97.396599,70.644348,89.173218,122.410004,64.906860
2019-03-15,252.762665,69.521263,51.955826,36.464870,86.796852,98.040825,70.669693,89.494873,122.970001,64.703163
2019-03-18,253.679123,70.065186,52.139050,36.871162,86.780754,97.984474,70.652832,89.448906,123.040001,64.378761
2019-03-19,253.742065,69.556938,52.242611,36.888100,86.732368,97.767082,70.644348,89.464256,123.379997,64.182587
2019-03-20,252.978333,69.038033,52.266514,36.947346,87.086945,98.789726,70.745590,90.069237,124.180000,64.378761
2019-03-21,255.835724,69.941597,52.234646,36.998131,87.103119,99.007126,70.745590,90.237724,123.680000,65.525543
2019-03-22,250.911774,67.391937,51.230896,35.914688,87.538330,100.545174,70.863632,90.789101,123.970001,65.050232
2019-03-25,250.723053,67.714020,51.302601,35.999332,87.699493,100.706238,70.939552,90.972908,124.919998,65.133224
2019-03-26,252.591995,68.349197,51.557518,36.109360,87.715591,100.633804,70.931122,91.011230,124.300003,65.653793
2019-03-27,251.271133,68.331291,51.581413,35.719997,87.900955,101.559853,70.990120,91.133713,123.650002,65.465149
2019-03-28,252.223572,68.975418,51.453953,35.957001,87.909027,101.914116,70.981712,91.248589,121.900002,66.100418
2019-03-29,253.813889,69.020164,51.669048,36.329437,87.900955,101.817513,70.939552,91.179680,122.010002,66.039635
2019-04-01,256.824005,69.870041,52.330242,36.930416,87.498627,100.371346,70.866859,90.840195,121.529999,66.001640
2019-04-02,256.949738,69.476410,52.346169,36.811909,87.595589,100.556931,70.900688,90.963051,121.980003,66.465179
2019-04-03,257.354156,69.816360,52.752460,37.065849,87.434021,99.685333,70.866859,90.771072,121.800003,66.389175
2019-04-04,258.036926,70.371025,52.640930,37.294380,87.498627,99.967789,70.883789,90.916992,122.110001,66.282784
2019-04-05,259.285919,70.988319,52.776356,37.582180,87.563271,100.096954,70.875328,91.062935,121.980003,66.746300
2019-04-08,259.483643,70.934654,52.808220,37.582180,87.522873,99.741791,70.858391,90.932365,122.510002,66.373978
2019-04-09,258.153809,70.048965,52.473633,37.505997,87.571358,100.056564,70.866859,91.124390,123.150002,66.024437
2019-04-10,259.034424,71.113564,52.672798,37.683750,87.741013,100.298691,70.926048,91.569885,123.529999,66.632324
2019-04-11,258.962402,70.970436,52.561264,37.277451,87.635994,99.709549,70.883789,91.477730,121.949997,66.586754
2019-04-12,260.714630,71.292496,52.927711,37.548317,87.466316,98.999336,70.841530,91.423920,121.830002,66.905876
2019-04-15,260.543854,71.015144,52.951607,37.353634,87.450188,99.249527,70.849998,91.278008,121.599998,66.563934
2019-04-16,260.714630,71.301437,52.991444,37.632965,87.296654,98.628082,70.841530,91.024513,120.510002,65.059410
2019-04-17,260.076599,70.979362,53.142803,37.742996,87.288635,98.668457,70.866859,91.009186,120.279999,64.466698
2019-04-18,260.588776,70.728882,53.110939,37.717613,87.401703,99.184982,70.883789,91.085968,120.370003,64.960632
2019-04-22,260.813446,70.362099,53.023304,37.472134,87.296654,98.708801,70.892242,90.940048,120.370003,64.246338
2019-04-23,263.158691,71.399857,53.126869,37.556786,87.450188,98.918640,70.926048,91.316406,120.120003,65.097389
2019-04-24,262.574493,71.623482,52.760422,37.048912,87.652145,99.725662,70.968239,91.623680,120.470001,65.576118
2019-04-25,262.412842,70.880974,52.720592,36.998131,87.644066,99.580360,70.968239,91.577583,120.570000,65.439354
2019-04-26,263.634857,71.516167,52.935669,37.142025,87.821838,99.919350,71.044319,91.900215,121.370003,65.956070
2019-04-29,264.048096,71.865044,53.150768,37.218216,87.668289,99.281799,71.018959,91.539200,120.830002,65.310165
2019-04-30,264.182831,71.686142,53.182629,37.184349,87.724846,99.790222,71.069672,91.577583,121.199997,65.933250
2019-05-01,262.197113,71.042007,52.879913,36.905022,87.781509,100.201851,71.007011,91.548302,120.400002,65.986420
2019-05-02,261.631042,71.265633,52.800247,36.989674,87.587204,99.724724,70.973129,91.217033,119.940002,66.054848
2019-05-03,264.191895,72.670212,53.365849,37.429825,87.732925,100.007805,70.998550,91.625320,120.650002,66.617142
2019-05-06,263.104706,72.795456,52.760422,36.659550,87.846329,100.282753,71.040878,91.748634,120.809998,66.404366
2019-05-07,258.710876,71.462479,51.836338,35.940079,87.951584,101.051064,71.074738,91.740891,121.209999,65.203789
2019-05-08,258.351440,70.889908,51.900074,35.889290,87.935410,100.614319,71.066292,91.432747,120.910004,65.135422
2019-05-09,257.569794,70.728882,51.661079,35.322159,87.983963,101.026794,71.108612,91.517494,121.199997,65.302559
2019-05-10,258.863586,70.961472,52.043461,35.533775,88.000183,100.889320,71.125549,91.571426,121.430000,66.001640
2019-05-13,252.358292,68.742821,50.832592,34.348755,88.145950,101.681854,71.210220,91.625320,122.669998,65.933250
2019-05-14,254.640533,69.476410,51.342430,34.831230,88.218819,101.382645,71.210220,91.756302,122.459999,66.176422
2019-05-15,256.132141,69.601646,51.525654,34.898949,88.372673,102.005356,71.260994,92.010590,122.389999,66.624741
2019-05-16,258.504272,69.870041,51.939899,34.729660,88.267418,101.665710,71.218674,91.864151,121.510002,66.890678
2019-05-17,256.832977,68.733879,51.597351,34.103294,88.291687,101.892128,71.235573,91.871895,120.650002,66.761497
2019-05-20,255.134750,68.250771,51.390224,33.959389,88.170235,101.681854,71.201736,91.656151,120.639999,65.796471
2019-05-21,257.434937,69.163307,51.732780,34.391083,88.162148,101.520096,71.167892,91.733223,120.360001,66.358765
2019-05-22,256.644409,68.483368,51.525654,34.221790,88.307899,102.102425,71.201736,91.848763,120.239998,66.556320
2019-05-23,253.508469,66.855156,51.055649,33.781628,88.567009,103.250793,71.328720,92.049088,121.169998,66.708298
2019-05-24,254.083527,67.526123,51.605312,33.815498,88.599434,103.339760,71.303329,92.241676,121.300003,66.913475
2019-05-28,251.720367,67.078835,51.103443,33.933998,88.728989,104.083809,71.362587,92.303314,120.830002,66.252403
2019-05-29,250.031265,66.533112,50.776829,34.154072,88.753281,104.399223,71.371048,92.341835,120.870003,65.370956
2019-05-30,250.714050,66.345245,50.968014,34.340294,88.988121,105.296921,71.430290,92.873405,121.690002,65.644493
2019-05-31,247.335648,65.459549,50.505974,34.458790,89.401093,106.615128,71.582664,93.089142,123.330002,66.024437
2019-06-03,246.706680,65.799522,50.800724,34.771973,89.612144,107.328285,71.717522,93.375839,125.110001,66.183998
2019-06-04,252.061859,67.588760,51.382259,34.848167,89.530998,106.104607,71.666641,93.406769,125.150002,65.887680
2019-06-05,254.245285,67.436668,51.366329,34.568836,89.482285,105.504890,71.700546,93.344917,125.470001,67.263023
2019-06-06,255.898483,67.284599,51.573448,34.585758,89.466072,105.845253,71.658188,93.522713,125.879997,67.392189
2019-06-07,258.459381,67.722939,52.226681,34.856621,89.717705,106.761002,71.734535,93.939957,126.589996,67.642937
2019-06-10,259.645386,68.206039,52.370071,35.220600,89.482285,105.756119,71.666641,93.599968,125.330002,67.422600
2019-06-11,259.582458,68.053978,52.632961,35.618420,89.466072,105.820930,71.641205,93.684937,125.180000,67.604950
2019-06-12,259.124268,67.910805,52.242611,35.237526,89.579681,105.901955,71.700546,93.824051,125.830002,67.832909
2019-06-13,260.193451,68.707047,52.290413,35.178272,89.774506,106.266647,71.776917,94.063622,126.599998,68.121651
2019-06-14,259.905914,68.036064,51.908043,34.788914,89.750183,106.534103,71.751503,94.102272,126.559998,68.159645
2019-06-17,260.004761,68.099800,51.945469,34.926228,89.725807,106.720451,71.717522,94.148628,126.480003,68.889107
2019-06-18,262.727295,68.988396,52.637207,35.770592,89.969315,107.255333,71.726013,94.774559,127.120003,68.820740
2019-06-19,263.320312,69.158951,52.962730,36.069111,90.277786,107.409286,71.878708,95.377365,127.889999,69.193062
2019-06-20,265.836029,69.625694,53.426609,36.597912,90.431976,107.692955,71.912643,95.895119,131.110001,69.542603
2019-06-21,265.449677,69.060219,53.198734,36.478500,90.196625,106.509750,71.878708,95.547356,131.979996,68.562378
2019-06-24,265.124725,68.288284,53.312668,36.427334,90.358879,107.303986,71.921120,95.786926,133.940002,68.326805
2019-06-25,262.524445,67.938225,52.995289,36.052052,90.375206,107.636215,71.938072,95.500999,134.199997,67.316208
2019-06-26,262.262451,68.010025,53.060394,36.393208,90.172211,106.947365,71.853249,95.307831,132.970001,65.971245
2019-06-27,263.192444,69.338463,53.190598,36.649090,90.423897,107.701042,71.912643,95.864182,132.839996,66.820503
2019-06-28,264.546936,70.262970,53.491714,36.597912,90.383293,107.628136,71.912643,96.111519,133.199997,67.050652
2019-07-01,266.948486,70.406586,53.743992,37.032887,90.449974,107.376427,71.866737,96.293610,130.619995,67.019974
2019-07-02,267.643768,70.002678,53.898613,36.939068,90.612732,108.204651,71.909210,96.557076,133.410004,68.186066
2019-07-03,269.783539,70.397614,54.264828,36.870834,90.759155,108.976013,71.926216,96.820625,133.630005,68.999268
2019-07-05,269.476593,70.675858,53.849777,36.614971,90.376755,107.530670,71.781761,95.968178,132.139999,68.753777
2019-07-08,267.995758,69.930878,53.540535,36.393208,90.327950,107.676826,71.747765,95.836411,131.289993,68.999268
2019-07-09,268.329956,69.841110,53.312668,36.282337,90.303581,107.636261,71.722237,95.634911,131.750000,69.229424
2019-07-10,269.612030,70.029610,53.499844,36.589378,90.368614,107.043495,71.849785,95.851883,133.830002,69.628342
2019-07-11,270.244049,69.697487,53.483570,36.521141,90.035095,105.614410,71.815742,95.286133,132.699997,68.723106
2019-07-12,271.453918,70.307861,53.548679,36.546738,90.132698,105.736206,71.824280,95.379128,133.529999,68.631035
2019-07-15,271.544128,69.859085,53.597504,36.683201,90.262871,106.345154,71.841225,95.541878,133.529999,68.577332
2019-07-16,270.668488,69.930878,53.377769,36.632027,90.165253,106.028496,71.815742,95.340370,132.399994,68.416214
2019-07-17,268.826447,69.410286,53.304535,36.521141,90.401192,107.173393,71.883751,95.844131,134.580002,68.186066
2019-07-18,269.810669,69.544914,53.467293,36.742905,90.547592,107.181511,71.968681,96.068909,136.479996,68.186066
2019-07-19,268.311920,69.365395,53.312668,36.555260,90.441864,106.929802,71.892235,95.921631,134.470001,67.073685
2019-07-22,268.970978,69.266655,53.369633,36.563797,90.555771,107.132835,71.900734,96.216110,134.449997,67.012306
2019-07-23,270.894257,69.912926,53.703297,36.606430,90.466278,106.548187,71.883751,96.270393,133.690002,67.771805
2019-07-24,272.167206,71.088745,53.743992,36.666149,90.596436,107.011017,71.900734,96.541634,134.369995,67.825508
2019-07-25,270.867126,70.316833,53.198734,36.342049,90.458099,106.499443,71.858261,96.231613,133.419998,67.426552
2019-07-26,272.681915,71.034897,53.304535,36.418800,90.474388,106.751190,71.866737,96.363373,133.639999,67.733437
2019-07-29,272.185272,70.675858,53.418465,36.350571,90.515106,106.783661,71.866737,96.301338,134.529999,67.917549
2019-07-30,271.517151,71.438805,52.799965,36.069111,90.506920,107.043495,71.875252,96.270393,134.979996,68.462250
2019-07-31,268.546570,71.097725,52.450027,35.625603,90.547592,107.904190,71.866737,96.355629,133.210007,68.193748
2019-08-01,266.208191,70.011658,52.303539,34.926228,91.257057,110.047203,72.071075,97.139030,136.410004,68.193748
2019-08-02,264.203735,69.194855,51.839676,34.585064,91.289688,111.064232,72.088028,97.240051,135.889999,68.523643
2019-08-05,256.258240,67.318909,50.545719,33.305714,91.689278,112.984322,72.232780,97.309990,137.789993,67.173401
2019-08-06,259.851807,68.028000,50.887512,33.783344,91.933868,113.887375,72.266838,97.916222,138.910004,67.917549
2019-08-07,260.005341,68.135712,51.082825,33.936871,91.884949,113.928078,72.275391,97.900650,141.020004,68.577332
2019-08-08,265.106598,69.607727,51.579254,34.354782,91.974625,114.172150,72.249825,98.164909,141.729996,69.781792
2019-08-09,263.300842,68.746056,51.221172,34.005096,91.852318,113.944359,72.207222,97.877319,141.259995,69.697388
2019-08-12,260.095551,67.974152,50.814270,33.595699,92.186714,116.320015,72.283897,98.491287,142.630005,69.513275
2019-08-13,264.140533,68.683235,51.294422,34.022152,92.056229,115.921410,72.198723,98.413612,141.779999,69.612999
2019-08-14,256.330536,66.663651,49.886536,33.041313,92.341621,118.533066,72.292366,98.701141,142.750000,68.554306
2019-08-15,257.007660,66.412323,50.057426,33.263073,92.765656,119.851082,72.445595,99.182983,143.699997,69.237091
2019-08-16,260.799835,67.893341,50.659653,33.723644,92.692245,118.890991,72.437088,99.361694,142.779999,69.950554
2019-08-19,263.941956,68.593483,50.968899,33.860107,92.447609,117.190582,72.360489,99.035309,141.110001,70.456894
2019-08-20,261.919403,68.028000,50.797997,33.928326,92.700401,118.402870,72.411552,99.610405,142.210007,69.958244
2019-08-21,264.050201,68.575523,51.156067,34.252430,92.651482,117.613701,72.343468,99.789192,141.759995,70.249771
2019-08-22,263.968964,68.387032,51.058426,33.808929,92.406853,116.832596,72.309402,99.423950,141.399994,70.571953
2019-08-23,257.188293,66.295654,50.423645,33.305714,92.781929,118.752769,72.428612,99.789192,144.169998,69.582306
2019-08-26,260.032379,66.914978,50.838696,33.484821,92.741173,118.272667,72.394531,99.796959,144.190002,70.119354
2019-08-27,259.012024,66.071251,50.797997,33.544537,93.034744,120.095093,72.420059,100.333237,145.570007,69.919868
2019-08-28,260.836029,66.861137,50.797997,33.638348,93.042908,120.249733,72.437088,100.333237,145.160004,70.150009
2019-08-29,264.167633,67.974152,51.237450,34.013618,92.985847,119.794128,72.403030,100.115608,144.119995,70.694710
2019-08-30,264.050201,67.839485,51.440907,34.278019,93.067352,119.826698,72.428612,100.100067,143.750000,70.748428
2019-09-03,262.506287,66.906013,51.343246,34.064796,93.045296,119.981560,72.484894,100.005760,145.750000,71.454201
2019-09-04,265.485809,67.588150,52.067539,34.636238,93.208733,120.160843,72.544571,100.192810,146.660004,72.052597
2019-09-05,268.898834,68.907616,52.344231,35.028568,92.808266,117.984703,72.382553,99.460236,143.139999,71.530930
2019-09-06,269.106445,68.719124,52.515133,35.182095,92.906319,118.824181,72.391075,99.818756,141.919998,71.692024
2019-09-09,269.241974,69.769310,52.669758,35.292973,92.514030,116.713287,72.314354,99.086212,141.389999,71.346809
2019-09-10,269.178680,70.639961,52.759281,35.318565,92.015495,114.667465,72.194946,98.252357,140.179993,70.610321
2019-09-11,271.092865,72.049171,53.052254,35.565903,92.031822,114.463707,72.194946,98.174416,141.029999,70.687065
2019-09-12,272.031830,72.049171,53.361500,35.821762,91.884705,113.713882,72.177872,98.041962,141.320007,71.062958
2019-09-13,271.851227,72.165840,53.662609,36.026466,91.337067,111.285065,72.058502,97.161362,140.149994,70.303452
2019-09-16,271.011505,72.408188,53.182453,35.745010,91.582237,112.703224,72.118210,97.652306,141.320007,70.917221
2019-09-17,271.697784,72.246651,53.361500,35.745010,91.721184,113.314499,72.152275,97.901703,141.600006,71.684357
2019-09-18,271.860321,71.851707,53.296398,35.600018,91.827477,113.795364,72.109657,98.143265,140.710007,71.438873
2019-09-19,271.842255,71.384964,53.475426,35.455021,91.958237,114.137680,72.118210,98.423798,141.279999,71.692024
2019-09-20,270.557800,71.142624,53.353355,35.489140,92.293373,115.645576,72.194946,99.101791,142.949997,71.692024
2019-09-23,270.494293,71.196487,53.215015,35.523258,92.334229,115.621063,72.237556,99.031647,143.750000,71.807106
2019-09-24,268.371765,70.300148,53.011559,35.147984,92.587570,117.014793,72.314354,99.343414,144.509995,71.647812
2019-09-25,269.959229,71.237022,52.856930,35.122398,92.203453,115.303207,72.220528,98.782249,141.830002,71.787010
2019-09-26,269.396729,70.498329,53.052254,35.113865,92.358734,116.044899,72.254639,98.992676,141.789993,72.390182
2019-09-27,267.945557,70.074951,52.873211,34.661831,92.473175,116.330132,72.297249,99.016083,141.059998,71.988075
2019-09-30,269.188141,70.119987,53.068527,34.857994,92.497681,116.615479,72.331367,99.343414,138.869995,72.111809
2019-10-01,265.986267,68.741737,52.547691,34.610649,92.665642,116.966553,72.412529,99.457443,139.630005,71.431290
2019-10-02,261.287598,68.057098,51.473457,34.346260,92.731163,117.252235,72.489418,99.418350,141.259995,71.129700
2019-10-03,263.428345,68.156212,51.815254,34.789761,93.091568,118.321800,72.643120,99.809029,141.899994,71.817940
2019-10-04,266.993011,68.822807,52.222160,34.943279,93.239044,119.195396,72.634575,100.223160,141.899994,72.251022
2019-10-07,265.841187,68.768768,52.157059,34.653297,92.985092,118.207527,72.557732,99.715302,140.690002,72.096336
2019-10-08,261.713989,67.606682,51.668777,34.405960,93.017853,118.525932,72.600441,99.629364,141.919998,71.717407
2019-10-09,264.199371,67.822899,52.043129,34.670357,92.968681,117.856445,72.557732,99.668381,142.050003,71.856590
2019-10-10,265.986267,67.985031,52.409348,35.028568,92.649223,116.101044,72.472298,99.082405,140.809998,71.972610
2019-10-11,268.743622,69.228180,53.345219,35.591480,92.346115,114.664078,72.403938,98.902702,140.029999,71.941673
2019-10-14,268.444275,69.048004,53.125488,35.437958,92.501785,115.496841,72.412529,99.230858,140.589996,71.972610
2019-10-15,271.102081,69.804703,53.743992,35.753536,92.198677,114.100647,72.395462,98.965187,139.610001,72.065399
2019-10-16,270.666626,69.984848,53.825367,35.855881,92.362511,114.239510,72.429619,99.074600,140.410004,72.073128
2019-10-17,271.464813,70.777580,53.955582,35.992352,92.337914,113.961891,72.429619,99.215240,140.610001,72.544846
2019-10-18,270.276611,70.336174,53.931164,35.804710,92.403465,113.961891,72.455215,99.340240,140.460007,73.101654
2019-10-21,272.108856,71.011818,54.224129,36.128819,92.149506,113.104630,72.421036,99.113647,139.789993,73.658432
2019-10-22,271.219971,71.209984,54.093922,36.154408,92.288811,113.765976,72.446678,99.285553,140.199997,73.441902
2019-10-23,272.009094,71.390152,54.386890,36.162930,92.362511,113.880241,72.438103,99.340240,140.529999,73.604286
2019-10-24,272.453522,71.264030,54.484558,36.162930,92.387085,113.651649,72.438103,99.559021,141.529999,73.418701
2019-10-25,273.569244,71.687408,54.541519,36.418800,92.256027,113.096436,72.395462,99.387131,141.860001,72.792320
2019-10-28,275.111176,72.354042,54.785671,36.632027,92.059410,112.067688,72.369835,99.090218,140.639999,72.351524
2019-10-29,275.029602,72.642265,54.769398,36.444378,92.067604,112.141190,72.386902,98.832359,140.250000,72.792320
2019-10-30,275.873169,72.254913,54.997257,36.606430,92.329781,113.782249,72.429619,99.183983,141.020004,73.055237
2019-10-31,275.138428,71.543282,54.867046,36.316452,92.690186,115.317245,72.557732,99.785606,142.429993,72.923775
2019-11-01,277.687286,72.651306,55.355328,36.862309,92.715637,114.962212,72.514954,99.883537,142.559998,72.908310
2019-11-04,278.802887,73.245842,55.640167,37.229057,92.485764,113.449150,72.463593,99.413475,142.149994,72.397934
2019-11-05,278.494568,73.362938,55.534367,37.442291,92.140930,112.173271,72.412292,98.841537,139.850006,71.168343
2019-11-06,278.558044,73.029633,55.509956,37.322880,92.280495,112.852089,72.455048,99.397789,140.449997,71.323006
2019-11-07,279.537659,73.200806,55.680847,37.595802,91.845390,110.807373,72.369530,98.622169,138.270004,70.611565
2019-11-08,280.227081,73.308891,55.648304,37.254642,91.796112,110.341171,72.378067,98.488991,137.389999,70.441437
2019-11-11,279.691895,73.092705,55.575066,36.990242,91.812508,110.414841,72.395180,98.520309,137.059998,70.596115
2019-11-12,280.281403,73.065659,55.599472,36.751423,91.911026,110.921890,72.403702,98.614342,137.429993,70.062523
2019-11-13,280.372131,72.651306,55.404163,36.469975,92.075233,111.641602,72.437920,98.849388,137.979996,70.704361
2019-11-14,280.780365,72.507179,55.249538,36.495560,92.337967,112.794853,72.506416,99.366478,138.559998,71.253441
2019-11-15,282.812225,72.894508,55.599472,36.785542,92.288719,112.672165,72.480751,99.382133,138.210007,71.640076
2019-11-18,283.020844,72.570221,55.664581,36.725838,92.461105,112.876663,72.514954,99.491829,138.619995,71.988075
2019-11-19,282.939087,72.705353,55.591328,36.802601,92.526802,113.817223,72.506416,99.687645,138.690002,72.111809
2019-11-20,281.886963,72.317993,55.241398,36.640553,92.748497,114.995003,72.540588,99.828712,138.759995,72.073128
2019-11-21,281.433441,71.930641,55.168159,36.563797,92.617142,114.275261,72.506416,99.593697,138.000000,71.060104
2019-11-22,282.059265,72.101776,55.322781,36.563797,92.666374,114.422409,72.497833,99.867859,137.740005,70.797180
2019-11-25,284.245392,73.903435,55.762234,36.930542,92.756676,114.757751,72.506416,100.212624,137.080002,71.021416
2019-11-26,284.889343,73.840393,55.729694,36.819653,92.888016,115.428429,72.540588,100.471130,137.740005,71.964874
2019-11-27,286.159180,74.173691,55.876163,36.862309,92.773140,115.093132,72.497833,100.463318,137.009995,72.305130
2019-11-29,285.097992,73.696236,55.485535,36.282337,92.658173,114.847740,72.523499,100.259613,137.860001,71.972610
2019-12-02,282.676117,72.876511,55.200703,36.273815,92.556129,113.316551,72.501221,99.824371,137.789993,70.882225
2019-12-03,280.780365,72.579208,54.997257,36.086166,92.975800,115.692467,72.604042,100.594292,139.110001,71.338478
2019-12-04,282.512787,73.146751,55.501812,36.359093,92.819458,114.537247,72.569786,100.460724,138.919998,71.632347
2019-12-05,283.020844,73.389984,55.396019,36.521141,92.712463,113.980141,72.535484,100.350739,139.000000,71.671013
2019-12-06,285.605896,74.416908,55.900585,36.734371,92.580803,113.349274,72.509773,100.295731,137.619995,71.817940
2019-12-09,284.707916,74.218727,55.607609,36.589378,92.630226,113.595070,72.509773,100.280045,137.580002,71.957123
2019-12-10,284.390472,74.200699,55.632023,36.717312,92.597260,113.603264,72.475494,100.280045,137.970001,71.539551
2019-12-11,285.197723,74.182686,55.925003,37.254642,92.844139,114.496277,72.535484,100.672821,138.919998,70.812645
2019-12-12,287.655884,74.984398,56.299351,37.902840,92.449181,112.611923,72.466957,100.209366,138.429993,69.853706
2019-12-13,287.828247,74.506973,56.689976,37.885784,92.819458,113.914543,72.552635,100.861389,139.050003,69.869179
2019-12-16,289.805511,74.815697,57.295689,38.207230,92.630226,112.890427,72.509773,100.633553,139.039993,70.371849
2019-12-17,289.869171,75.458466,56.966499,38.555679,92.638428,112.734856,72.526939,100.554993,139.009995,69.706772
2019-12-18,289.887238,75.721031,56.892433,38.764740,92.457436,111.808990,72.535484,100.484306,139.020004,70.556404
2019-12-19,291.075500,75.956406,56.892433,38.782162,92.557137,111.987938,72.550087,100.583534,139.380005,71.181686
2019-12-20,292.351593,75.838722,56.933582,38.860561,92.573601,112.135567,72.550087,100.552017,139.520004,71.572517
2019-12-23,292.798248,75.965469,57.024109,38.912834,92.507683,111.971481,72.532928,100.599258,139.949997,71.212959
2019-12-24,292.807434,76.173683,56.966499,38.825718,92.623055,112.291512,72.541534,100.701653,141.270004,71.400528
2019-12-26,294.366028,76.074097,57.213387,39.104481,92.705467,112.562286,72.567245,100.882828,142.380005,71.713188
2019-12-27,294.293060,75.730064,57.312145,39.261284,92.829117,112.685356,72.618790,101.024597,142.330002,71.939865
2019-12-30,292.670654,75.684807,56.884193,38.999950,92.829117,112.275146,72.644493,101.205795,142.630005,72.010193
2019-12-31,293.381561,75.911133,57.147556,39.087059,92.614845,111.175446,72.635902,100.788315,142.899994,72.526047
2020-01-02,296.125244,75.965469,57.723640,39.879776,92.870316,112.431007,72.670250,101.000969,143.949997,71.674110
2020-01-03,293.882935,75.920181,57.007648,39.139324,93.142311,114.162430,72.730324,101.347542,145.860001,72.119629
2020-01-06,295.004120,75.847763,57.229851,39.043503,93.068130,113.514206,72.704567,101.008865,147.389999,72.205597
2020-01-07,294.174683,75.413223,57.073486,39.017376,92.969238,112.956238,72.704567,100.748940,147.970001,71.400528
2020-01-08,295.742462,75.576180,57.238087,39.243855,92.862076,112.209480,72.670250,100.607170,146.860001,71.619385
2020-01-09,297.747772,75.558060,57.369755,39.505199,92.961006,112.603355,72.678825,101.087646,146.029999,71.580315
2020-01-10,296.890930,75.204964,57.155777,39.714264,93.117569,113.604485,72.695992,101.371170,146.910004,72.127441
2020-01-13,298.932831,75.829666,57.452057,40.332756,93.059906,113.259880,72.687416,101.127022,145.820007,72.995056
2020-01-14,298.477051,76.110298,57.509651,40.106266,93.142311,113.842407,72.695992,101.253052,145.690002,72.721481
2020-01-15,299.151459,76.436218,57.509651,39.792664,93.282433,114.597389,72.730324,101.473602,146.539993,73.378044
2020-01-16,301.640015,77.423019,57.748318,40.045288,93.282433,114.236343,72.730324,101.615379,146.309998,73.964249
2020-01-17,302.578857,77.287231,57.921146,40.271774,93.175270,113.259880,72.756058,101.599640,146.580002,74.034592
2020-01-21,301.986420,76.562973,57.460281,39.252583,93.439018,114.449760,72.773254,102.087936,146.740005,74.738037
2020-01-22,302.022888,76.562973,57.575512,39.574886,93.488480,114.851791,72.790398,102.143089,146.789993,74.237808
2020-01-23,302.369232,76.725922,57.435589,39.165455,93.612106,115.655983,72.816147,102.277008,147.119995,74.863098
2020-01-24,299.680237,75.530899,57.188705,38.851860,93.785194,116.591492,72.841881,102.450310,147.979996,74.605164
2020-01-27,294.876526,74.698013,56.003620,37.510334,94.073669,118.404976,72.919106,102.647232,148.990005,74.245636
2020-01-28,297.966553,75.232132,56.530319,37.823940,93.991211,117.477753,72.884804,102.592041,147.660004,74.542618
2020-01-29,297.720398,74.716125,56.538548,38.006878,94.205505,118.626564,72.953491,102.922852,148.460007,74.269051
2020-01-30,298.686646,74.634644,56.489170,37.440643,94.213760,118.642998,72.962090,102.985870,148.470001,74.323776
2020-01-31,293.263123,72.860214,55.534512,36.682777,94.493988,119.726196,73.056480,103.253693,149.330002,73.417099
2020-02-03,295.441620,73.548256,55.666199,37.092197,94.463448,119.629181,73.034958,103.172371,148.360001,73.659424
2020-02-04,299.944489,74.471680,56.596157,38.050423,94.149574,118.018120,72.957596,102.919632,146.429993,74.417587
2020-02-05,303.408325,75.893036,57.139313,38.268211,94.009171,116.727631,72.905998,102.856445,146.610001,74.464462
2020-02-06,304.429199,75.684807,57.295689,38.303051,94.066963,117.253662,72.923233,102.809074,147.399994,74.714592
2020-02-07,302.806793,74.544106,56.752518,37.771671,94.339546,118.716827,72.966202,103.203941,147.789993,74.698944
2020-02-10,305.067291,74.788551,56.867744,37.980736,94.446922,119.045547,73.000603,103.448753,148.169998,75.535301
2020-02-11,305.596039,75.404175,57.254547,38.477280,94.331253,118.445526,72.966202,103.298676,147.660004,76.105850
2020-02-12,307.564880,75.911133,57.452057,38.999950,94.232162,117.845459,72.931824,103.251305,147.539993,76.559204
2020-02-13,307.236786,76.164619,57.048794,38.485981,94.298248,118.297546,72.949013,103.180244,148.380005,77.020355
2020-02-14,307.728912,75.757240,56.950035,38.503407,94.397377,118.815445,72.983398,103.432922,149.000000,77.817596
2020-02-18,306.935944,75.349846,56.587944,38.250790,94.521225,119.629181,73.009201,103.630325,150.910004,77.731613
2020-02-19,308.403473,75.639549,56.777218,38.529541,94.496468,119.621017,73.017822,103.488213,151.789993,76.684258
2020-02-20,307.136414,76.037865,56.439793,37.928474,94.711220,120.557991,73.034958,103.835670,152.410004,77.598763
2020-02-21,303.973480,75.159737,56.176437,37.710693,94.901207,121.684120,73.095139,104.041008,154.699997,77.825417
2020-02-24,293.892090,72.941681,53.929718,36.299484,95.206779,123.500610,73.215515,104.056763,156.089996,76.762436
2020-02-25,284.986603,70.479218,53.040897,36.012024,95.371994,124.158226,73.292885,104.159454,153.300003,74.683311
2020-02-26,283.938293,69.582947,53.106735,36.299484,95.272835,123.500610,73.344475,103.772514,153.970001,73.878258
2020-02-27,271.186188,66.993752,51.534855,35.428368,95.289375,124.840477,73.430397,103.219719,154.000000,69.946747
2020-02-28,270.046753,65.898293,51.222118,35.297699,95.991425,127.659828,73.696915,104.380508,148.380005,68.258438
2020-03-02,281.741516,67.582207,51.880501,36.064281,95.957481,126.720566,73.666740,104.276848,149.199997,71.173874
2020-03-03,273.674438,66.160835,51.460781,35.820362,96.611343,128.688004,73.959503,105.464508,153.889999,71.009727
2020-03-04,285.178040,68.206863,52.999741,36.456287,96.536858,127.321457,73.968056,105.614929,154.160004,73.690674
2020-03-05,275.698120,65.771545,51.592453,35.689697,96.834793,130.490662,74.123047,105.575378,157.490005,72.111809
2020-03-06,271.140564,64.594635,50.818855,34.957962,97.546570,137.282059,74.209106,106.311691,157.550003,70.869034
2020-03-09,249.966019,58.275486,46.876793,32.571102,97.422440,141.002716,74.613754,103.730522,157.809998,65.405556
2020-03-10,262.900421,60.004654,48.605049,34.226227,96.321663,133.775299,74.286606,101.394768,154.479996,68.168846
2020-03-11,250.084488,56.410534,46.127884,32.632065,94.947769,128.852631,74.200546,98.061409,153.929993,64.072762
2020-03-12,226.157043,50.009914,41.058350,29.365379,91.148872,129.651108,74.183289,93.382011,147.789993,57.581966
2020-03-13,245.490356,53.848473,43.543739,31.482201,92.580704,126.720566,74.277992,97.427979,143.279999,62.607616
2020-03-16,218.627914,47.511230,39.050282,27.553457,94.128403,134.927704,74.398499,96.042397,141.639999,51.508686
2020-03-17,230.432129,49.892216,40.951359,29.452499,91.695107,125.930305,74.226364,92.107269,143.559998,54.486252
2020-03-18,218.764633,45.266029,38.605877,26.908831,88.202438,118.826279,74.131638,87.499115,140.699997,49.303085
2020-03-19,219.229523,46.823189,39.206650,27.117903,90.172249,122.061401,74.260796,83.176048,138.039993,49.476383
2020-03-20,209.781967,45.066853,38.721092,27.318258,91.066109,131.239853,74.458801,84.514107,140.110001,47.010830
2020-03-23,204.418213,44.460308,38.268463,26.664919,93.226257,136.648178,74.544846,90.761215,146.300003,44.828857
2020-03-24,222.939209,48.326015,41.510986,28.668493,93.995995,134.104477,74.441574,92.621933,153.399994,48.861958
2020-03-25,226.276642,48.746258,42.860664,29.678988,94.956039,133.799973,74.527657,97.055840,151.300003,51.492928
2020-03-26,239.488937,52.093647,44.778206,30.802732,95.245750,134.458481,74.613754,97.135010,153.240005,55.124310
2020-03-27,232.355560,49.992424,43.502586,29.051779,95.651253,138.047546,74.596542,96.937111,152.250000,55.179440
2020-03-30,239.901505,51.165836,44.383175,29.530895,95.742302,136.911636,74.630997,98.116837,152.919998,56.384644
2020-03-31,236.325668,51.038490,43.996368,29.731255,95.485741,135.800247,74.613754,97.792206,148.050003,55.021896
2020-04-01,225.689865,47.472790,42.045914,28.459421,95.161430,137.702927,74.662018,96.371353,149.449997,51.406288
2020-04-02,230.897751,48.136814,42.868893,29.417650,95.302475,138.576797,74.679245,96.625336,151.899994,51.579582
2020-04-03,227.560257,46.381264,41.889557,28.860136,95.368767,138.906509,74.662018,96.125282,152.649994,50.831245
2020-04-06,242.844650,50.165260,44.111591,30.436859,95.833282,138.543884,74.610313,98.022392,156.880005,54.596512
2020-04-07,243.092224,50.465439,44.358486,30.593660,95.965981,137.092865,74.593071,98.173203,156.039993,55.100651
2020-04-08,251.252533,52.766766,44.720596,30.907261,96.057236,136.095444,74.636131,99.943336,154.649994,58.858063
2020-04-09,255.075821,55.504692,45.732857,30.794012,97.251617,136.342728,74.662018,104.642403,158.690002,62.158607
2020-04-13,252.746994,53.594501,45.296684,30.837574,96.795418,135.097839,74.670609,103.626358,161.410004,59.543369
2020-04-14,260.201141,54.531414,46.103199,31.543169,96.845192,135.064957,74.670609,103.118385,162.679993,61.213348
2020-04-15,254.672394,52.029968,44.662983,30.733038,97.243340,138.642624,74.696472,103.808945,161.850006,58.787170
2020-04-16,255.901016,51.611549,44.687672,30.898554,97.367722,140.217239,74.713707,103.293007,161.710007,58.117611
2020-04-17,262.814270,53.958359,45.872765,31.586737,97.251617,138.337692,74.687889,103.634331,158.570007,59.952995
2020-04-20,258.184052,52.875908,45.189690,31.186022,97.110596,139.450623,74.687889,103.046967,159.699997,57.723759
2020-04-21,250.344772,51.747993,44.309113,30.323606,97.160393,141.206436,74.705116,102.681808,158.610001,56.676094
2020-04-22,255.901016,52.111828,45.058014,31.151176,97.160393,139.763885,74.679245,102.745323,161.729996,57.542583
2020-04-23,255.882660,52.766766,44.918110,31.037928,97.392601,140.505783,74.670609,103.181877,163.339996,57.062077
2020-04-24,259.449341,53.412579,45.436588,30.994377,97.342896,140.835556,74.670609,103.110428,162.639999,57.306263
2020-04-27,263.190216,55.686630,46.037350,31.621576,96.894928,138.213928,74.670609,102.277008,161.559998,59.267670
2020-04-28,261.979797,56.923695,46.383011,31.682556,97.276497,139.805084,74.696472,102.554779,160.839996,59.756073
2020-04-29,268.838196,60.098248,47.543407,32.605946,97.342896,139.079651,74.687889,103.229530,161.729996,60.654068
2020-04-30,266.335083,57.624104,46.555836,31.917757,97.127205,137.455612,74.817200,102.530975,158.800003,59.952995
2020-05-01,259.284363,55.250008,45.543568,30.767885,97.132164,138.632690,74.706726,102.125168,159.779999,57.928566
2020-05-04,259.999451,55.049892,45.527107,31.098909,97.215279,137.980591,74.706726,102.284286,160.339996,57.644993
2020-05-05,262.401672,55.195419,45.609409,31.273134,97.140488,137.097382,74.698105,102.149055,161.020004,57.928566
2020-05-06,260.623047,54.540501,45.313137,31.177311,96.749847,134.885132,74.724014,101.003189,158.949997,56.888779
2020-05-07,263.767883,55.313686,45.996208,31.429943,97.049088,137.138672,74.775742,101.273712,161.389999,57.700119
2020-05-08,268.132111,57.660480,46.778042,32.091980,96.791435,135.355667,74.758492,100.788345,160.419998,59.070751
2020-05-11,268.187195,56.605335,46.736893,31.882914,96.500519,134.299103,74.732613,99.905029,159.419998,58.212143
2020-05-12,262.841797,54.504120,46.144348,31.760958,96.749847,135.677612,74.749901,100.867920,160.039993,55.565422
2020-05-13,258.193207,52.412022,45.790459,31.699976,96.907730,136.626862,74.749901,101.098656,161.580002,54.218430
2020-05-14,261.283112,52.612122,45.354282,31.821930,97.206970,137.964111,74.732613,101.934196,163.009995,54.407475
2020-05-15,262.484222,53.321617,45.395432,31.386377,97.265160,137.609100,74.775742,102.292274,163.929993,54.194805
2020-05-18,270.479462,57.123814,47.230679,32.614647,97.123886,134.588013,74.715393,102.873146,162.690002,57.400787
2020-05-19,267.701324,55.959507,46.580524,32.353325,97.231888,135.091522,74.758492,102.952736,164.259995,56.628830
2020-05-20,272.248932,57.705959,47.551636,32.780167,97.481216,135.496033,74.758492,104.082664,164.649994,57.132965
2020-05-21,270.369354,57.760544,47.000248,32.405590,97.556023,135.834412,74.741264,104.003113,162.250000,57.180229
2020-05-22,270.882874,57.997044,46.868565,31.734821,97.605896,136.651581,74.741264,104.003113,163.210007,57.952206
2020-05-26,274.220306,60.389332,48.210022,32.431713,97.447983,134.819138,74.741264,103.859894,160.889999,60.118404
2020-05-27,278.300385,62.745235,48.794334,32.536251,97.589294,134.571487,74.724014,104.289551,161.179993,61.315727
2020-05-28,277.786957,60.889622,49.255203,32.309765,97.522774,134.076294,74.758492,104.377098,161.720001,61.607208
2020-05-29,279.024689,60.161930,49.082378,32.867268,97.780449,135.033752,74.758492,105.053474,162.910004,60.992775
2020-06-01,280.152496,60.825932,50.176933,33.625149,97.725479,134.124634,74.749870,105.007195,163.660004,62.402798
2020-06-02,282.472168,61.517250,50.646042,34.426579,97.808746,133.636963,74.749870,105.342247,162.600006,62.906921
2020-06-03,286.231445,63.618473,51.855808,35.228008,97.567307,131.860016,74.689484,105.278412,159.600006,64.923470
2020-06-04,285.479614,64.473495,51.633610,34.731476,97.275864,129.950745,74.706703,104.959351,161.279999,64.277542
2020-06-05,292.796204,67.293312,52.522423,35.646141,97.334175,129.025146,74.680855,105.501747,158.009995,66.711586
2020-06-08,296.335449,68.721405,53.205490,35.863922,97.442406,129.520996,74.663536,105.852760,159.720001,68.365791
2020-06-09,294.125824,67.047707,52.514191,35.620010,97.567307,130.992203,74.689484,105.629402,161.259995,67.231468
2020-06-10,292.484528,64.609924,52.398968,35.881351,97.966919,132.934448,74.732620,106.323410,163.570007,65.522148
2020-06-11,275.623108,59.334167,49.592617,34.008446,97.800453,135.446960,74.698082,105.055099,162.389999,61.315727
2020-06-12,278.923889,60.835041,50.448524,34.731476,97.900322,134.141113,74.724022,105.565590,162.619995,63.513454
2020-06-15,281.527771,62.181469,50.655510,34.416042,98.225098,134.215546,74.706703,107.065231,162.330002,64.411469
2020-06-16,286.946533,63.760635,51.281502,34.635086,98.033554,132.157532,74.698082,106.770157,162.250000,65.679672
2020-06-17,285.754578,62.373146,51.473476,34.968044,97.950310,132.702972,74.724022,106.562721,162.559998,64.726547
2020-06-18,285.864655,62.126686,51.198044,34.985558,98.050247,134.108063,74.715370,106.802002,162.240005,64.017609
2020-06-19,284.230957,61.314274,50.947636,34.976795,98.083527,134.215546,74.732620,106.881790,164.029999,63.088074
2020-06-22,286.054413,61.852840,51.556946,35.406120,98.058578,134.232071,74.715370,106.778046,165.089996,63.025097
2020-06-23,287.371368,62.044540,51.840725,35.747829,98.041893,133.314651,74.732620,106.578651,166.479996,62.765125
2020-06-24,280.040771,59.890263,50.513630,35.274693,98.025276,134.744461,74.741234,106.283524,165.899994,60.977028
2020-06-25,283.042938,60.821350,51.231430,35.423641,98.141815,135.132980,74.741234,106.395157,165.800003,61.755821
2020-06-26,276.320282,59.004829,50.488583,34.994320,98.258392,136.579346,74.767128,106.490906,166.539993,60.570522
2020-06-29,280.381470,61.515072,50.897564,35.152031,98.341637,136.149551,74.784416,106.985474,166.630005,61.739929
2020-06-30,283.973053,62.336632,50.805748,35.038128,98.424896,135.488327,74.775772,107.288635,167.369995,62.471802
2020-07-01,285.962250,61.442059,50.997723,35.432411,98.477432,135.225235,74.750732,107.712326,166.619995,63.911697
2020-07-02,287.537109,61.788944,51.556946,36.238491,98.594238,135.365906,74.785301,107.976242,166.979996,63.728714
2020-07-06,291.975800,62.373146,52.399952,37.798077,98.585884,134.811508,74.759338,108.256042,167.979996,63.696896
2020-07-07,288.964417,61.113445,51.632061,37.167229,98.736046,136.706390,74.776657,108.399940,169.039993,62.432030
2020-07-08,291.174591,61.369045,52.066093,38.131020,98.702682,136.160263,74.776657,108.224045,170.089996,62.344501
2020-07-09,289.516998,59.963287,51.473476,38.131020,98.961311,138.328232,74.793930,108.831696,169.630005,61.954708
2020-07-10,292.473053,61.296028,52.024361,37.885689,98.844498,137.633148,74.767982,108.631805,169.190002,62.145638
2020-07-13,289.940582,60.702682,51.690487,37.631603,98.836174,138.088287,74.767982,108.343964,169.399994,61.405819
2020-07-14,293.697937,61.697659,52.450031,37.684170,98.994637,138.286835,74.776657,108.975624,170.190002,61.922886
2020-07-15,296.396240,64.061874,53.042629,37.798077,99.003029,137.641418,74.785301,109.191483,170.339996,62.527485
2020-07-16,295.420135,63.614571,52.700436,37.263611,99.069725,138.295120,74.785301,109.495308,168.729996,61.779697
2020-07-17,296.276550,63.623711,53.009254,37.473892,99.169846,138.005463,74.802559,109.791138,170.119995,62.583157
2020-07-20,298.670898,63.121658,53.267998,37.955784,99.278305,138.344849,74.785301,110.094971,170.940002,61.835381
2020-07-21,299.306274,64.527382,53.376503,38.306259,99.336670,138.427521,74.802559,110.238861,173.000000,61.986530
2020-07-22,301.010010,64.582169,53.518402,38.139778,99.420097,138.841217,74.793930,110.598610,175.630005,62.933201
2020-07-23,297.418365,65.029465,53.092720,37.833122,99.536873,140.463089,74.793930,110.678612,177.179993,62.670673
2020-07-24,295.502960,63.924942,52.800594,37.798077,99.503548,140.454773,74.802559,110.430710,178.699997,62.209270
2020-07-27,297.657837,64.655197,53.493355,38.385105,99.436798,139.933517,74.776657,110.094971,182.229996,62.797962
2020-07-28,295.770081,64.207916,53.151146,38.069687,99.503548,140.901581,74.793930,109.983002,183.750000,64.046913
2020-07-29,299.407654,65.832726,53.710365,38.683010,99.620300,140.661667,74.811211,110.582642,185.130005,65.287903
2020-07-30,298.339325,65.421974,52.917442,38.192352,99.695419,141.588486,74.837135,110.462685,183.759995,64.866280
2020-07-31,300.696777,65.002075,51.790638,37.929501,99.737129,141.497452,74.845757,110.614616,185.429993,64.746994
2020-08-03,302.787323,65.741463,52.800594,38.192352,99.776382,140.784943,74.845772,110.762894,185.639999,63.887810
2020-08-04,303.956848,66.124855,53.092720,38.700535,99.968575,142.126984,74.854385,111.171486,189.589996,64.842438
2020-08-05,305.844757,67.640129,53.267998,39.121090,99.776382,140.884445,74.837120,111.019249,191.350006,64.516266
2020-08-06,307.889160,67.265877,53.326424,39.243763,99.918442,141.671463,74.837120,111.491989,193.889999,64.619675
2020-08-07,308.110291,68.489044,53.109413,38.437679,99.801445,140.727020,74.828491,111.179520,190.809998,65.542496
2020-08-10,309.031158,69.173683,53.284687,38.534058,99.709511,140.097458,74.811188,110.939156,190.149994,65.645897
2020-08-11,306.480194,69.100647,53.476662,38.428917,99.433762,138.432404,74.793907,110.242050,179.940002,64.699242
2020-08-12,310.753235,69.337975,54.661873,38.945862,99.233215,137.173233,74.776619,109.969574,179.100006,65.351562
2020-08-13,310.191498,68.936325,54.419827,38.831959,98.865494,135.706955,74.767967,108.976151,183.330002,64.548080
2020-08-14,310.200714,68.908958,54.085968,38.761864,98.773605,135.176819,74.776619,108.495392,182.539993,64.556030
2020-08-17,311.186035,69.018509,54.494949,39.252518,98.907280,135.516495,74.785263,108.719704,186.500000,65.081093
2020-08-18,311.858398,68.187798,54.461563,39.208710,99.049377,136.485611,74.793907,109.032196,188.179993,64.770844
2020-08-19,310.559875,68.178696,54.219509,38.726814,98.898933,135.632462,74.793907,108.743736,182.240005,63.633251
2020-08-20,311.526886,67.630989,54.044231,38.604145,99.074417,136.858475,74.793907,109.128342,183.500000,64.237831
2020-08-21,312.631989,67.192841,53.768795,38.796913,99.174706,137.678558,74.785263,109.328667,182.029999,64.341255
2020-08-24,315.799927,68.406898,54.478256,39.226238,99.132935,137.454895,74.776619,109.136368,181.000000,64.754929
2020-08-25,316.904846,68.352135,54.511631,39.620514,98.924026,136.402878,74.785263,108.663620,181.220001,64.921989
2020-08-26,320.082123,67.777054,54.828815,39.725651,98.907280,135.880936,74.785263,108.703674,183.360001,64.325348
2020-08-27,320.781982,68.014381,54.269596,39.392704,98.564659,133.569748,74.776619,107.838379,181.240005,65.272018
2020-08-28,322.854065,68.534706,54.653542,39.909645,98.698418,133.470337,74.802513,108.166832,184.389999,65.701576
2020-08-31,321.684540,67.521461,54.236210,39.024715,98.915665,134.356705,74.828491,108.647621,184.830002,65.033356
2020-09-01,324.714325,68.297371,54.294624,39.690601,99.120750,135.893417,74.810333,109.334190,185.050003,65.081093
2020-09-02,329.410919,69.082397,55.020794,39.585464,99.321594,137.187210,74.818947,109.767784,182.619995,66.290283
2020-09-03,318.074585,67.366280,53.777142,38.831959,99.346725,137.576935,74.810333,109.526878,181.139999,65.494743
2020-09-04,315.477570,67.010300,53.852257,38.849480,98.852882,134.964615,74.784363,108.362549,181.639999,65.152672
2020-09-08,306.857819,65.385452,53.192875,38.174828,98.961708,135.793900,74.793015,108.466942,181.289993,64.357155
2020-09-09,312.917419,66.124855,54.186123,38.744339,98.953300,135.429062,74.801674,108.539230,183.050003,64.993553
2020-09-10,307.484039,65.239403,53.551785,38.122257,98.961708,136.117310,74.793015,108.619522,182.460007,64.198067
2020-09-11,307.640472,64.792137,54.085968,38.490253,99.078873,136.407562,74.810333,108.699791,182.449997,63.840088
2020-09-14,311.692657,65.914886,54.378094,39.112335,99.087219,136.399292,74.801674,108.972824,183.889999,65.399284
2020-09-15,313.267365,65.933151,54.728642,39.524132,99.095612,136.067673,74.810333,109.093277,183.449997,66.186852
2020-09-16,312.024170,66.380424,54.728642,39.471558,99.045395,135.661209,74.818947,109.165482,183.970001,66.536880
2020-09-17,309.279816,65.850990,54.803780,39.313850,99.070496,136.075912,74.801674,109.189613,182.960007,65.240181
2020-09-18,305.719208,65.476753,54.361397,39.007187,98.953300,135.652924,74.810333,108.988884,183.199997,63.768475
2020-09-21,302.316650,63.203808,52.984215,38.647964,98.970070,136.341187,74.801674,108.884506,179.520004,61.851288
2020-09-22,305.395599,63.578083,52.967522,38.358829,99.045395,136.233490,74.818947,108.948723,178.649994,62.591118
2020-09-23,298.313171,61.872231,52.525154,37.763027,98.836143,136.415955,74.818947,108.161766,174.789993,60.705750
2020-09-24,299.108276,62.119717,52.475071,37.587791,98.844528,136.938385,74.810333,107.888786,175.440002,61.031906
2020-09-25,303.943970,62.770531,52.650349,37.622833,98.877991,136.938385,74.818947,107.776344,174.940002,62.290562
2020-09-28,308.992218,64.557930,53.443279,38.043404,98.961708,136.548584,74.827629,108.322365,176.699997,63.565212
2020-09-29,307.309540,64.191299,53.384850,38.017120,98.978416,136.706268,74.818947,108.185829,178.190002,63.108261
2020-09-30,309.639496,64.374626,53.126106,38.630440,98.819382,135.395813,74.827629,108.169861,177.119995,63.300671
2020-10-01,311.627350,65.291252,53.434929,38.989662,98.955254,135.619171,74.810303,108.470772,178.699997,64.567337
2020-10-02,308.668579,65.923706,53.326424,38.542820,98.854599,135.112717,74.818939,108.486900,178.539993,65.681664
2020-10-05,314.142303,67.399490,54.136040,39.059761,98.536011,132.472717,74.792961,108.124756,179.410004,66.058441
2020-10-06,309.676453,67.381142,53.560127,39.129856,98.619896,133.186768,74.792961,108.036270,177.300003,65.625542
2020-10-07,315.066895,68.343620,54.019196,39.559181,98.552780,132.215424,74.784332,108.068436,177.220001,65.721748
2020-10-08,317.859192,69.370224,54.394787,39.883366,98.678543,132.929382,74.784332,108.333984,177.850006,66.820053
2020-10-09,320.697632,69.736908,54.820461,40.154980,98.703690,132.904465,74.784332,108.583450,181.080002,66.555489
2020-10-12,325.856964,70.204376,55.137630,40.505440,98.896538,133.327866,74.801682,109.211182,180.559998,66.868141
2020-10-13,323.730438,69.416061,54.519989,40.338974,98.921715,134.282593,74.792961,109.106529,177.720001,65.721748
2020-10-14,321.696259,69.021927,54.428181,40.067364,98.980408,134.589676,74.792961,109.211182,178.270004,64.920067
2020-10-15,321.298706,69.911041,53.785484,39.778221,98.896538,134.357224,74.810303,109.098526,178.919998,65.256775
2020-10-16,321.104553,69.507729,54.035881,39.918415,98.846222,133.983627,74.801682,108.913422,178.300003,64.791786
2020-10-19,316.222656,68.746925,53.835567,39.804508,98.728844,133.477310,74.801682,108.704185,178.389999,63.781673
2020-10-20,317.489380,69.214401,54.102657,40.242596,98.645035,132.207047,74.792961,108.478859,179.250000,64.238640
2020-10-21,316.888306,68.829407,53.843918,40.356499,98.527618,131.750504,74.792961,108.301804,180.600006,64.046227
2020-10-22,318.626617,69.956879,53.885643,40.347736,98.351555,130.380707,74.767044,108.060387,178.830002,64.038208
2020-10-23,319.708435,70.286880,54.236210,40.584301,98.494118,131.177734,74.775665,108.333984,178.639999,64.423027
2020-10-26,313.800232,68.829407,53.259647,40.058601,98.628220,132.397995,74.784332,108.559280,178.550003,63.501083
2020-10-27,312.718384,67.931129,52.842323,40.233833,98.854599,133.286331,74.784332,109.001945,179.020004,62.482952
2020-10-28,302.030029,65.850365,51.264816,39.226238,98.712074,133.410889,74.784332,108.462746,176.130005,60.991837
2020-10-29,305.099731,66.867844,51.506859,39.620514,98.536011,132.115814,74.801682,108.181099,175.399994,61.809525
2020-10-30,301.919128,66.015373,51.239777,39.173664,98.267715,130.812393,74.792961,107.617760,176.199997,61.400673
2020-11-02,305.303131,67.408638,51.907497,39.673080,98.445724,131.792282,74.792145,108.039551,177.910004,62.867760
2020-11-03,310.693481,69.104401,53.267998,39.848312,98.403725,131.027664,74.774811,108.144363,178.919998,64.078300
2020-11-04,317.637238,68.444427,53.852257,41.101250,99.058823,133.869934,74.792145,109.765366,178.820007,64.190544
2020-11-05,323.832031,70.451836,55.145977,41.802181,99.151192,134.102646,74.774811,110.176636,182.929993,64.495178
2020-11-06,323.758148,69.764374,55.262840,41.994934,98.932869,132.482071,74.783478,109.829857,183.190002,64.054260
2020-11-09,327.826355,73.128387,56.873722,42.284077,98.470909,129.697906,74.757492,108.999184,175.080002,66.322998
2020-11-10,327.345520,75.053307,57.382870,41.802181,98.311378,128.949905,74.748848,108.716988,175.660004,67.293053
2020-11-11,329.777344,74.558319,57.866982,42.073795,98.370171,129.415375,74.731514,108.918579,174.899994,67.549583
2020-11-12,326.578094,72.963394,57.023964,41.758369,98.781693,131.617661,74.740173,109.354042,175.960007,66.667732
2020-11-13,331.099518,74.915802,57.900368,42.345409,98.798424,131.443161,74.740173,109.483101,177.160004,68.447464
2020-11-16,335.232422,77.170708,58.501308,42.871113,98.790039,131.127304,74.757492,109.837936,177.149994,69.217056
2020-11-17,333.429474,77.601540,58.442883,42.827309,98.991623,131.983398,74.748848,110.192757,176.500000,69.281197
2020-11-18,329.416595,76.519913,58.134071,42.678352,99.058823,132.365707,74.748848,110.426613,175.490005,67.934372
2020-11-19,330.803558,76.969063,58.543053,42.748451,99.243591,133.047165,74.766144,111.039505,175.160004,68.198929
2020-11-20,328.538269,76.886566,58.718330,42.985020,99.344398,134.227234,74.774811,110.942772,175.690002,67.830154
2020-11-23,330.507660,78.673988,58.643219,43.098915,99.319183,133.612305,74.774811,111.079826,172.229996,67.958420
2020-11-24,335.833405,80.598885,59.519592,43.677189,99.184807,132.282547,74.783478,110.829842,169.589996,68.319191
2020-11-25,335.315582,79.966423,59.444492,43.431862,99.151192,131.875336,74.792145,110.894325,169.509995,68.359276
2020-11-27,336.249420,79.828934,59.853481,43.843658,99.319183,133.155182,74.792145,111.289566,167.789993,68.054634
2020-11-30,334.760834,78.041512,58.551395,42.695881,99.453537,132.988968,74.809433,111.676613,166.669998,67.341141
2020-12-01,338.422272,78.903145,59.928589,43.536991,99.138893,131.028152,74.768730,111.253227,170.179993,68.206940
2020-12-02,339.134277,79.269798,59.936928,43.598335,99.029518,129.988251,74.786057,110.881470,171.460007,67.669838
2020-12-03,339.041840,79.792267,60.037083,44.097755,99.197800,131.036423,74.803368,111.317863,172.809998,68.239021
2020-12-04,341.963470,81.772148,60.546230,44.553360,98.928566,129.114731,74.794716,110.703720,172.320007,69.281197
2020-12-07,341.260803,81.570526,60.053776,44.553360,99.080009,130.279404,74.812050,110.800636,174.889999,68.679932
2020-12-08,342.259430,82.175507,60.262451,44.570881,99.088402,130.895004,74.794716,110.671402,175.500000,68.439445
2020-12-09,339.189697,82.221313,60.345913,44.185371,98.945419,130.462418,74.786057,110.267380,172.500000,68.014526
2020-12-10,339.078827,82.606308,60.429379,44.754887,99.189362,131.618790,74.803368,110.816833,172.169998,67.717934
2020-12-11,338.681183,81.937180,60.245766,44.439461,99.298744,132.084656,74.846680,110.929955,172.490005,67.653801
2020-12-14,337.164795,81.751503,60.282833,44.208412,99.239845,131.718628,74.838013,110.849136,171.539993,67.357155
2020-12-15,341.723114,83.902367,60.898048,44.686443,99.298744,131.277710,74.838013,111.067329,173.940002,68.736053
2020-12-16,342.259430,83.488762,61.134026,44.898891,99.256691,130.928314,74.838013,110.978416,174.899994,68.816223
2020-12-17,344.173279,84.242455,61.563839,45.191013,99.252457,130.581894,74.839783,111.140373,176.740005,69.481621
2020-12-18,342.799042,83.525513,61.243591,45.137913,99.201927,130.190430,74.831070,111.059395,176.440002,68.086700
2020-12-21,341.573303,83.231384,60.459805,44.473980,99.201927,130.706787,74.831070,110.840797,175.880005,67.701889
2020-12-22,340.997711,83.755310,60.308117,44.119892,99.345093,131.381287,74.831070,111.148506,174.490005,68.174896
2020-12-23,341.304047,84.554970,60.957043,44.571354,99.277748,130.473587,74.848427,111.172798,175.649994,67.733978
2020-12-24,342.631958,84.628517,60.982338,44.376606,99.370377,130.989960,74.831070,111.553352,176.350006,68.326981
2020-12-28,345.575470,84.950226,61.479557,44.500534,99.387222,131.048203,74.839783,111.626205,175.710007,68.734268
2020-12-29,344.916077,83.497925,61.875645,45.164459,99.404060,130.881668,74.839783,111.674843,176.350006,68.147766
2020-12-30,345.408234,84.343575,61.959942,45.766418,99.463020,131.164810,74.848427,111.820580,177.699997,68.522484
2020-12-31,347.163239,84.472244,61.487995,45.739868,99.538834,131.356308,74.839783,111.844841,178.360001,69.182281
2021-01-04,342.436981,83.681763,61.808231,46.031986,99.412491,131.198151,74.848427,111.278030,182.330002,66.934044
2021-01-05,344.795410,85.464973,62.448730,47.138523,99.311409,130.223785,74.848427,110.921806,182.869995,67.031799
2021-01-06,346.856689,89.619644,63.165073,46.740177,98.822922,127.550529,74.805107,110.023041,179.899994,67.145836
2021-01-07,352.010162,90.566391,63.232506,47.182785,98.721878,126.426208,74.822411,110.006821,179.479996,67.015503
2021-01-08,354.015869,89.821861,63.822453,48.430962,98.603966,126.018188,74.813766,109.925842,173.339996,67.667168
2021-01-11,351.629456,90.235497,62.988113,47.775890,98.443947,125.810005,74.805107,109.456169,173.000000,66.771133
2021-01-12,351.703766,91.788902,63.274651,48.245068,98.528168,125.709984,74.805107,109.691017,174.119995,66.925903
2021-01-13,352.650848,90.980026,63.190380,48.351292,98.839813,127.125763,74.796410,110.541206,173.369995,67.740479
2021-01-14,351.415894,93.140091,63.696037,48.802761,98.646088,125.934921,74.805107,110.063492,173.279999,68.139610
2021-01-15,348.853180,91.513130,62.701576,48.112274,98.747147,126.434586,74.813766,110.233482,171.130005,68.921616
2021-01-19,351.592285,92.386353,63.156662,48.908989,98.881897,126.842606,74.839783,110.427834,172.580002,68.726128
2021-01-20,356.457947,92.882729,63.586464,49.767658,98.890312,126.967590,74.831070,110.395462,175.389999,70.037598
2021-01-21,356.782928,91.825676,63.637035,49.856182,98.747147,126.076454,74.839783,109.958237,175.279999,69.703606
2021-01-22,355.520172,92.983841,63.333633,49.422421,98.747147,126.484505,74.839783,109.877266,173.899994,69.866524
2021-01-25,356.922180,93.121696,63.257790,49.794216,98.999802,127.975266,74.848427,110.346909,174.050003,70.395996
2021-01-26,356.365051,93.130898,63.350491,49.431274,98.966118,127.733711,74.839783,110.338745,173.619995,70.892906
2021-01-27,347.655457,92.873520,61.900940,48.059174,98.974533,128.058517,74.839783,110.144463,172.520004,69.638443
2021-01-28,350.645264,91.035187,62.297039,48.395550,98.907173,127.350632,74.831070,109.966293,172.679993,70.013161
2021-01-29,343.625488,89.683983,61.007610,47.191639,98.797676,126.584534,74.857101,109.796272,172.610001,69.206734
2021-02-01,349.345245,91.274162,61.732395,48.466370,98.892151,126.731262,74.865753,110.012917,174.229996,70.787003
2021-02-02,354.285065,91.522316,62.356030,49.094883,98.740372,125.914093,74.839760,109.720848,172.110001,71.210564
2021-02-03,354.563751,91.853233,62.507732,49.342751,98.622215,124.796860,74.848396,109.461189,171.850006,71.031380
2021-02-04,358.593597,93.498550,62.575153,49.360451,98.580025,124.463425,74.848396,109.647804,168.149994,71.520126
2021-02-05,360.004944,94.610786,62.962826,49.785366,98.453499,123.421173,74.865753,109.355728,169.809998,71.772652
2021-02-08,362.604950,97.230400,63.401062,49.873890,98.554695,123.963150,74.857071,109.826317,171.520004,72.163628
2021-02-09,362.363495,97.928986,63.746586,50.405033,98.596916,124.054848,74.839760,109.655922,172.080002,72.416161
2021-02-10,362.205627,97.598083,63.527466,50.582069,98.689690,124.880287,74.848396,109.915558,172.710007,72.807159
2021-02-11,362.790588,97.818672,63.957272,51.122070,98.571609,124.196564,74.848396,109.623451,171.210007,72.961929
2021-02-12,364.582642,98.011711,64.311256,51.166325,98.343842,122.654152,74.857071,109.266533,170.690002,72.978210
2021-02-16,364.266968,97.781906,64.774757,51.290257,97.879868,120.786522,74.831078,108.495735,168.240005,72.416161
2021-02-17,364.350555,97.267189,64.395515,51.307964,98.073883,121.553589,74.848396,109.039352,166.330002,72.326569
2021-02-18,362.799866,95.796494,64.075279,50.599777,98.023262,121.061584,74.848396,108.828384,166.320007,72.017021
2021-02-19,362.159180,97.423424,64.260681,50.927307,97.719574,119.452515,74.857071,108.041451,167.009995,72.432465
2021-02-22,359.373505,98.011711,64.100540,49.431274,97.415916,118.543709,74.839760,107.368004,169.509995,73.035255
2021-02-23,359.809998,97.460197,64.159531,49.652580,97.441231,118.201881,74.848396,107.449181,169.119995,73.491417
2021-02-24,363.774811,100.153374,64.361809,49.333904,97.407463,117.426422,74.831078,107.611404,169.000000,74.053459
2021-02-25,355.009460,97.055771,63.266209,48.209652,96.513252,115.508858,74.718407,105.907684,165.820007,72.636101
2021-02-26,353.180054,96.596169,62.372898,47.563435,97.297791,119.327415,74.813751,107.311241,161.809998,71.577148
2021-03-01,361.741302,99.583488,63.544323,48.838161,97.247078,117.751427,74.806793,107.416130,161.529999,71.894829
2021-03-02,358.918549,97.855453,63.476910,48.360142,97.263992,117.759766,74.824142,107.294151,162.410004,71.202446
2021-03-03,354.164459,98.002518,63.089226,48.262775,96.909103,116.482567,74.780807,106.497482,160.619995,70.795151
2021-03-04,349.781769,96.210129,62.490868,47.138523,96.630264,115.731300,74.780807,105.627625,159.039993,69.988716
2021-03-05,356.216492,98.397781,62.895405,47.651958,96.562691,115.956673,74.780807,105.489426,159.139999,70.754433
2021-03-08,354.443054,100.282066,62.676289,46.368378,96.182442,115.055130,74.754807,104.505730,157.490005,71.365356
2021-03-09,359.503510,101.265594,63.519039,47.386395,96.545799,116.649529,74.754807,105.294312,160.839996,71.837822
2021-03-10,361.741302,103.361313,63.788727,47.173935,96.706329,116.883270,74.780807,105.790192,161.660004,72.554649
2021-03-11,365.409088,104.703300,64.125847,48.661129,96.697899,116.040108,74.780807,105.855209,161.520004,73.401794
2021-03-12,365.901215,105.714417,64.285965,47.793598,96.148621,113.577591,74.772133,104.635780,161.490005,74.631813
2021-03-15,368.083252,105.512199,64.336510,47.908676,96.250038,114.245422,74.780807,104.993500,162.199997,75.739662
2021-03-16,367.618988,103.876068,64.446083,48.112274,96.216248,113.786316,74.780807,104.920364,162.350006,75.430122
2021-03-17,368.872467,104.445946,64.825325,48.174248,96.207779,112.934868,74.798119,105.017891,163.509995,75.495270
2021-03-18,363.505493,102.138824,64.235390,47.289009,95.835999,111.791199,74.789452,104.416328,162.559998,74.729568
2021-03-19,362.832947,102.359428,64.412369,47.873272,95.912071,112.484032,74.789452,104.570793,163.240005,73.711349
2021-03-22,365.730194,100.925499,64.471367,47.731632,96.097954,113.744560,74.780807,104.944740,163.000000,74.232681
2021-03-23,362.851593,97.432632,63.578045,46.819843,96.342995,114.771286,74.789452,105.253662,161.809998,74.126801
2021-03-24,361.007050,95.732162,63.257790,45.748714,96.461296,115.389030,74.806793,105.570717,162.369995,73.711349
2021-03-25,363.037872,98.317978,63.729740,45.961163,96.410614,114.479149,74.815491,105.448753,161.779999,74.461868
2021-03-26,368.888184,100.713936,64.555634,47.156227,96.250038,114.078461,74.815491,105.375603,162.240005,76.067780
2021-03-29,368.701935,98.225822,64.302811,46.828697,96.089531,113.110146,74.798119,105.123581,160.309998,75.625328
2021-03-30,367.723755,99.644966,64.218536,46.979191,96.165550,113.702812,74.798119,105.448753,157.570007,75.723656
2021-03-31,369.214294,100.013603,63.940426,47.218193,96.182442,113.068413,74.772133,105.725220,159.960007,75.264832
2021-04-01,373.201416,101.451157,64.774757,47.678516,96.505707,114.945023,74.771255,106.388222,161.979996,76.633110
2021-04-05,378.558014,101.893501,65.718658,47.864418,96.311104,114.443481,74.753914,105.866913,161.919998,76.928093
2021-04-06,378.334442,101.792130,65.019165,48.129986,96.649590,115.220810,74.771255,106.575592,163.220001,77.124725
2021-04-07,378.772278,100.280830,65.153999,47.421795,96.497261,114.418358,74.779984,106.363777,162.759995,77.182098
2021-04-08,380.570312,100.806084,65.524826,47.811302,96.734207,115.362946,74.805939,106.754730,164.509995,76.895302
2021-04-09,383.337036,100.916679,65.727081,47.404095,96.624222,114.945023,74.779984,106.534821,163.270004,76.805199
2021-04-12,383.476929,101.036469,65.364693,47.120815,96.598793,114.894875,74.762604,106.510399,162.279999,77.255829
2021-04-13,384.613342,100.345329,65.743950,47.315571,96.878090,115.755821,74.788589,106.982819,163.429993,77.640923
2021-04-14,383.299805,101.451157,65.794502,47.554585,96.801872,115.388046,74.788589,106.836205,162.720001,77.231247
2021-04-15,387.417419,101.773697,66.342300,47.988354,97.182709,117.318962,74.805939,107.496002,165.350006,78.583176
2021-04-16,388.712341,102.077812,66.822670,48.112274,96.928848,116.407875,74.797279,106.762939,166.350006,78.755211
2021-04-19,386.802521,101.045708,66.704689,47.935234,96.852699,116.073463,74.788589,106.485970,165.889999,78.910889
2021-04-20,383.970581,98.668144,65.507973,47.545731,97.005005,116.608421,74.805939,106.689598,166.479996,79.558167
2021-04-21,387.603668,100.935120,66.182167,47.837860,97.098091,116.842445,74.823303,107.056160,168.130005,80.082558
2021-04-22,384.063721,100.345329,65.963058,47.669662,97.123466,117.352394,74.814651,107.162041,167.039993,79.648308
2021-04-23,388.227936,102.206825,66.637260,48.360142,97.106567,117.076546,74.797279,107.251648,166.399994,80.115334
2021-04-26,389.038361,102.704445,66.687828,48.422112,97.021919,116.909363,74.779984,107.202774,166.839996,80.352943
2021-04-27,388.954437,103.045410,66.468727,48.395550,96.784958,115.889587,74.771255,106.722191,166.419998,80.344742
2021-04-28,388.842773,103.238945,66.637260,48.758503,96.835762,115.964775,74.788589,106.738457,166.910004,80.172699
2021-04-29,391.320770,103.303444,66.662544,48.643414,96.784958,115.622055,74.805939,106.608124,166.220001,80.860931
2021-04-30,388.749512,101.865860,65.828217,47.784740,96.886520,115.889587,74.814651,106.828079,165.660004,81.180481
2021-05-03,389.587982,103.017769,66.553001,47.784740,96.948395,115.959068,74.807693,107.085159,167.809998,81.024780
2021-05-04,387.184540,102.547775,65.566956,47.244751,97.067047,116.745934,74.807693,107.150429,166.580002,80.500420
2021-05-05,387.305664,102.501709,66.460281,47.466064,97.143311,116.938507,74.825058,107.280998,167.270004,79.164902
2021-05-06,390.398499,103.183655,67.008087,47.917530,97.160263,117.131042,74.825058,107.485031,170.059998,79.607346
2021-05-07,393.239777,103.957733,67.766571,48.413258,97.134850,116.553383,74.851051,107.525887,171.589996,80.656097
2021-05-10,389.345795,101.819778,67.404182,47.545731,96.982307,115.373093,74.825058,106.946404,172.110001,80.631523
2021-05-11,385.871033,101.147057,66.519287,47.412945,96.770409,114.720085,74.816345,106.554688,172.139999,79.615532
2021-05-12,377.673004,98.032280,65.457397,46.102806,96.431396,113.514664,74.807693,105.975235,170.429993,77.599945
2021-05-13,382.209839,100.492775,65.946198,46.040844,96.651772,113.690422,74.825058,106.375099,171.130005,78.607742
2021-05-14,388.078827,102.501709,67.050224,46.872967,96.872093,114.753632,74.825058,106.954605,172.690002,79.541794
2021-05-17,387.091309,102.759750,66.923813,46.828697,96.787331,114.510788,74.825058,106.832146,174.699997,79.623711
2021-05-18,383.756348,101.746063,67.067070,47.457214,96.668724,114.217827,74.833694,106.481224,175.039993,79.640114
2021-05-19,382.750183,101.082573,66.477135,47.315571,96.533096,113.941582,74.807693,106.293533,175.160004,79.386108
2021-05-20,386.867737,101.294502,67.353622,47.589993,96.863640,114.879150,74.842377,107.019875,175.960007,80.279205
2021-05-21,386.551056,101.782928,67.446327,47.041153,96.906029,115.247490,74.825058,107.093361,176.039993,80.197258
2021-05-24,390.491638,102.298965,67.859276,47.430656,96.999245,115.674477,74.842377,107.387108,176.350006,81.196869
2021-05-25,389.625275,101.137840,67.876122,47.899826,97.236572,116.745934,74.842377,107.787025,177.949997,81.172279
2021-05-26,390.398499,103.294212,67.833992,48.253914,97.202652,116.545044,74.859711,107.729904,177.639999,81.532806
2021-05-27,390.603455,104.298683,67.960396,48.262775,97.083992,116.076279,74.859711,107.403481,177.710007,81.344360
2021-05-28,391.302155,103.994591,68.120529,48.572598,97.083992,115.892105,74.859711,107.493225,178.380005,81.835960
2021-06-01,390.957428,105.773148,68.364937,49.572910,97.038979,115.866089,74.844093,107.507149,177.899994,83.310783
2021-06-02,391.572266,105.450607,68.592484,49.652580,97.166306,116.134377,74.852745,107.678856,178.770004,84.285805
2021-06-03,390.119049,104.556717,68.255371,49.121452,96.937157,115.698402,74.826729,107.253662,175.270004,83.974426
2021-06-04,393.686981,104.934555,68.836876,49.564053,97.336082,117.282890,74.852745,108.014137,177.160004,84.015388
2021-06-07,393.304993,105.957443,69.064438,49.316196,97.268166,116.922417,74.844093,107.924156,177.869995,85.006821
2021-06-08,393.388885,107.173851,69.030708,49.077183,97.446411,117.743942,74.861435,108.332985,177.320007,85.711433
2021-06-09,392.801849,106.381348,68.845322,48.935543,97.641624,118.783531,74.844093,108.725525,176.979996,85.826149
2021-06-10,394.627869,104.712486,69.034958,49.327641,97.845329,119.496063,74.870148,109.216171,177.740005,86.440666
2021-06-11,395.279938,105.765320,69.197281,49.158703,97.802910,119.303246,74.852745,109.306122,175.740005,86.096535
2021-06-14,396.165039,105.248146,69.316864,49.292076,97.556740,118.389465,74.826729,108.905434,174.710007,86.432457
2021-06-15,395.438385,105.432869,69.402298,48.954216,97.599182,118.247009,74.818100,108.987190,174.050003,85.506615
2021-06-16,393.230499,105.395912,68.975166,48.287388,97.285126,118.146324,74.748665,108.676453,171.110001,84.949455
2021-06-17,393.100067,103.539574,68.496750,48.554111,97.590736,119.915222,74.748665,109.281586,165.850006,84.842934
2021-06-18,387.796967,100.833580,67.078636,48.216251,97.853821,122.170380,74.687981,109.853996,164.929993,83.400887
2021-06-21,393.348724,103.096252,67.958557,48.420750,97.599182,120.124847,74.705330,109.216171,166.949997,85.121506
2021-06-22,395.451569,103.668877,67.967102,48.198479,97.701042,120.418243,74.748665,109.396080,166.250000,84.679070
2021-06-23,394.974976,103.844353,67.531418,48.491879,97.650131,120.108002,74.696655,109.224388,166.139999,84.531586
2021-06-24,397.311554,105.229668,68.180664,48.936432,97.684074,120.300911,74.705330,109.437004,166.039993,84.349228
2021-06-25,398.722778,105.340508,68.325905,49.345417,97.488853,119.051750,74.696655,109.150803,166.589996,84.918594
2021-06-28,399.526611,104.259964,67.890221,49.389874,97.768944,120.275749,74.722694,109.616867,166.580002,84.671051
2021-06-29,399.741577,104.019829,67.907295,49.354317,97.819885,120.476883,74.713997,109.747696,164.830002,84.440025
2021-06-30,400.078033,104.343079,67.386185,49.034237,97.887787,121.013481,74.731354,109.870369,165.630005,83.994392
2021-07-01,402.293091,104.998795,67.548492,48.758614,97.833389,121.020164,74.716591,109.774521,166.199997,84.357468
2021-07-02,405.368042,103.890526,67.779152,48.705261,98.045868,121.750481,74.751289,110.085838,167.289993,84.613266
2021-07-06,404.629669,102.375900,67.334930,47.851719,98.360313,123.177513,74.777359,110.487335,168.119995,85.232170
2021-07-07,406.059662,101.692459,67.702271,47.798374,98.530304,124.268784,74.785995,110.864174,168.759995,85.529221
2021-07-08,402.751038,100.501083,66.830910,46.802574,98.640785,124.755623,74.820702,110.921494,168.649994,85.289932
2021-07-09,407.050354,103.059319,67.967102,47.611660,98.317841,123.001251,74.794647,110.454544,169.210007,86.692719
2021-07-12,408.508392,103.548798,68.257568,47.656120,98.258331,122.841736,74.777359,110.397179,169.000000,87.435371
2021-07-13,407.115814,101.609352,67.898743,47.700573,98.045868,121.901581,74.716591,109.987518,169.220001,86.214119
2021-07-14,407.723328,100.417976,68.052528,47.905071,98.377342,123.286629,74.768639,110.495453,171.039993,86.816498
2021-07-15,406.330719,99.965408,67.403267,48.020653,98.589821,124.646500,74.777359,110.733086,171.070007,86.956772
2021-07-16,403.143616,98.515450,66.907776,47.647228,98.504807,124.411499,74.768639,110.577362,169.410004,86.898994
2021-07-19,397.189941,96.622169,65.694702,46.847031,99.023262,127.139580,74.803352,111.372078,169.610001,85.314690
2021-07-20,402.881897,99.531357,66.173096,46.998184,98.929726,125.914047,74.838028,111.216423,169.389999,87.328102
2021-07-21,406.143799,101.193733,67.181152,47.300480,98.606819,124.319183,74.812027,110.823212,168.759995,87.319832
2021-07-22,406.994324,99.300461,67.206772,47.389385,98.836266,125.494278,74.820702,111.281982,169.089996,86.626709
2021-07-23,411.181488,100.113190,67.676643,46.686989,98.768288,124.654877,74.829399,111.232841,168.559998,87.344604
2021-07-26,412.190887,100.999794,67.770622,45.797894,98.683296,124.285553,74.812027,110.987053,168.160004,87.385872
2021-07-27,410.312225,100.048531,67.497238,44.873215,98.912773,125.611855,74.829399,111.462219,168.440002,87.880981
2021-07-28,410.143982,100.898209,67.787689,46.091293,99.006271,125.620201,74.838028,111.658875,169.289993,87.575661
2021-07-29,411.845062,102.154236,68.257568,46.322456,98.844788,124.923500,74.838028,111.339363,171.169998,87.592155
2021-07-30,409.844940,101.830994,67.907295,45.877907,98.980766,125.511154,74.855370,111.429443,169.820007,87.707695
2021-08-02,408.985016,101.184517,68.249001,46.206875,99.191002,126.630539,74.883156,111.751984,169.610001,87.517876
2021-08-03,412.312347,102.117302,68.735947,46.402477,99.225044,126.697830,74.883156,111.866890,169.490005,87.625168
2021-08-04,410.284180,100.316376,68.530937,46.642540,99.216515,126.958321,74.857132,111.891495,169.529999,87.352852
2021-08-05,412.882477,101.720177,68.864120,46.571411,98.995224,126.311195,74.822433,111.431938,168.860001,88.376083
2021-08-06,413.564819,102.966980,68.607819,46.180202,98.552620,124.201706,74.796394,110.520920,164.639999,88.219284
2021-08-09,413.228271,102.098824,68.573639,46.331348,98.373917,123.756264,74.770332,110.044884,161.720001,87.748947
2021-08-10,413.742340,103.087013,68.727409,46.393589,98.246246,123.184799,74.744354,109.798645,161.770004,86.915512
2021-08-11,414.770447,103.807404,69.197281,46.518059,98.339867,123.109085,74.779045,109.971001,164.000000,87.427132
2021-08-12,416.013550,103.280998,69.137466,46.109070,98.348373,122.907372,74.779045,110.126945,164.039993,87.616905
2021-08-13,416.770538,102.523659,69.556061,45.993484,98.705849,124.848793,74.787743,110.865585,166.389999,88.095512
2021-08-16,417.751862,102.015709,69.197281,45.575607,98.756920,125.151352,74.805038,110.931274,167.220001,87.988243
2021-08-17,415.013519,100.538017,68.548012,44.739849,98.680305,125.100975,74.787743,110.734276,166.970001,87.897469
2021-08-18,410.471130,99.725281,68.283195,44.810978,98.688828,125.521164,74.787743,110.660439,167.100006,87.097054
2021-08-19,411.106689,98.838676,67.608299,44.046341,98.859055,126.445694,74.787743,110.914818,166.610001,87.517876
2021-08-20,414.377869,100.334831,67.873123,44.010784,98.867561,126.529732,74.787743,110.988716,166.699997,87.955223
2021-08-23,418.022949,101.609352,68.505295,44.677612,98.867561,126.445694,74.787743,111.070778,168.729996,87.790199
2021-08-24,418.686584,102.320488,68.650528,45.691193,98.722855,125.462387,74.779045,110.816330,168.649994,87.402367
2021-08-25,419.565094,102.699150,68.676163,45.744541,98.535645,124.420212,74.770332,110.529091,167.479996,87.344604
2021-08-26,417.088318,101.563179,68.317352,45.308876,98.544106,124.764778,74.770332,110.496277,167.669998,87.377617
2021-08-27,420.817505,104.546257,68.940994,45.869019,98.816483,125.613655,74.822433,111.111855,170.190002,88.293556
2021-08-30,422.668091,103.927475,68.923904,45.966820,98.927170,125.941444,74.839798,111.300636,169.350006,89.176498
2021-08-31,422.041901,103.779709,68.889717,46.598083,98.782440,125.084122,74.831108,111.046158,169.690002,89.597336
2021-09-01,422.266174,104.259964,69.513359,47.193790,98.813988,125.293694,74.825043,111.189247,169.699997,91.033127
2021-09-02,423.565308,104.703262,69.795273,46.980400,98.916283,125.840714,74.825043,111.386559,169.250000,91.511719
2021-09-03,423.462494,104.056778,70.111374,47.229343,98.745781,124.696274,74.825043,110.983681,171.059998,91.528252
2021-09-07,421.948425,103.105507,70.162605,47.504971,98.481590,123.644363,74.799004,110.457527,167.710007,90.496758
2021-09-08,421.434357,102.237350,69.607338,46.811470,98.643532,124.485779,74.816338,110.811043,167.289993,90.950600
2021-09-09,419.630554,101.978760,69.487740,46.722561,98.958878,125.992233,74.833725,111.534538,168.029999,89.102249
2021-09-10,416.321960,100.944389,69.333954,46.669212,98.762863,124.881332,74.807678,111.213936,167.179993,87.798462
2021-09-13,417.387360,101.710938,69.880714,46.793690,98.890678,125.638710,74.825043,111.485214,167.740005,88.392586
2021-09-14,415.134979,100.408737,69.590240,46.402477,99.112305,127.161888,74.833725,111.822266,168.820007,88.235794
2021-09-15,418.602478,101.489296,69.795273,46.393589,99.018532,126.715828,74.833725,111.690750,167.830002,88.516350
2021-09-16,417.938812,101.110626,69.684227,45.869019,98.848083,126.135231,74.807678,111.534538,164.029999,88.590630
2021-09-17,413.867645,101.055206,68.770134,45.673409,98.762863,125.529343,74.790352,111.287895,163.770004,87.798462
2021-09-20,406.966827,99.328171,67.497238,44.446445,98.950371,127.086098,74.807678,111.633209,164.940002,87.262108
2021-09-21,406.582306,99.143471,68.163582,44.775414,98.992989,126.976723,74.825043,111.624985,166.039993,87.303337
2021-09-22,410.548462,100.750443,68.505295,45.335556,99.027069,127.734108,74.781639,111.937408,165.419998,88.153275
2021-09-23,415.536621,102.468246,69.248528,45.691193,98.541222,124.847710,74.738258,111.164536,163.509995,87.979988
2021-09-24,416.221069,102.330017,68.599274,45.148834,98.370781,123.627487,74.712212,110.926117,163.300003,87.039284
2021-09-27,415.030396,104.213341,68.556564,45.442245,98.234390,123.173080,74.703568,110.868591,163.639999,85.868553
2021-09-28,406.666687,102.728935,67.061562,44.855434,97.825226,121.254395,74.712212,109.684708,162.050003,85.287354
2021-09-29,407.351166,103.044365,66.907776,44.437550,97.893425,121.464798,74.738258,109.660042,161.320007,85.926674
2021-09-30,402.372406,101.300224,66.642960,44.793198,97.876404,121.447922,74.755630,109.372276,164.220001,84.506874
2021-10-01,407.154297,103.294861,66.805275,44.748745,98.175201,122.470032,74.791183,110.167160,164.589996,85.702484
2021-10-04,401.903625,102.933044,66.104752,44.090801,98.106895,122.158257,74.756477,109.985962,165.360001,85.719101
2021-10-05,406.085358,103.211365,66.557526,44.401989,97.876396,120.978668,74.747795,109.532906,164.589996,85.129593
2021-10-06,407.773071,102.478455,66.113297,44.153038,97.919090,121.661140,74.739098,109.565804,165.029999,85.943291
2021-10-07,411.298615,104.037064,66.625862,45.015469,97.645912,120.388847,74.713104,109.079811,164.160004,86.175789
2021-10-08,410.548462,103.359818,66.617332,45.184399,97.432465,119.546257,74.687065,108.577332,164.229996,85.362083
2021-10-11,407.576263,102.775330,66.403755,45.095490,97.278801,119.242912,74.626297,108.371407,163.919998,85.577957
2021-10-12,406.572906,103.053665,66.437935,44.864330,97.637383,121.281975,74.661003,109.063339,164.660004,86.698860
2021-10-13,408.035675,103.016556,67.095711,45.486698,97.859329,122.461601,74.634987,109.615234,167.589996,87.329872
2021-10-14,414.899048,104.398895,67.762070,45.628956,98.047119,122.916550,74.634987,110.134178,168.000000,88.392647
2021-10-15,418.058807,103.907181,68.325905,46.180202,97.808105,122.200325,74.591583,109.738831,165.330002,88.326218
2021-10-18,419.296478,104.083466,68.035439,46.064617,97.739822,122.773376,74.539505,109.648209,164.919998,88.550392
2021-10-19,422.531311,104.250458,68.445511,46.678101,97.458061,121.079704,74.565544,109.046852,165.449997,88.591911
2021-10-20,424.190918,105.039032,68.684700,46.669212,97.389809,120.262444,74.591583,108.783287,166.899994,89.986778
2021-10-21,425.297302,105.150360,68.360077,46.366913,97.184906,120.119171,74.504814,108.552635,166.750000,90.111343
2021-10-22,424.856628,105.215302,68.770134,46.269112,97.372711,121.442047,74.487434,108.989189,167.770004,90.534790
2021-10-25,427.135071,106.096649,68.633438,46.509174,97.466614,121.256668,74.522163,109.038651,168.929993,90.825386
2021-10-26,427.519470,105.113251,68.770134,46.269112,97.645912,122.259392,74.504814,109.508171,167.679993,91.074455
2021-10-27,425.625458,103.053665,68.496750,45.895687,97.970284,124.483788,74.487434,110.175392,168.119995,90.302307
2021-10-28,429.732239,105.048302,69.163109,45.940140,97.893478,124.062508,74.496140,110.010658,168.080002,91.564339
2021-10-29,430.604248,104.890587,68.761589,45.273312,97.867851,124.441689,74.504814,109.952980,166.649994,90.534790
2021-11-01,431.344971,107.321259,69.427933,45.628956,97.807991,123.545677,74.470955,109.756577,167.520004,90.983154
2021-11-02,433.088989,107.209953,69.282700,45.219971,98.004654,124.094017,74.549080,110.177483,167.160004,91.414902
2021-11-03,435.733063,109.547859,69.846535,45.433346,97.807991,122.811714,74.531700,109.896858,165.770004,91.722092
2021-11-04,437.786469,109.269531,69.803818,45.326664,98.132896,124.102463,74.601128,110.474617,167.649994,90.850304
2021-11-05,439.305420,111.616722,69.906326,45.273312,98.517670,125.958565,74.635849,111.283470,169.839996,91.315262
2021-11-08,439.680481,111.626007,69.897789,45.691193,98.338120,125.722359,74.549080,111.027626,170.449997,91.240540
2021-11-09,438.227173,111.468285,69.744019,45.513374,98.611748,127.359070,74.592476,111.324745,171.289993,91.398285
2021-11-10,434.701691,110.234383,68.898262,45.326664,97.944817,125.030540,74.444901,110.185722,173.149994,90.974838
2021-11-11,434.842346,111.087898,69.146011,46.109070,97.765244,124.844955,74.392830,109.872093,174.119995,91.124290
2021-11-12,438.123993,110.837418,69.521896,46.233547,97.748146,124.296539,74.453590,109.756577,174.449997,91.057877
2021-11-15,438.274017,110.911644,69.393761,46.082405,97.389030,122.735817,74.444901,108.922951,174.179993,91.697197
2021-11-16,440.008667,111.189949,69.239983,46.144638,97.354828,122.423668,74.444901,108.741379,172.919998,91.091087
2021-11-17,438.939697,109.983887,69.154549,45.904583,97.585701,123.393852,74.470955,109.178787,174.500000,91.373398
2021-11-18,440.430573,109.798340,69.222893,45.344440,97.671173,123.857887,74.462273,109.426422,173.940002,91.389999
2021-11-19,439.643005,108.508774,68.633438,45.273312,97.859322,125.165520,74.444901,109.839127,172.610001,90.850304
2021-11-22,438.405334,109.213882,68.231918,44.908779,97.389030,123.697609,74.358116,108.881668,168.740005,90.401939
2021-11-23,438.986725,109.315918,68.163582,44.864330,97.004288,121.908966,74.358116,108.105820,167.279999,91.132599
2021-11-24,440.158630,108.972641,67.710815,44.802086,97.226555,123.866280,74.340752,108.625816,167.119995,92.236877
2021-11-26,430.341736,104.881302,65.891174,43.299496,97.919144,126.996338,74.488304,109.508965,166.850006,89.671295
2021-11-29,435.620544,104.630806,66.224350,43.468426,97.970474,125.975510,74.523041,109.583183,166.619995,90.335526
2021-11-30,427.144470,102.339294,65.643433,43.423973,98.132896,127.890518,74.462273,109.822571,165.500000,88.625114
2021-12-01,422.400024,100.817787,65.267555,43.584011,98.151756,128.679504,74.470963,109.838280,166.160004,87.163834
2021-12-02,428.869720,103.628853,66.079117,44.117470,98.134605,128.839951,74.375412,110.094604,165.240005,89.779221
2021-12-03,425.137970,102.413490,65.805748,43.495098,98.528511,130.377335,74.418869,111.012383,166.630005,89.480309
2021-12-06,430.172974,104.862755,66.437935,43.832954,98.186020,128.586563,74.358047,110.450157,166.220001,91.049568
2021-12-07,439.071014,106.319313,67.838959,44.526459,98.031891,127.547646,74.262527,110.499763,166.809998,92.361420
2021-12-08,440.233673,106.746071,67.967102,44.704292,97.774971,125.343002,74.288582,109.763885,166.899994,93.025665
2021-12-09,437.261414,105.020477,67.403267,44.490898,97.783592,126.044022,74.262527,109.672928,165.880005,91.680588
2021-12-10,441.377594,105.029732,67.548492,44.526459,97.809242,125.739998,74.297241,109.796959,166.580002,91.962891
2021-12-13,437.467651,103.287292,66.915756,43.820328,98.151756,127.598274,74.340675,110.293060,167.000000,92.826401
2021-12-14,434.457916,102.698990,66.559402,43.721123,97.963348,127.294182,74.297241,109.796959,165.440002,91.639084
2021-12-15,441.246338,104.034325,67.463326,43.594860,97.886322,126.069366,74.323311,109.937538,166.149994,92.926025
2021-12-16,437.355133,102.260117,67.472023,43.648972,98.020859,126.118484,74.382393,109.934196,168.160004,92.892807
2021-12-17,432.700500,102.512238,66.620255,43.432533,98.140869,127.547569,74.347633,110.191032,167.800003,92.776573
2021-12-20,428.099426,101.092857,66.472504,42.783211,97.995201,126.591988,74.365013,109.710503,167.089996,92.054207
2021-12-21,435.702026,104.043663,67.211281,43.504681,97.918045,126.110023,74.321602,109.925896,167.020004,93.092087
2021-12-22,440.058472,105.257599,67.837059,43.712105,98.003738,126.693489,74.312897,110.099899,168.589996,94.046906
2021-12-23,442.796539,105.827209,68.236855,43.937565,97.883759,125.594162,74.304192,109.934196,168.970001,93.947281
2021-12-27,449.063019,107.405342,68.767052,44.135963,97.935188,125.898582,74.278160,110.257278,169.369995,95.542160
2021-12-28,448.696045,107.087837,68.793129,43.991673,97.892319,125.399666,74.278160,110.116470,168.639999,95.894157
2021-12-29,449.270081,107.554726,68.767052,43.793274,97.600899,124.029694,74.269463,109.511673,168.589996,96.539497
2021-12-30,448.028015,107.059822,68.586761,44.294960,97.815170,125.069878,74.312897,109.950760,169.800003,96.958534
2021-12-31,446.898956,106.929108,68.525810,44.078403,97.780930,125.315086,74.304192,109.785088,170.960007,97.226723
2022-01-03,449.486420,108.105675,68.969978,44.394215,97.112343,122.025597,74.217361,108.616989,168.330002,96.464066
2022-01-04,449.335876,108.964767,69.361900,44.240818,97.103767,121.518173,74.260757,108.708107,169.570007,96.346741
2022-01-05,440.707703,106.172714,68.752243,43.518967,96.803802,120.858566,74.165215,108.070206,169.059998,93.589432
2022-01-06,440.293640,106.863731,68.403854,43.717476,96.700897,121.171494,74.104424,107.929382,166.990005,93.673225
2022-01-07,438.552948,105.668480,68.604179,44.114491,96.418060,120.300423,74.087036,107.465446,167.750000,93.053032
2022-01-10,438.007202,105.238922,67.968391,44.114491,96.332359,120.596458,74.043633,107.366058,168.259995,92.516647
2022-01-11,441.996735,106.004631,68.708694,45.134121,96.512337,121.399818,74.069710,107.689117,170.289993,92.659134
2022-01-12,443.191742,105.584427,69.379326,45.883045,96.512337,120.934731,74.043633,107.614563,170.740005,92.768082
2022-01-13,437.085175,105.491043,68.874184,45.233379,96.683769,122.008614,74.078354,107.954224,170.160004,92.583694
2022-01-14,437.263916,105.976608,68.804497,45.215328,96.143791,120.165169,73.982811,107.001503,169.669998,91.745621
2022-01-18,429.520111,103.221909,67.794197,44.412270,95.560921,118.473892,73.869881,105.982536,169.389999,90.781822
2022-01-19,425.060181,101.410355,67.733238,44.601742,95.766655,119.294174,73.904648,106.148224,172.080002,89.558197
2022-01-20,420.355621,99.262619,67.402275,44.863422,95.818069,120.029892,73.887283,106.090263,171.649994,88.410042
2022-01-21,412.103760,97.861923,66.487778,44.213753,96.195198,121.459023,73.948074,106.786110,171.089996,88.192131
2022-01-24,413.853851,100.187073,65.825874,43.591148,96.083794,120.461182,73.991501,106.454758,172.029999,88.359734
2022-01-25,408.801147,99.075874,65.425224,43.509941,95.989502,120.266640,73.956726,106.156487,172.580002,88.007744
2022-01-26,407.775543,97.516434,65.172653,42.959522,95.449516,118.812180,73.826439,105.435738,169.789993,86.633278
2022-01-27,405.761993,95.546104,64.867828,42.463249,95.766655,120.993896,73.765633,105.676025,167.600006,85.200142
2022-01-28,415.839203,97.133560,65.085571,42.670788,95.835197,121.036163,73.791702,105.791977,167.100006,87.957466
2022-01-31,423.328857,99.215927,66.034897,44.069386,95.826622,120.410393,73.791702,105.841690,168.089996,89.038589
2022-02-01,426.189270,99.869591,66.661987,44.340076,95.793144,120.010735,73.785629,106.017693,168.229996,88.720108
2022-02-02,430.329346,99.412018,67.158424,44.267895,95.896149,120.417175,73.803001,106.025970,168.839996,89.851532
2022-02-03,420.214417,98.020668,66.095863,43.798687,95.509888,119.477165,73.742172,105.171059,168.600006,88.896111
2022-02-04,422.190399,98.020668,66.252632,43.906960,94.909050,117.715813,73.594452,104.125252,168.860001,88.016121
2022-02-07,420.835480,98.123398,66.365868,43.816738,94.994888,117.792091,73.611839,104.316132,170.110001,87.890404
2022-02-08,424.298096,99.850929,66.705513,44.240818,94.703041,117.004547,73.533653,103.926018,170.630005,87.479752
2022-02-09,430.508087,100.990143,67.785484,44.935604,94.763107,117.224686,73.524940,104.274658,171.210007,89.457626
2022-02-10,422.773804,99.626801,66.923248,44.637840,93.887611,115.361702,73.151337,102.855293,170.559998,87.345657
2022-02-11,414.437286,99.346657,65.912971,43.961102,94.505630,117.072273,73.377251,103.618912,173.809998,86.549469
2022-02-14,413.082245,99.141220,65.486214,43.654312,93.956299,115.615753,73.220848,102.697624,174.740005,85.761650
2022-02-15,419.744019,101.288979,66.688110,44.601742,93.801773,114.303154,73.246918,102.182983,173.080002,86.532707
2022-02-16,420.214417,101.606461,66.940681,44.926586,93.913383,114.980644,73.342491,102.332413,174.860001,86.934990
2022-02-17,411.238037,99.682831,65.860703,44.403244,94.110794,115.835930,73.385918,102.407097,177.250000,86.013100
2022-02-18,408.575256,99.131889,65.582008,43.961102,94.308197,117.055290,73.394630,102.656082,177.119995,85.493469
2022-02-22,404.190613,97.740524,64.815590,43.338501,94.205177,117.360184,73.325127,102.523300,177.490005,85.183380
2022-02-23,397.020844,96.311821,64.284309,42.833199,93.784607,115.742775,73.281677,101.593681,178.289993,83.775406
2022-02-24,402.995575,97.936630,63.422073,41.948925,93.956299,115.818947,73.342491,102.075096,177.139999,85.183380
2022-02-25,411.887268,100.131050,65.007179,42.724918,94.050713,115.903664,73.342491,102.490089,176.550003,87.236687
2022-02-28,410.833527,100.579269,63.770447,42.165478,94.728790,118.444092,73.472824,103.585716,178.380005,85.937675
2022-03-01,404.576385,98.711662,62.376934,41.606045,95.262604,119.813507,73.642311,103.940041,181.619995,85.485092
2022-03-02,412.019043,101.382347,63.160778,41.678230,94.119324,115.718002,73.398972,102.359772,179.729996,87.085854
2022-03-03,409.967804,100.644638,61.915333,41.091721,94.437401,116.896599,73.398972,102.734024,180.800003,87.798225
2022-03-04,406.637085,99.290642,60.121193,40.261585,94.815613,118.914719,73.477150,102.833839,183.679993,88.200500
2022-03-07,394.649719,97.068192,58.213833,38.754704,94.265488,118.007393,73.381577,101.586281,186.410004,86.457291
2022-03-08,391.657532,97.348320,58.718979,38.881031,93.930237,116.820251,73.285942,100.979118,191.509995,86.038231
2022-03-09,402.158203,99.496094,61.175037,39.981861,93.732506,115.675575,73.242500,101.153755,185.820007,87.362419
2022-03-10,400.342224,99.421371,60.443443,39.232937,93.208168,114.013649,73.181641,99.997688,186.399994,87.580315
2022-03-11,395.251953,98.198090,59.790245,38.411831,93.190964,114.395195,73.155586,99.956093,185.089996,86.884712
2022-03-14,392.363190,97.114891,60.338932,37.482433,92.288345,111.724182,72.964363,98.508934,182.300003,86.205856
2022-03-15,400.991486,98.132713,60.913757,37.536572,92.494644,111.529152,72.990456,99.282402,178.889999,86.784134
2022-03-16,409.883087,100.588608,63.099819,40.559353,92.563416,112.623024,72.920906,100.130768,180.009995,87.814980
2022-03-17,415.011200,101.830566,63.631096,40.351818,92.718155,111.783585,72.894836,101.112213,180.889999,89.172684
2022-03-18,419.556671,102.344154,64.249451,40.929298,92.924454,113.148735,72.877472,101.311798,179.300003,89.172684
2022-03-21,419.434082,101.774529,63.848827,40.297680,92.013283,110.528587,72.634132,99.906212,180.669998,88.627937
2022-03-22,424.341980,102.204063,64.449776,41.028561,91.763977,109.112556,72.581978,99.665024,179.360001,88.854218
2022-03-23,418.877197,100.383179,63.613682,40.757858,92.142204,111.503738,72.642830,99.947754,181.809998,87.857323
2022-03-24,425.191406,101.233330,64.205925,40.974415,91.935905,110.630348,72.625404,99.989357,183.130005,88.413483
2022-03-25,427.268005,101.822556,64.240761,40.649578,91.205238,109.095589,72.425507,99.199211,182.380005,89.517387
2022-03-28,430.307037,101.504562,64.031746,40.784931,91.428719,110.028320,72.355980,99.748169,179.059998,90.469612
2022-03-29,435.630341,103.917542,65.451355,41.479717,91.858551,110.859299,72.390747,100.588196,179.139999,93.124046
2022-03-30,432.940460,101.962837,65.181374,41.362411,92.107811,111.724182,72.442886,100.821075,180.580002,92.449898
2022-03-31,426.276855,100.896645,64.101410,40.739815,92.064880,111.995544,72.442886,100.588196,180.649994,91.320724
2022-04-01,427.485016,101.962837,64.702370,41.416553,91.901268,112.421860,72.291588,100.925766,179.500000,93.098778
2022-04-04,431.147034,101.551338,64.963638,42.147438,91.978745,111.640572,72.335083,101.275818,180.369995,92.643730
2022-04-05,425.701080,99.259911,64.083969,41.371441,91.049011,109.118324,72.204643,99.500519,179.240005,92.188660
2022-04-06,421.444336,98.165649,63.317554,40.830051,90.816544,108.235107,72.256805,98.917091,179.660004,93.284142
2022-04-07,423.568115,98.053406,63.456902,40.505211,90.618546,107.419846,72.309006,98.458679,180.339996,92.357201
2022-04-08,422.435516,97.492249,63.483036,40.541306,90.162254,106.256409,72.222046,97.683533,181.470001,92.508888
2022-04-11,415.215057,96.865616,62.812408,40.036003,89.774841,104.574913,72.239395,96.733391,182.369995,91.514549
2022-04-12,413.676544,97.436150,62.342106,39.909676,90.058922,104.430550,72.422035,96.800041,183.770004,91.379730
2022-04-13,418.414703,99.026100,63.012722,40.433029,90.239754,104.642838,72.456795,97.300140,184.649994,92.028564
2022-04-14,413.204712,98.343346,62.725307,39.909676,89.507965,102.545250,72.326363,96.166595,184.039993,91.632523
2022-04-18,413.374542,97.987968,62.359535,39.774330,89.232529,102.035698,72.326363,95.433144,184.610001,91.261757
2022-04-19,420.047546,99.886551,62.655643,39.575821,88.690125,101.271385,72.161163,94.674706,181.820007,93.250435
2022-04-20,419.736053,100.588005,63.073685,39.341209,89.198029,103.309547,72.204643,95.658195,182.710007,94.800957
2022-04-21,413.459503,98.998047,62.394356,38.583267,88.707314,102.545250,72.082886,94.641327,182.059998,94.143692
2022-04-22,402.114563,96.556992,61.375340,38.240387,88.621262,101.899818,72.065506,94.532974,180.289993,92.492050
2022-04-25,404.445770,96.809525,61.079227,37.960667,89.215271,102.918884,72.178574,95.583153,177.050003,92.256104
2022-04-26,392.732635,93.994354,59.372181,37.130527,89.490761,103.954979,72.309006,95.533173,177.320007,90.739281
2022-04-27,393.837036,93.629616,59.642181,37.563644,89.129189,102.621681,72.274185,94.616333,175.979996,90.140984
2022-04-28,403.785126,95.490791,60.486992,38.105034,89.094749,102.774513,72.222046,94.899727,176.929993,91.801041
2022-04-29,388.862946,92.984276,59.781525,38.240387,88.560974,101.441231,72.082886,93.849541,176.910004,87.587692
2022-05-02,391.203705,93.667015,59.633472,38.186249,88.078857,99.682877,72.077705,93.293175,173.630005,85.472565
2022-05-03,392.997009,94.667747,60.077652,38.465969,88.277237,100.354927,72.042885,93.894646,174.089996,86.534332
2022-05-04,404.964905,97.071388,61.131481,38.881031,88.846458,100.907845,72.234261,94.813530,175.800003,87.528709
2022-05-05,390.571350,93.601562,59.163162,37.446335,87.966782,98.143150,72.112488,93.359993,175.130005,85.194473
2022-05-06,388.240082,92.600822,58.588337,36.932018,87.595932,96.696999,72.103798,92.566414,175.419998,84.183266
2022-05-09,375.809692,89.991409,56.820328,35.867283,88.027161,97.547684,72.286469,92.892212,172.880005,80.475487
2022-05-10,376.677979,89.439606,57.247089,36.038719,88.294487,98.432343,72.242973,93.284821,171.419998,79.009239
2022-05-11,370.694031,87.915131,56.907413,35.786068,88.622208,100.329391,72.251701,93.719231,172.820007,78.840714
2022-05-12,370.307037,89.037437,56.768070,35.551464,88.786087,100.142227,72.356071,93.761009,170.169998,79.455864
2022-05-13,379.160370,91.151154,58.344467,36.535000,88.406609,98.662041,72.329964,93.268112,168.789993,81.554115
2022-05-16,377.621857,90.879929,58.396732,36.390625,88.604973,98.559959,72.373497,93.393463,170.399994,81.040085
2022-05-17,385.389648,93.592186,59.485405,37.283920,88.122002,97.369026,72.216873,92.858810,169.330002,82.144005
2022-05-18,369.854004,90.692871,58.065769,36.390625,88.475594,99.444687,72.251701,93.201279,169.419998,79.759232
2022-05-19,367.588745,90.234589,58.623177,36.968109,88.699837,99.682877,72.356071,93.451920,171.910004,79.405296
2022-05-20,367.749237,89.879173,59.023804,37.121510,88.967216,100.814285,72.408272,93.911354,172.029999,79.910896
2022-05-23,374.629852,90.823822,60.025391,37.401226,88.673973,99.155449,72.373497,93.577194,172.830002,80.837845
2022-05-24,371.770050,89.804359,59.929588,36.751556,89.355263,101.112007,72.538765,94.805199,174.130005,81.520409
2022-05-25,375.054535,91.665550,59.947006,36.932018,89.726120,101.511848,72.590981,95.782585,173.080002,82.211411
2022-05-26,382.548645,93.592186,60.608925,37.509502,89.657120,101.052467,72.608398,95.807625,172.759995,82.312531
2022-05-27,391.939880,95.771385,61.340523,37.942619,89.803711,101.299210,72.625755,96.308853,172.850006,84.520325
2022-05-31,389.740723,94.723885,60.974724,38.474987,89.234535,99.155449,72.512695,95.598816,171.139999,83.483841
2022-06-01,386.588348,94.461998,60.330223,38.204296,88.868202,99.042091,72.377739,95.041100,172.229996,82.792839
2022-06-02,393.950195,96.304474,61.584370,38.862988,88.980530,99.093231,72.395119,95.082962,174.350006,83.930450
2022-06-03,387.484955,95.406609,60.704723,38.231361,88.833649,98.880211,72.368996,94.781532,172.580002,82.809700
2022-06-06,388.664795,96.014542,60.948582,38.438900,88.289337,97.056488,72.273254,94.111603,171.820007,82.548485
2022-06-07,392.392944,97.052681,61.131481,38.556194,88.626305,98.104706,72.281937,94.614029,172.940002,83.686081
2022-06-08,388.126801,95.434685,60.277962,38.763725,88.263443,97.235451,72.229721,94.069763,172.779999,81.756363
2022-06-09,378.895996,93.663635,59.012089,37.846458,88.168396,97.559280,72.177437,93.450127,172.229996,79.818199
2022-06-10,367.909668,91.299797,57.587753,37.427868,87.485825,96.954201,71.872734,92.545738,174.539993,78.048599
2022-06-13,353.940796,87.266190,55.682697,36.117485,86.051666,93.911880,71.507095,90.410454,169.929993,74.146996
2022-06-14,352.874298,86.994148,55.157471,36.617977,85.541893,92.727310,71.367767,89.941544,168.570007,73.582420
2022-06-15,357.904968,87.828995,56.190121,37.100266,86.492279,94.457283,71.646362,91.348305,170.770004,75.326744
2022-06-16,346.059723,83.514015,54.952732,35.962780,86.699638,95.207237,71.742165,91.448792,172.690002,73.346451
2022-06-17,346.805664,84.029953,54.730167,36.099277,86.691002,95.514023,71.724724,91.633018,171.270004,73.902618
2022-06-21,355.536072,85.343216,55.558064,36.681675,86.345390,93.894844,71.698616,90.711906,170.630005,74.930679
2022-06-22,354.891479,85.164963,55.184174,36.026482,87.079788,96.476982,71.907547,91.373444,171.309998,75.882919
2022-06-23,358.370361,85.812218,55.121864,36.135677,87.442673,97.269539,71.968521,92.076813,170.259995,77.324585
2022-06-24,369.764313,88.429367,56.768757,36.991070,87.304420,95.923065,71.951103,92.185654,170.089996,78.969795
2022-06-27,368.351898,89.161034,56.528397,37.036568,86.915649,95.104965,71.872734,91.339943,169.899994,78.851067
2022-06-28,360.825470,87.838402,56.145603,36.809071,86.950188,95.548119,71.855331,91.314835,169.619995,77.892784
2022-06-29,360.531616,87.050461,55.931957,36.663479,87.451317,97.039459,71.942398,91.859100,169.490005,77.409386
2022-06-30,357.602539,86.684608,55.629280,36.490570,87.848732,97.891640,72.081711,92.135460,168.460007,77.265213
2022-07-01,361.384735,87.500702,55.762814,36.263077,88.580971,98.896660,72.298714,93.300011,168.320007,78.656021
2022-07-05,362.067230,87.566368,54.569931,35.980988,88.745445,99.673691,72.289978,93.274834,164.750000,78.435516
2022-07-06,363.290100,86.581421,54.614441,35.762581,88.148186,98.000053,72.089554,92.813057,162.139999,78.291351
2022-07-07,368.731049,88.110428,55.442337,36.481476,87.949150,97.137657,72.037285,92.804626,162.229996,78.503372
2022-07-08,368.427765,87.932182,55.504646,36.481476,87.620201,96.061775,71.950119,92.653473,162.300003,78.087845
2022-07-11,364.219055,86.740891,54.605541,35.507790,88.027039,97.718315,71.976280,92.913773,161.429993,77.918221
2022-07-12,360.996094,86.609566,54.596642,35.371288,88.148186,98.298958,72.011124,93.048111,160.830002,77.612907
2022-07-13,359.100311,86.384422,54.569931,35.289391,88.468452,99.426086,71.932671,93.745003,161.600006,77.239777
2022-07-14,358.228180,85.587097,53.804352,34.970890,88.156898,98.614868,71.906548,93.148880,159.330002,76.544388
2022-07-15,365.072083,87.369370,54.658955,35.152893,88.503098,99.169891,71.958809,93.896179,159.009995,77.841904
2022-07-18,362.057831,87.359985,54.881508,35.398590,88.217461,98.136719,71.915237,93.241219,159.160004,77.290649
2022-07-19,371.840332,90.446159,56.377064,35.980988,88.096268,97.607300,71.836815,93.501541,159.539993,79.292068
2022-07-20,374.210083,91.759415,56.003174,35.826279,88.035667,97.863487,71.828094,93.400780,158.039993,79.105469
2022-07-21,378.020721,91.965790,56.581810,36.235783,88.771385,99.554153,72.028564,94.677002,160.270004,79.733025
2022-07-22,374.513397,91.159081,56.439377,35.871784,89.463860,101.227791,72.211578,95.407478,160.669998,80.148575
2022-07-25,374.968384,91.684372,56.875584,35.999184,89.134949,100.237244,72.150551,94.601433,160.229996,80.284248
2022-07-26,370.532135,91.196594,56.083294,35.717083,89.117630,100.314117,72.115692,94.584641,160.039993,80.369072
2022-07-27,380.153595,93.260284,57.409702,36.381374,89.429230,99.750549,72.228989,95.214363,161.669998,80.852448
2022-07-28,384.921600,94.526642,57.703476,36.536076,90.069717,100.544624,72.385872,96.003616,163.639999,83.472916
2022-07-29,390.533325,95.295837,58.504665,36.363178,90.078369,100.271423,72.377113,96.230324,164.100006,83.922356
2022-08-01,389.376831,95.586639,58.584778,36.053780,90.390587,102.686302,72.375404,96.420555,165.029999,83.243927
2022-08-02,386.807953,94.751808,57.650070,35.880878,89.462662,100.513496,72.122360,95.242233,164.050003,82.175407
2022-08-03,392.865204,95.661674,57.988342,36.162979,89.861603,102.096046,72.148544,96.277473,164.449997,82.438286
2022-08-04,392.599670,94.836205,58.282124,36.417786,90.078377,102.061829,72.244553,96.428963,167.169998,82.311081
2022-08-05,391.936127,95.323982,57.872620,36.454174,89.072411,99.632416,71.947891,95.124352,165.289993,82.540047
2022-08-08,391.481171,95.943100,58.006149,36.499676,89.479996,101.240623,72.017715,95.503120,166.690002,83.277832
2022-08-09,389.926636,94.611069,57.694572,36.363178,89.280563,100.847122,71.947891,95.073883,167.199997,83.735786
2022-08-10,398.116577,96.646622,58.994278,36.818169,89.506012,100.188446,72.017715,95.974472,166.779999,85.007866
2022-08-11,398.116577,97.303268,58.976471,36.963772,89.029022,97.853111,71.991531,95.048637,166.339996,84.804337
2022-08-12,404.856293,99.038651,59.430489,37.355064,89.427994,98.845398,72.008980,96.151207,167.869995,86.262955
2022-08-15,406.524628,99.460762,59.074406,37.182171,89.540733,98.759850,72.070030,96.083885,165.710007,86.610657
2022-08-16,407.320953,99.901634,59.056595,37.173061,89.410645,99.170471,72.008980,95.713554,165.419998,86.381691
2022-08-17,404.429810,98.541481,58.584778,37.018364,88.881615,98.135384,71.947891,94.812973,164.350006,85.864372
2022-08-18,405.605225,99.395096,58.388939,36.809071,89.072411,98.280792,72.052597,95.057060,163.919998,85.296196
2022-08-19,400.154694,97.594070,57.587753,36.308575,88.447975,96.698257,72.000244,93.929230,162.720001,84.397263
2022-08-22,391.822510,95.427162,56.608521,35.990074,88.066452,96.373192,71.904289,93.297981,161.639999,82.557007
2022-08-23,390.874542,95.361511,56.635223,36.181179,88.031715,95.842842,71.939194,93.399002,162.770004,81.496979
2022-08-24,392.125763,95.624153,56.706440,36.172077,87.797600,95.141403,71.860657,93.121231,163.250000,81.963394
2022-08-25,397.661621,97.434608,57.329586,36.954670,88.283249,96.467300,71.904289,94.080719,163.750000,83.184570
2022-08-26,384.201111,94.348419,55.825127,36.408672,88.118484,97.194435,71.886848,93.516853,161.759995,81.089912
2022-08-29,381.660797,93.466644,55.700504,36.181179,87.693527,96.390312,71.834473,92.826637,161.860001,80.360596
2022-08-30,377.470978,92.050209,55.299908,35.753490,87.806282,96.629814,71.799606,92.944504,160.509995,79.249657
2022-08-31,374.598724,91.177841,54.926018,35.880878,87.337967,95.705940,71.790878,91.968155,159.270004,78.876534
2022-09-01,375.774200,90.089706,54.187141,35.598785,86.959106,93.953773,71.738441,91.414474,157.869995,79.020668
2022-09-02,371.811890,89.423683,53.831062,35.271191,87.211105,94.485237,71.895676,91.482018,159.259995,77.918221
2022-09-06,370.408966,88.269897,53.697529,34.852592,86.394241,92.144997,71.738441,90.241348,158.330002,78.622093
2022-09-07,377.063293,89.798904,54.169334,35.161991,86.993851,93.602287,71.843285,91.473572,159.940002,80.157051
2022-09-08,379.527924,90.202271,54.204948,34.970890,86.715775,92.642166,71.755928,91.262581,158.979996,80.377541
2022-09-09,385.423981,91.937660,55.584766,35.489590,86.707062,92.847931,71.694817,91.473572,159.820007,81.251030
2022-09-12,389.566376,93.053917,56.359261,36.017384,86.576721,92.084969,71.686066,91.271004,160.630005,82.039703
2022-09-13,372.627075,89.489349,54.400799,34.907192,86.090096,92.299278,71.441483,90.612694,158.539993,78.901947
2022-09-14,374.048981,89.526878,54.578842,35.080090,86.203049,92.616486,71.380341,91.043144,157.929993,78.003021
2022-09-15,369.802277,88.757668,54.098122,34.707001,85.942360,92.556427,71.301727,90.604240,154.979996,76.561356
2022-09-16,366.981110,88.138565,53.768745,34.388504,85.881561,91.784943,71.336662,90.393234,155.839996,76.569817
2022-09-19,369.826965,89.142288,53.955688,34.497700,85.751205,91.999229,71.258041,90.545166,155.960007,76.459564
2022-09-20,365.581970,88.044777,53.038773,34.306602,85.368881,91.081993,71.223114,89.642067,155.070007,74.602356
2022-09-21,359.204773,87.022293,52.344402,33.733307,85.638229,92.607887,71.161964,89.979660,155.789993,73.423584
2022-09-22,356.187561,85.183739,52.193069,33.569504,84.725807,90.241913,71.030952,88.713654,155.699997,72.490761
2022-09-23,350.219696,83.345161,50.528378,32.741413,84.465103,90.610542,70.943619,88.460480,153.009995,71.527222
2022-09-26,346.755066,82.067574,49.780598,32.341022,83.378868,88.878891,70.786400,86.924385,151.229996,69.521301
2022-09-27,345.869812,82.133575,49.442318,32.304623,83.022591,86.538605,70.786400,85.616188,151.539993,68.595490
2022-09-28,352.675293,84.368195,50.635204,32.586727,84.360825,89.436081,71.092117,87.337952,154.690002,70.018486
2022-09-29,345.308380,82.689857,50.038761,31.858732,83.917656,88.973190,70.996033,86.688057,154.660004,67.961136
2022-09-30,339.968567,82.209023,49.860718,31.740433,83.717819,87.824471,70.934875,86.468597,154.669998,68.724075
2022-10-03,348.944244,84.283325,50.848854,32.259125,84.397972,89.219963,71.090546,88.068245,158.429993,69.949913
2022-10-04,359.756836,87.489098,52.887432,33.314716,84.624390,88.970749,71.116783,88.474716,160.699997,71.364349
2022-10-05,358.919189,86.932800,52.326603,33.332912,84.180252,88.120087,71.046837,87.805740,159.809998,69.967056
2022-10-06,355.216705,86.470802,51.409691,33.132717,83.849297,87.630264,70.959351,87.602501,159.630005,68.021149
2022-10-07,345.308380,84.330467,50.590694,32.441116,83.405167,86.779587,70.871910,86.730286,157.880005,66.383850
2022-10-10,342.671753,84.339882,50.305824,31.986130,83.030670,85.430496,70.845650,85.951233,155.479996,65.758057
2022-10-11,340.501587,84.556763,49.753895,31.476538,83.082909,85.808586,70.880669,85.773361,155.160004,66.426697
2022-10-12,339.378510,84.000458,49.593651,31.512928,83.152588,86.229630,70.950630,85.671745,155.990005,65.732338
2022-10-13,348.335052,86.150200,50.617397,31.603931,82.891335,85.404716,70.740692,85.824203,154.910004,66.932480
2022-10-14,340.396973,84.170189,49.860718,31.130739,82.438454,84.700089,70.705719,85.002785,152.979996,65.269447
2022-10-17,349.144165,86.499077,51.089207,31.986130,82.612610,84.287636,70.784439,85.409256,153.419998,67.729698
2022-10-18,353.246399,87.507942,51.454197,31.995226,82.751968,84.485275,70.819420,85.917313,153.750000,68.466904
2022-10-19,350.743134,86.206787,50.822144,31.412830,82.037849,82.947151,70.688232,84.740280,151.690002,66.761017
2022-10-20,347.802002,84.943336,50.706421,31.613031,81.541451,81.529312,70.609520,84.003525,151.449997,66.469574
2022-10-21,356.254150,86.970505,51.623337,32.095325,81.663353,80.059937,70.793190,84.240669,154.149994,66.992470
2022-10-24,360.613464,87.724800,51.632244,30.875942,81.550125,79.398293,70.775696,84.198311,153.649994,66.983894
2022-10-25,366.371948,89.789696,52.771709,31.130739,82.351357,81.709763,70.845650,85.324593,154.000000,69.615616
2022-10-26,363.611694,90.166847,53.270222,31.640327,82.717140,82.886993,70.906876,85.714088,154.979996,69.572731
2022-10-27,361.670013,90.459145,52.771709,31.394636,83.135162,83.754898,71.055565,86.112122,154.740005,69.675598
2022-10-28,370.274384,92.344887,53.296932,31.203537,82.926155,83.179161,70.950630,86.289925,153.160004,71.210037
2022-10-31,367.599792,92.326027,52.798416,31.112539,82.647438,82.586250,70.845650,85.824203,151.910004,71.132896
2022-11-01,365.991241,92.693741,53.216812,31.685831,82.801117,83.358070,70.776466,86.441681,153.460007,71.107178
2022-11-02,356.806152,89.572838,52.442329,31.421932,82.661407,82.996254,70.741371,86.025482,152.389999,69.152679
2022-11-03,353.132202,89.063690,51.997219,31.603931,82.355957,82.548332,70.609955,85.719681,151.809998,69.058403
2022-11-04,358.214905,90.459145,54.080322,32.941616,82.347198,81.161469,70.688828,85.889603,156.470001,70.001350
2022-11-07,361.641388,91.345428,54.249458,32.959816,82.085342,80.351791,70.627502,85.575325,155.850006,70.001350
2022-11-08,363.592682,91.477425,54.863701,33.196415,82.434502,81.230400,70.697586,85.932053,159.449997,70.215652
2022-11-09,356.101837,89.355965,54.098122,32.623123,82.530502,81.497437,70.811501,85.711220,158.649994,69.495590
2022-11-10,375.671173,94.617210,57.133747,33.806107,84.302452,84.632950,71.197014,88.582108,163.479996,74.578957
2022-11-11,379.307037,95.135788,58.273212,34.725197,84.241333,84.322876,71.179482,88.819977,164.559998,74.570381
2022-11-14,376.080444,94.202354,57.658962,34.515900,84.005692,84.116089,71.118134,88.369789,164.919998,72.753052
2022-11-15,379.287994,95.418633,58.041756,35.307587,84.625404,85.477104,71.188248,89.601410,165.500000,73.541718
2022-11-16,376.394470,93.844048,57.908230,34.743401,85.149147,87.346375,71.197014,90.365822,165.119995,72.873070
2022-11-17,375.242859,93.466888,57.881516,34.807091,84.791237,86.424637,71.109375,89.881683,163.919998,72.375870
2022-11-18,376.946564,94.108040,57.997246,34.606899,84.669044,85.830292,71.030525,89.873199,162.789993,73.293106
2022-11-21,375.575989,93.806328,57.561050,34.170101,84.616661,86.192108,71.013023,89.737297,161.880005,73.678848
2022-11-22,380.630127,94.947220,58.362228,34.252007,85.053116,87.415283,71.065552,90.535690,162.070007,74.081749
2022-11-23,383.028717,95.060356,59.003181,34.534092,85.559387,88.939964,71.126923,91.444542,163.080002,74.141762
2022-11-25,382.943024,95.267792,59.305851,34.370300,85.576859,88.638458,71.135658,91.537971,163.220001,74.613228
2022-11-28,376.832367,93.429176,58.540276,34.215599,85.437180,88.888290,71.153191,90.875465,161.929993,72.615898
2022-11-29,376.185120,93.768623,58.709415,34.952690,85.131668,87.845955,71.126923,90.425293,162.729996,73.816017
2022-11-30,388.035187,96.022095,59.750965,35.962780,85.795052,88.492050,71.337166,91.529488,164.809998,75.504761
2022-12-01,387.749695,95.908951,60.329597,35.844486,86.508957,91.319000,71.490852,92.674744,167.839996,75.341881
2022-12-02,387.302307,96.295509,60.285091,35.980988,86.867661,92.467384,71.473251,93.237106,167.259995,75.119011
2022-12-05,380.334991,93.608330,59.492805,35.571487,86.185272,91.172203,71.271370,92.444633,164.389999,73.747452
2022-12-06,374.852631,92.712608,59.225735,35.525986,86.438980,92.346512,71.350357,92.725853,164.839996,73.053101
2022-12-07,374.214874,92.326027,59.225735,35.316692,87.208878,94.522430,71.499596,93.756889,166.330002,73.198822
2022-12-08,377.146484,92.759727,59.528404,35.744381,86.946388,94.263397,71.429375,93.458656,166.470001,73.713150
2022-12-09,374.329071,91.769753,59.564018,35.507790,86.430206,91.811157,71.394257,92.759956,167.059998,73.575996
2022-12-12,379.725922,92.759727,59.742065,35.398590,86.447701,92.104744,71.350357,92.640663,165.679993,74.141762
2022-12-13,382.600403,93.074089,60.589367,35.651722,87.025162,92.994080,71.561066,93.450127,168.509995,75.513344
2022-12-14,380.154175,92.363968,60.535744,35.670204,87.217613,93.391281,71.569824,93.535324,168.100006,74.999001
2022-12-15,370.855011,90.138893,58.989494,34.847969,87.345642,93.755669,71.579536,93.613953,165.350006,73.996025
2022-12-16,366.476593,89.315163,58.471104,34.949596,87.117645,92.708374,71.649910,93.212273,166.789993,72.084435
2022-12-19,363.368988,88.680779,58.328102,34.977310,86.582764,91.150360,71.561935,92.272118,166.320007,71.167175
2022-12-20,363.866211,88.974281,58.560482,34.968071,85.995239,89.531822,71.561935,91.186653,169.080002,70.987167
2022-12-21,369.306885,90.356667,59.168243,35.282181,86.232025,89.756874,71.632309,91.810570,168.800003,71.595787
2022-12-22,364.038361,89.239410,58.685612,34.968071,86.205673,89.739563,71.588318,91.784935,166.759995,71.294998
2022-12-23,366.132477,89.826447,58.891182,34.921875,85.907562,88.423912,71.553139,91.502914,167.259995,71.929611
2022-12-27,364.688538,89.779106,58.980553,35.439240,85.284988,86.675522,71.456360,90.323433,168.669998,71.903534
2022-12-28,360.156219,88.074783,58.354916,34.921875,85.135933,86.164871,71.456360,90.041382,167.910004,70.677780
2022-12-29,366.639160,90.015800,59.275505,35.503906,85.451607,87.142937,71.509117,90.682396,168.850006,72.225197
2022-12-30,365.673462,89.608665,58.667740,35.014267,85.048233,86.173515,71.421135,90.109749,169.639999,71.703583
2023-01-03,364.134003,89.476112,59.186131,35.309898,85.548027,87.818039,71.482712,90.733688,171.059998,71.773132
2023-01-04,366.945160,90.555511,59.972656,36.372330,86.021576,89.021156,71.553139,91.391762,172.669998,73.398819
2023-01-05,362.757080,89.769646,59.373817,36.261475,85.951424,89.393333,71.456360,91.323425,170.520004,71.425400
2023-01-06,371.075867,91.881088,60.893253,37.019035,86.889641,91.037857,71.729095,92.819130,173.710007,73.346664
2023-01-09,370.865479,91.871605,61.152435,37.296196,87.108864,91.522575,71.799469,93.186638,174.100006,73.372734
2023-01-10,373.466339,93.055153,61.331207,37.564117,86.775665,90.007881,71.737923,92.870392,174.740005,73.537903
2023-01-11,378.189880,94.106140,61.795967,37.721172,87.310577,91.470619,71.799469,93.665245,174.619995,76.172028
2023-01-12,379.566772,95.431717,62.707619,37.905941,87.941933,93.270996,71.957886,94.725060,176.639999,77.137001
2023-01-13,381.039246,96.018768,63.038326,38.155388,87.617455,92.396774,71.834709,94.417374,178.759995,76.658859
2023-01-17,380.341217,95.677895,63.234955,37.942894,87.459656,91.799530,71.878670,94.075493,177.589996,76.876190
2023-01-18,374.336334,94.172417,63.011517,37.684216,88.327751,94.024002,72.037079,95.178062,177.080002,75.754745
2023-01-19,371.611328,93.367622,62.913185,37.970612,88.126068,93.435410,72.019478,94.981445,179.889999,75.337440
2023-01-20,378.534058,94.768929,63.467342,38.552643,87.766548,91.920715,71.957886,94.485748,179.289993,76.232880
2023-01-23,383.075958,95.810463,63.726528,38.829800,87.547310,91.487968,71.887505,94.212265,179.630005,76.580627
2023-01-24,382.664764,95.479057,63.646095,38.857517,87.933151,92.803581,71.913895,94.707970,180.279999,76.771873
2023-01-25,382.808258,95.715775,64.066177,38.894470,88.038368,93.028618,71.957886,94.750732,181.110001,76.806633
2023-01-26,387.015503,96.397499,64.119789,39.264015,87.889305,92.595825,71.913895,94.716530,179.470001,77.667282
2023-01-27,387.904663,96.785698,63.994663,39.079239,87.757774,92.362167,71.913895,94.443047,179.220001,78.536636
2023-01-30,383.037720,95.715775,63.583530,38.293964,87.521011,92.024582,71.843498,94.084061,178.759995,77.536896
2023-01-31,388.669647,98.130203,63.949974,38.210815,87.880539,92.760269,71.975487,94.759239,179.410004,79.162575
2023-02-01,392.800354,99.654610,64.521996,38.681980,88.500244,93.875389,72.100662,95.721214,181.669998,79.649406
2023-02-02,398.518311,101.955429,64.432617,38.451015,88.596939,93.996880,72.109489,95.858360,177.899994,81.457642
2023-02-03,394.282410,101.680840,63.833778,37.767361,87.744293,92.591080,71.844994,94.769554,173.460007,79.927605
2023-02-06,391.872833,99.995476,63.181335,37.213047,87.260811,91.905525,71.642265,94.040802,173.820007,79.345131
2023-02-07,396.997986,100.696144,63.717598,37.360867,87.111397,91.167938,71.677513,93.732178,173.979996,79.171272
2023-02-08,392.656860,99.171722,63.324333,37.314667,87.234451,91.601837,71.703964,93.826477,174.410004,78.797447
2023-02-09,389.252899,97.893501,63.440529,37.490204,86.891640,90.734047,71.651077,93.037750,173.029999,77.936790
2023-02-10,390.161346,98.120720,63.163452,37.129898,86.513657,89.718750,71.615822,92.386154,173.360001,78.206276
2023-02-13,394.741455,99.389503,63.798035,37.434780,86.777359,90.473709,71.633461,92.729080,172.479996,78.901764
2023-02-14,394.559784,99.067574,63.914230,37.370102,86.469711,90.265472,71.483612,92.497604,172.610001,78.275848
2023-02-15,395.841003,100.004936,63.628212,37.055996,86.302689,89.423729,71.492401,92.146111,170.889999,78.588806
2023-02-16,390.390778,99.342163,63.315395,37.065228,85.942284,88.156792,71.501213,91.408829,170.750000,77.823776
2023-02-17,389.415497,99.512589,63.476273,36.658733,86.144463,88.842300,71.562912,91.768875,171.259995,77.519516
2023-02-21,381.603424,96.539513,62.779118,36.196800,85.335762,87.115456,71.421860,90.465729,170.619995,75.963387
2023-02-22,381.077606,96.908775,62.430546,36.021267,85.564301,87.913803,71.457115,90.722939,169.660004,75.276588
2023-02-23,383.104675,97.505287,62.752304,36.196800,85.871971,88.772911,71.501213,91.434494,169.570007,75.841667
2023-02-24,379.012238,96.757294,61.706593,35.383808,85.379723,87.618759,71.351341,90.748665,168.350006,74.511581
2023-02-27,380.303070,96.975067,62.439491,35.568581,85.546738,87.861748,71.413040,90.774376,169.009995,74.624573
2023-02-28,378.897400,96.946663,61.983658,35.319141,85.537910,88.260895,71.395432,90.808655,169.779999,74.520271
2023-03-01,377.444031,97.173904,62.314365,36.076698,85.047997,87.312706,71.264694,90.242554,170.759995,73.581367
2023-03-02,380.379547,97.467430,62.439491,36.206036,84.871788,86.538513,71.291183,90.319984,170.660004,74.442032
2023-03-03,386.480011,98.603622,63.351139,36.529396,85.541451,88.634995,71.335381,91.343796,172.490005,75.572182
2023-03-06,386.747681,96.369087,63.190258,36.400051,85.329971,87.947731,71.300034,91.094315,171.619995,75.276588
2023-03-07,380.819366,95.412788,62.135601,35.790310,85.215439,88.487099,71.149895,90.836197,168.619995,73.520508
2023-03-08,381.440887,95.573746,62.475246,35.938122,85.127327,88.574097,71.114563,90.689957,168.539993,74.363785
2023-03-09,374.403412,93.396019,62.019413,35.143604,85.435738,88.791580,71.344193,90.603912,170.199997,72.659866
2023-03-10,369.000946,91.057327,61.358017,34.958832,86.431419,91.853630,71.732849,91.903053,173.869995,70.251778
2023-03-13,368.475037,88.851189,60.937946,35.014267,87.118744,92.062393,72.448341,91.980499,177.860001,71.173286
2023-03-14,374.566010,90.659660,61.751278,35.032745,86.607643,90.548744,72.174500,91.705162,176.830002,71.860069
2023-03-15,372.223267,89.211014,59.838589,34.432232,87.471161,92.297287,72.598488,92.582726,178.210007,71.807907
2023-03-16,378.754028,90.631256,60.768120,34.958832,87.127510,91.575233,72.306999,92.445084,178.570007,71.651421
2023-03-17,374.325348,88.055862,60.044163,34.746342,87.673851,92.949715,72.669144,92.909653,183.770004,70.025772
2023-03-20,377.924744,89.343552,60.982628,34.875687,87.321381,92.131996,72.580826,92.634354,183.839996,70.825554
2023-03-21,382.887085,90.839569,61.903221,35.189796,87.057022,91.340370,72.306999,93.081726,180.369995,70.512581
2023-03-22,376.360168,88.406189,61.688709,35.328377,87.894104,92.558235,72.642624,93.623749,183.440002,67.878487
2023-03-23,377.377625,87.673592,61.697643,35.818020,88.105606,92.558235,72.854645,93.890465,185.740005,67.452499
2023-03-24,379.853973,88.604767,61.509960,35.725639,88.255386,92.949715,72.889984,94.182961,183.649994,69.182274
2023-03-27,380.564270,89.554955,62.090912,35.531620,87.303764,90.766220,72.580826,93.055908,181.949997,69.103241
2023-03-28,379.710022,89.621468,62.117725,36.039745,87.171570,90.931526,72.501335,92.901062,183.440002,68.936409
2023-03-29,385.229095,90.229584,62.868500,36.141369,87.277351,90.748856,72.474831,93.331245,182.529999,70.464226
2023-03-30,387.484619,90.201080,63.601410,36.501671,87.374245,91.166412,72.483650,93.460274,184.179993,71.386208
2023-03-31,392.946136,91.882904,63.923164,36.455482,87.797195,92.532166,72.571991,94.303444,183.220001,72.914009
2023-04-03,394.443481,91.968414,64.432617,36.529396,88.178818,92.967377,72.660515,94.873032,184.539993,72.334503
2023-04-04,392.255035,90.144081,64.441559,36.529396,88.505653,93.429573,72.828682,94.993858,187.979996,72.237915
2023-04-05,391.227966,89.450447,63.994663,36.243000,88.806007,94.406326,72.926064,95.304527,187.830002,71.851578
2023-04-06,392.754120,89.478951,64.298546,36.390808,88.726486,94.650505,72.899513,95.218239,186.490005,72.343285
2023-04-10,393.157288,90.619179,64.253860,36.427765,88.116982,93.124352,72.642792,94.778114,185.110001,72.676933
2023-04-11,393.262909,91.246284,64.468376,36.649494,88.169968,93.316208,72.633972,94.752220,186.279999,72.984253
2023-04-12,391.659973,90.495651,64.879517,36.390808,88.275978,93.220245,72.713623,94.553688,187.190002,72.633049
2023-04-13,396.862213,91.265289,65.710716,36.889698,88.240631,92.487686,72.757889,94.717682,189.720001,72.413528
2023-04-14,395.892761,90.533638,65.442589,36.695694,87.807808,91.641724,72.589699,94.406998,186.360001,71.289589
2023-04-17,397.313354,91.084747,65.326401,36.852737,87.366104,90.551590,72.483475,93.811493,185.529999,72.773529
2023-04-18,397.572479,90.600174,65.683907,36.806553,87.489754,90.874260,72.465752,94.122215,186.250000,72.606697
2023-04-19,397.505341,90.875694,65.478340,36.437000,87.357254,90.787064,72.403801,93.656181,185.360001,73.036942
2023-04-20,395.336090,90.467133,65.478340,36.381573,87.754776,91.563255,72.580826,94.010010,186.089996,72.316940
2023-04-21,395.643219,90.286606,65.809044,36.039745,87.604622,91.048691,72.536575,94.070419,184.250000,72.325722
2023-04-24,396.055969,90.334114,65.978851,35.956596,87.949135,91.929535,72.616241,94.484680,184.809998,72.053520
2023-04-25,389.769073,87.958649,65.058266,35.282181,88.496811,93.281319,72.899513,94.898918,185.750000,71.342285
2023-04-26,388.118195,87.141487,65.013565,35.485428,88.169968,92.287102,72.811005,94.484680,184.740005,70.657402
2023-04-27,395.844849,88.500259,65.826920,35.965839,87.851959,91.371391,72.669357,94.139458,184.750000,72.255478
2023-04-28,399.223450,89.317421,65.800102,36.150616,88.302460,92.845261,72.749046,94.873032,184.800003,73.142303
2023-05-01,398.820251,89.288902,65.701782,36.030506,87.398308,90.168098,72.590210,93.342033,183.970001,72.597923
2023-05-02,394.337830,87.626060,65.040382,35.679443,88.248459,92.415077,72.829803,94.467758,187.520004,71.368629
2023-05-03,391.631165,87.654587,65.210205,35.624012,88.638092,92.930931,73.007233,94.623627,189.110001,71.087654
2023-05-04,388.857239,86.599876,65.076141,35.910412,88.531860,92.012909,73.122604,94.363838,190.440002,71.675949
2023-05-05,396.055969,88.690285,66.032486,36.390808,88.248459,91.706902,72.945122,93.991478,187.460007,72.870110
2023-05-08,396.161530,88.300713,66.050369,36.409286,87.761406,90.421638,72.829803,93.316048,187.690002,72.448654
2023-05-09,394.424286,87.778107,65.782234,36.187561,87.681679,90.098190,72.812035,93.281387,189.020004,72.141335
2023-05-10,396.267151,88.091667,65.648155,36.169086,88.248459,90.972473,72.989502,94.017471,188.750000,72.834991
2023-05-11,395.576050,87.493050,65.487282,36.039745,88.514137,91.934242,73.033852,94.381157,187.130005,72.035957
2023-05-12,395.057709,87.236496,65.371086,35.614773,88.018204,91.164810,72.909630,93.800957,186.809998,72.027184
2023-05-15,396.420715,88.205711,65.871613,36.270710,87.796791,90.220566,72.918510,93.298698,187.210007,71.904259
2023-05-16,393.771606,87.036957,65.245956,36.012028,87.593124,89.949539,72.829803,92.831085,184.869995,70.104233
2023-05-17,398.551544,89.127373,65.549843,36.178329,87.460289,89.687241,72.749908,92.822426,184.229996,71.052528
2023-05-18,402.390900,89.935020,65.451538,35.984314,87.052925,89.022758,72.616821,92.432755,181.839996,70.710091
2023-05-19,401.805359,89.260399,65.835854,36.012028,86.858093,88.393234,72.563606,92.320190,183.639999,70.595932
2023-05-22,401.968567,89.944542,65.853729,36.307667,86.778366,88.078506,72.536964,92.285522,183.210007,71.026184
2023-05-23,397.457275,89.830528,64.888443,35.744110,86.875816,88.332024,72.528076,92.476044,183.429993,70.358856
2023-05-24,394.577820,88.728279,63.941032,35.476192,86.654404,87.894897,72.439362,92.112350,181.949997,68.848610
2023-05-25,397.994781,88.424240,63.851662,35.402283,86.335602,87.676315,72.279655,91.809265,180.199997,68.839836
2023-05-26,403.149109,89.402931,64.477295,36.030506,86.406448,88.384506,72.261902,92.198936,180.919998,69.630081
2023-05-30,403.302704,88.984848,63.824852,35.614773,86.982086,89.267570,72.403854,92.891708,182.039993,69.893501
2023-05-31,401.066315,87.825623,63.163452,35.282181,87.292030,90.045685,72.474854,93.194794,182.320007,70.244720
2023-06-01,404.876831,88.576263,64.101921,35.910412,87.556602,90.398979,72.587830,93.480629,183.759995,70.253510
2023-06-02,410.731842,92.224976,64.933136,36.529396,87.094917,89.408386,72.383247,93.228676,181.050003,71.965714
2023-06-05,409.944763,90.324608,64.557755,36.520157,87.086052,89.241814,72.401016,93.028870,182.139999,71.465210
2023-06-06,410.837402,92.899612,65.094017,36.843502,87.192581,89.767815,72.365471,93.211311,182.339996,72.150108
2023-06-07,409.416870,95.179680,64.521515,36.685219,86.730873,88.435318,72.312111,92.377289,180.149994,73.475967
2023-06-08,411.893250,94.578911,65.204147,36.945927,87.192581,89.469757,72.427711,92.994087,182.529999,73.019386
2023-06-09,412.632294,93.796959,65.094933,37.113525,86.988365,89.347023,72.294312,92.750862,182.039993,72.597923
2023-06-12,416.375580,94.035362,65.377090,37.188007,87.139313,89.610016,72.356544,93.046227,181.880005,72.615486
2023-06-13,419.120758,94.788712,65.995995,37.560452,86.730873,88.724609,72.223137,92.629250,180.539993,73.080841
2023-06-14,419.619904,93.644386,66.241730,37.839775,86.810783,89.434677,72.178688,92.915916,180.639999,73.353043
2023-06-15,424.822113,94.502625,66.942566,38.193592,87.414543,90.293816,72.329880,93.723877,181.910004,73.739395
2023-06-16,423.375153,94.063972,66.796928,38.063244,87.139313,89.943146,72.232018,93.558823,181.630005,73.686699
2023-06-20,421.178619,93.701591,65.914078,37.318367,87.299133,90.565529,72.258720,93.897629,179.750000,72.817429
2023-06-21,419.020569,93.587166,66.014183,37.141453,87.441200,90.784706,72.258720,93.793381,179.490005,72.378395
2023-06-22,420.533142,92.595406,65.604622,37.011101,86.988365,89.688919,72.178688,93.306877,177.710007,71.342285
2023-06-23,417.353943,91.107780,64.585236,36.471066,87.245872,90.583099,72.240952,93.567505,178.199997,70.358856
2023-06-26,415.648743,91.689491,64.667160,36.592106,87.352402,90.679512,72.294312,93.671753,178.509995,71.983284
2023-06-27,420.205597,93.282013,65.231453,36.964550,87.183708,90.442802,72.187584,93.567505,177.690002,72.870110
2023-06-28,420.417572,93.396446,65.276962,36.741085,87.441200,90.828522,72.267601,93.975845,177.279999,72.975487
2023-06-29,422.074554,94.941269,65.185951,36.545555,86.766396,89.189224,72.089722,93.263420,177.089996,73.790627
2023-06-30,427.055359,95.027115,65.986893,36.834194,86.970619,90.241203,72.116440,93.949768,178.270004,74.199112
2023-07-03,427.546661,95.627869,65.914078,37.243877,86.868233,89.729584,72.032600,93.686554,178.470001,74.927246
2023-07-05,426.910797,94.207001,65.176842,37.020409,86.476532,88.876976,72.014755,93.015419,177.839996,75.095955
2023-07-06,423.567841,92.910103,64.048248,36.266224,85.915718,87.619995,71.970169,92.074135,177.309998,74.518768
2023-07-07,422.498413,93.825562,64.530624,36.675903,85.933472,87.092583,72.050423,91.986984,178.639999,74.350075
2023-07-10,423.567841,95.055717,64.712646,36.703842,86.173851,87.206833,72.157394,92.466324,178.779999,74.669739
2023-07-11,426.265320,95.933037,65.295158,37.076275,86.360817,87.655128,72.148506,92.902115,179.449997,75.735298
2023-07-12,429.695038,96.982010,66.542084,37.904957,87.064072,88.630821,72.362526,93.721397,181.880005,76.143784
2023-07-13,433.105469,97.525558,67.606972,38.398438,87.607124,89.562614,72.567604,94.383827,182.009995,76.632164
2023-07-14,432.835754,96.705475,67.224716,38.184284,87.188713,89.035194,72.380356,93.651695,181.429993,76.481194
2023-07-17,434.338623,97.477882,67.142792,38.230839,87.286644,89.079124,72.407112,93.808563,181.559998,75.983940
2023-07-18,437.565979,98.822456,67.579674,37.951508,87.357841,89.483482,72.407112,94.043915,183.639999,75.566582
2023-07-19,438.539032,99.366035,67.543266,37.877022,87.624908,90.494354,72.433846,94.575577,183.669998,76.419052
2023-07-20,435.629547,98.622215,67.197411,37.597694,87.170906,89.395576,72.344688,93.939316,182.740005,76.170410
2023-07-21,435.629547,98.259850,67.333931,37.541828,87.233238,89.421951,72.353607,94.104912,182.179993,76.525597
2023-07-24,437.575623,98.822456,67.170105,38.053928,87.072998,89.096703,72.264442,93.991592,181.399994,77.156059
2023-07-25,438.770264,98.793846,67.242912,38.370506,86.975037,88.929710,72.255508,93.843437,182.410004,76.605507
2023-07-26,438.837708,99.518600,67.424950,38.593967,87.259933,89.017609,72.326836,94.279221,183.300003,76.951813
2023-07-27,435.928284,98.460083,67.270218,38.119106,86.512123,87.285942,72.219856,93.128738,180.419998,75.282440
2023-07-28,440.196075,99.404175,67.752617,39.040894,86.850433,87.734245,72.317940,93.738831,181.860001,75.220276
2023-07-31,441.034302,100.281494,67.770813,39.059517,86.957260,87.945213,72.335754,94.000328,182.350006,75.708664
2023-08-01,439.772186,99.785614,66.924362,38.566032,86.381508,86.504074,72.274963,93.063644,180.460007,75.584351
2023-08-02,433.654572,98.955978,65.677437,37.644245,86.176186,85.578545,72.310730,92.495163,179.600006,75.149239
2023-08-03,432.411835,98.584053,65.495392,37.793224,85.595955,83.604134,72.337570,91.664322,179.539993,74.332298
2023-08-04,430.456177,98.574539,65.677437,37.746666,86.301155,85.084946,72.480614,92.617615,180.190002,73.728477
2023-08-07,434.213409,99.137154,66.232635,37.690804,86.319000,84.247589,72.507439,92.390213,179.779999,74.651978
2023-08-08,432.325165,98.460083,65.832161,37.234570,86.524315,85.225960,72.543205,92.757553,178.639999,74.172470
2023-08-09,429.434967,97.754448,65.813950,37.327671,86.586784,85.666702,72.498497,92.845001,177.789993,74.163589
2023-08-10,429.589050,97.382530,66.096115,37.383545,86.024422,84.256409,72.462730,92.189064,177.600006,73.879448
2023-08-11,429.338593,97.296700,65.650124,36.834194,85.756645,84.062508,72.391190,91.874222,177.600006,73.994881
2023-08-14,431.708557,96.867569,65.358879,36.657280,85.694130,83.877403,72.328621,91.839256,177.059998,73.506493
2023-08-15,426.679688,95.761391,64.548836,36.238289,85.462059,83.366135,72.355453,91.358238,176.589996,72.680672
2023-08-16,423.548615,94.645676,64.020927,35.912403,85.256767,82.713882,72.319687,90.947166,175.570007,71.783821
2023-08-17,420.321167,93.653915,63.565845,35.996204,85.167511,82.361328,72.400154,90.702293,175.300003,71.206635
2023-08-18,420.523499,94.130737,63.565845,35.754120,85.354935,82.652184,72.426979,91.043381,175.330002,71.428627
2023-08-21,423.259552,93.682533,63.802494,35.837921,84.926468,81.550400,72.346504,90.501122,175.809998,70.771545
2023-08-22,422.113129,93.501343,63.684166,35.763432,85.015747,82.176247,72.310730,90.780998,176.100006,70.975754
2023-08-23,426.814484,94.493080,64.375908,36.331402,85.828056,84.212334,72.444847,92.057884,177.889999,72.094589
2023-08-24,420.899200,93.549019,63.493046,36.191742,85.631683,83.657013,72.400154,91.743050,177.850006,71.819336
2023-08-25,423.866486,93.777893,63.920815,36.228981,85.578110,83.930260,72.355453,91.795532,177.619995,71.872627
2023-08-28,426.554352,94.540764,64.594345,36.582798,85.765572,84.018440,72.400154,92.084122,178.130005,72.547478
2023-08-29,432.720123,95.809067,65.395279,37.048347,86.319000,84.891052,72.561081,92.818748,179.869995,73.426582
2023-08-30,434.502411,96.228653,65.358879,36.927299,86.283295,84.802887,72.561081,92.687584,180.320007,73.692955
2023-08-31,433.866577,96.104691,65.104034,36.471066,86.408272,85.181900,72.632568,92.845001,180.020004,73.151306
2023-09-01,434.675781,97.086906,65.067627,36.899372,85.960762,83.854904,72.593155,92.184120,180.110001,73.275604
2023-09-05,432.797211,94.283310,64.503319,36.601425,85.495331,82.679077,72.503548,91.525841,178.639999,72.423157
2023-09-06,429.887726,93.968605,64.366791,36.396580,85.414764,82.882408,72.422844,91.438057,177.830002,72.272202
2023-09-07,428.567902,93.301071,64.157455,35.968277,85.683296,83.112274,72.557289,91.841789,178.020004,72.725075
2023-09-08,429.213287,92.938698,64.066444,36.042767,85.728020,83.430550,72.521469,91.912010,178.080002,72.440918
2023-09-11,432.036102,92.919624,64.730865,36.489685,85.629593,82.829353,72.539391,91.736473,178.410004,72.449806
2023-09-12,429.666138,92.919624,64.466911,36.377956,85.656410,83.306770,72.503548,91.710129,177.490005,72.414276
2023-09-13,430.167053,92.376091,64.266678,36.331402,85.781746,83.289108,72.566261,91.912010,177.080002,71.623985
2023-09-14,433.876190,93.968605,65.113136,36.573483,85.665375,82.687927,72.548340,91.745262,177.169998,72.920418
2023-09-15,428.648743,93.081749,64.967499,36.433826,85.468445,82.184006,72.512482,91.604836,178.339996,72.645142
2023-09-18,428.900116,92.500046,64.739960,36.387272,85.593765,82.652527,72.503548,91.780365,179.389999,71.996933
2023-09-19,428.010620,92.309326,64.794571,36.173111,85.343155,82.042572,72.449760,91.473167,179.220001,71.668381
2023-09-20,424.075806,91.565514,64.639847,36.024139,85.298424,82.298920,72.404938,91.508293,179.350006,71.730530
2023-09-21,417.066498,90.220917,63.565845,35.400303,84.716637,80.185982,72.440788,90.586700,178.050003,69.288612
2023-09-22,416.128662,89.915764,63.620468,35.819294,85.074654,80.831352,72.512482,91.139641,178.619995,68.764725
2023-09-25,417.878632,90.335350,63.338310,35.661011,84.403374,78.842194,72.485596,90.253181,177.699997,68.702568
2023-09-26,411.739441,89.021584,62.519165,35.158215,84.295959,78.568092,72.494553,89.998634,176.279999,67.450500
2023-09-27,411.903748,89.903198,62.400841,35.214088,84.000580,78.161423,72.440788,89.577339,174.100006,66.997635
2023-09-28,414.291748,91.014748,62.910534,35.307198,84.251198,78.400154,72.566261,89.735344,173.229996,67.640495
2023-09-29,413.286255,90.391899,62.728504,35.335125,84.170631,78.408958,72.575233,89.542236,171.449997,67.837769
2023-10-02,413.121918,89.079094,61.809235,35.158215,83.584587,77.096397,72.502434,88.721909,169.649994,66.591461
2023-10-03,407.591827,87.699203,61.035587,34.692665,82.929436,75.437943,72.448502,87.699776,169.160004,65.291397
2023-10-04,410.559967,87.871674,61.144817,34.590252,83.512772,76.502190,72.610252,88.466393,169.139999,66.089363
2023-10-05,410.405212,87.756706,61.681808,34.720608,83.566635,76.120827,72.682167,88.360634,168.830002,66.456985
2023-10-06,415.277893,88.302902,62.364426,35.223400,83.243507,75.198486,72.619247,88.096321,169.699997,66.636307
2023-10-09,417.936646,89.050331,62.273418,35.055798,84.105133,76.963356,72.834946,89.188927,172.820007,67.362564
2023-10-10,420.111938,90.018181,63.128971,35.558590,84.024361,76.856918,72.790001,89.224136,172.529999,67.685349
2023-10-11,421.832794,90.133156,63.392921,35.782055,84.410286,78.462196,72.772041,89.770447,173.789993,68.859909
2023-10-12,419.261108,88.437057,62.865025,35.381687,83.683327,76.333679,72.682167,88.836464,173.259995,67.855698
2023-10-13,417.172821,87.411728,62.282520,35.251328,84.042297,77.699478,72.727112,89.329880,178.830002,67.685349
2023-10-16,421.562103,88.973686,62.737606,35.512039,83.575615,76.448975,72.682167,88.713066,177.960007,68.492294
2023-10-17,421.542755,90.008591,62.774017,35.418930,82.974266,75.606422,72.520409,88.008202,178.289993,68.393661
2023-10-18,415.925659,88.293312,61.681808,34.878891,82.588326,74.941254,72.520409,87.303268,180.869995,66.941154
2023-10-19,412.271210,86.923019,61.135715,34.674049,82.274223,73.407005,72.619247,86.598373,183.089996,65.354149
2023-10-20,407.205170,85.907280,60.589611,34.255058,82.570374,73.823822,72.736084,86.942001,183.589996,64.914818
2023-10-23,406.499390,85.131096,60.635132,34.227116,82.893501,74.710693,72.781021,87.620476,182.970001,64.278221
2023-10-24,409.564117,85.638947,60.980984,34.664734,83.189682,75.695122,72.763039,88.113953,182.949997,65.103104
2023-10-25,403.686005,84.604034,60.544102,34.208504,82.570374,74.010033,72.682167,87.312065,183.720001,63.704388
2023-10-26,398.852020,84.824455,60.107227,34.040909,83.126862,75.145271,72.825981,87.946503,184.009995,64.923782
2023-10-27,397.044067,83.952423,59.925194,34.012970,83.099899,74.826004,72.870895,87.770279,186.149994,63.883705
2023-10-30,401.791107,84.489059,60.689732,34.366791,82.902473,74.488991,72.843910,87.505943,185.100006,64.287170
2023-10-31,404.314484,85.178993,60.908173,34.171261,82.848625,74.125351,72.816956,87.382568,184.089996,65.381050
2023-11-01,408.626373,85.552727,61.481579,34.487827,83.764153,75.732552,72.979195,88.633095,183.509995,65.784531
2023-11-02,416.457397,87.833366,62.737606,35.093044,84.268250,77.459007,72.988182,89.685501,184.119995,67.945374
2023-11-03,420.256927,90.286476,63.402031,35.809990,84.781372,77.984055,73.186455,90.127708,184.789993,69.568230
2023-11-06,421.223755,89.376129,63.083462,36.098629,84.358253,77.227608,73.051262,89.650131,183.350006,68.564026
2023-11-07,422.422577,88.724518,62.701199,36.033447,84.808388,78.366730,73.105370,90.366501,182.589996,67.999161
2023-11-08,422.731934,87.890846,62.619286,35.791367,85.096436,79.701637,73.087341,90.826355,180.770004,68.223320
2023-11-09,419.435120,86.702621,62.610176,35.456173,84.385277,77.868370,72.979195,89.906624,181.490005,67.147377
2023-11-10,425.980316,87.612953,62.892323,35.707565,84.583313,78.304420,72.997192,90.357643,179.509995,67.775002
2023-11-13,425.574310,87.612953,63.056164,35.698254,84.574318,78.126450,73.024231,90.366501,180.509995,67.210129
2023-11-14,433.830780,92.375465,64.667160,36.647980,85.636559,79.897408,73.312622,91.781525,182.119995,70.940048
2023-11-15,434.749207,92.509621,64.567039,36.955238,85.105415,78.776093,73.177444,91.303925,181.639999,71.146271
2023-11-16,435.280914,91.148911,64.521515,36.601425,85.573563,79.755005,73.303604,92.055687,183.690002,70.993851
2023-11-17,435.822388,92.164658,65.395279,36.647980,85.744576,80.128769,73.249550,92.320992,183.669998,70.940048
2023-11-20,439.177185,92.519203,65.641037,37.104210,85.879623,80.618256,73.258537,92.692421,183.369995,71.460098
2023-11-21,438.220001,91.417221,65.386185,36.871429,85.969627,80.582649,73.303604,92.718956,185.350006,70.957993
2023-11-22,439.911865,91.905937,65.540901,36.796951,86.050644,80.867409,73.312622,93.090408,184.559998,71.307663
2023-11-24,440.182587,92.346733,66.041489,36.815578,85.654549,79.915199,73.258537,92.612823,185.520004,71.513893
2023-11-27,439.389893,92.107162,65.813950,36.666599,86.140663,81.250092,73.348663,93.364555,186.770004,71.773903
2023-11-28,439.824890,91.628036,65.832161,36.973858,86.518745,81.410255,73.483849,93.735985,189.259995,72.249123
2023-11-29,439.515533,91.915512,65.968689,36.759708,86.941856,82.433685,73.628021,94.496590,189.539993,72.751205
2023-11-30,441.246063,92.222145,65.914078,36.834194,86.653786,81.481476,73.582977,94.001297,188.750000,73.280205
2023-12-01,443.856415,94.914841,66.605797,36.992477,87.415749,83.016098,73.797203,95.133102,192.009995,75.082397
2023-12-04,441.526459,96.150986,66.087006,36.573483,87.081718,82.685768,73.688751,94.698151,187.860001,75.629349
2023-12-05,441.439453,94.694450,65.850365,36.350025,87.659485,84.462318,73.779121,95.452667,187.149994,75.127228
2023-12-06,439.660492,94.493202,66.050591,36.303471,87.885185,85.587189,73.761063,95.807732,187.839996,74.903076
2023-12-07,443.015289,95.556862,66.369148,36.480377,87.912262,85.096207,73.815300,95.816658,188.149994,75.118271
2023-12-08,444.919952,96.160561,66.569389,36.322086,87.469902,84.399841,73.652565,95.301773,185.639999,74.992744
2023-12-11,446.650452,96.678024,66.733223,36.536243,87.478943,84.221306,73.670654,95.275162,183.589996,75.198959
2023-12-12,448.690430,96.543861,66.851547,36.545555,87.740738,84.471283,73.679703,95.816658,183.490005,75.154129
2023-12-13,454.877930,99.782753,67.825409,36.908680,88.842117,86.453140,74.050316,97.423347,187.630005,78.032257
2023-12-14,456.337799,102.609612,68.326012,37.448719,89.559189,88.702057,74.177299,98.459419,188.729996,80.282753
2023-12-15,455.586395,101.737587,67.661591,37.225254,89.350945,88.800583,74.095657,98.316887,187.000000,79.153023
2023-12-18,458.149139,101.593842,67.825409,37.206635,89.169846,88.093018,74.086586,97.907066,187.850006,78.973717
2023-12-19,460.935089,103.654091,68.398827,37.523205,89.278488,88.567703,74.113777,98.031807,189.130005,79.574440
2023-12-20,454.547729,101.850731,67.708549,36.847725,89.604446,89.167778,74.213554,98.290161,188.100006,78.606087
2023-12-21,458.857727,103.541664,68.805237,37.540283,89.595383,88.603539,74.286072,98.254509,189.429993,79.303192
2023-12-22,459.779938,104.089325,68.869759,37.360031,89.477669,88.200500,74.313286,98.085266,190.270004,79.611794
2023-12-26,461.721313,105.280670,69.183090,37.654125,89.658768,88.451286,74.277031,98.290161,191.720001,80.201790
2023-12-27,462.556183,105.789879,69.551727,37.872330,90.229141,90.018600,74.367706,99.207779,192.589996,80.592064
2023-12-28,462.730865,105.443993,69.367401,38.166431,90.029953,89.364799,74.358643,98.949409,191.470001,81.163902
2023-12-29,461.391357,104.002846,69.441139,38.147457,89.857925,88.558754,74.394905,98.584152,191.169998,80.201790
2024-01-02,458.809204,103.503242,68.667007,37.701561,89.432404,88.048241,74.304230,97.915985,190.720001,80.891617
2024-01-03,455.062317,100.745865,68.150909,37.492851,89.477669,88.415451,74.322372,97.693283,189.130005,78.958267
2024-01-04,453.596436,100.534492,68.307594,37.369514,89.115524,87.072014,74.277031,97.149857,189.320007,78.813057
2024-01-05,454.217712,100.294289,68.353661,37.416950,88.907295,86.239105,74.258881,96.802399,189.350006,78.613365
2024-01-08,460.702118,101.917992,69.081718,37.521305,89.242279,87.089928,74.322372,97.541809,187.869995,79.738869
2024-01-09,460.003174,100.774673,68.464249,36.990036,89.224182,86.534645,74.340500,97.711105,187.929993,79.203339
2024-01-10,462.604706,101.139763,68.906609,36.904652,89.052162,86.131630,74.340500,97.586365,187.500000,79.294121
2024-01-11,462.400879,100.476837,68.897392,37.056442,89.559189,86.615250,74.512779,98.174347,187.869995,78.558899
2024-01-12,462.721130,100.265472,69.183090,37.189259,89.722145,86.445091,74.666962,98.388153,189.710007,79.030876
2024-01-16,461.022430,99.275887,68.021896,36.287987,89.052162,84.922546,74.549057,97.390381,187.910004,78.449989
2024-01-17,458.459778,98.334335,67.376785,35.747227,88.807716,84.788216,74.403969,97.185463,185.839996,77.015846
2024-01-18,462.536774,99.256660,67.975815,36.041325,88.726234,84.000061,74.440239,96.998390,187.369995,76.598320
2024-01-19,468.302795,100.246254,68.132484,36.420807,88.744331,84.268738,74.385841,97.096352,187.929993,77.515068
2024-01-22,469.292969,102.254250,68.344452,36.098248,88.907295,84.770279,74.422112,97.363640,187.220001,77.977982
2024-01-23,470.661682,101.735443,68.150909,36.411324,88.690025,84.098564,74.413048,97.007324,187.949997,77.442467
2024-01-24,471.176147,100.947617,68.667007,36.819267,88.490822,83.605972,74.376785,96.820236,186.399994,76.335098
2024-01-25,473.738831,101.697006,68.860542,36.866703,88.889214,84.152298,74.512779,97.461678,187.139999,77.315399
2024-01-26,473.137024,101.841118,69.164658,36.895157,88.789612,83.991089,74.467468,97.185463,187.009995,77.097542
2024-01-29,476.883942,103.042084,69.570145,36.914135,89.142700,84.958366,74.539978,97.586365,188.330002,77.605827
2024-01-30,476.515137,102.523270,69.477989,36.620037,89.314735,85.728600,74.494659,97.898163,188.589996,76.879707
2024-01-31,468.739685,99.919601,69.127792,36.420807,89.722145,86.570465,74.630692,98.147606,188.449997,76.144485
2024-02-01,474.874603,101.024490,69.809761,36.771828,90.233376,88.268631,74.741631,98.906662,190.410004,77.524155
2024-02-02,479.873779,100.582535,69.256813,36.667473,89.407043,86.318901,74.505180,98.003700,188.610001,76.562019
2024-02-05,478.126465,98.997261,68.888184,36.714905,88.671501,84.575783,74.359642,97.064957,187.570007,74.955452
2024-02-06,479.514618,99.554512,69.312111,37.549774,89.134605,85.402420,74.477890,97.610291,188.550003,75.962952
2024-02-07,483.513977,99.266281,69.275238,37.597206,88.953026,84.989113,74.450607,97.324219,188.500000,75.854042
2024-02-08,483.727539,100.620949,69.155441,37.388485,88.680603,84.494957,74.432419,96.823547,188.330002,76.471252
2024-02-09,486.523193,101.841118,69.395058,37.549774,88.653336,84.324219,74.405128,96.698395,187.600006,76.589249
2024-02-12,486.309631,103.656982,69.514854,37.843864,88.671501,84.423065,74.414223,96.707329,187.110001,76.607399
2024-02-13,479.611633,99.929207,68.445816,37.132336,87.854256,82.976486,74.177742,95.643440,184.529999,75.028053
2024-02-14,483.970154,101.802704,69.210732,37.663612,88.244736,83.398788,74.286896,96.090462,184.419998,75.618034
2024-02-15,487.309448,104.339119,69.994080,37.843864,88.453598,83.830025,74.359642,96.439133,185.660004,77.378937
2024-02-16,484.882660,103.166985,70.104668,38.024120,88.172096,83.344849,74.268707,96.090462,186.339996,76.580185
2024-02-20,482.213196,102.148567,70.390350,38.081043,88.253838,83.416756,74.314186,96.412300,187.470001,76.444038
2024-02-21,482.650024,101.841118,70.445656,38.147457,87.990479,82.823723,74.250496,96.170921,187.479996,76.870628
2024-02-22,492.638702,102.090927,71.238220,38.536423,88.063126,83.228058,74.241425,96.322899,187.559998,77.015846
2024-02-23,492.978455,102.398384,71.330376,38.517448,88.390022,84.342209,74.277794,96.608978,188.619995,76.979546
2024-02-26,491.172913,102.427185,71.228996,38.346680,88.199333,84.090599,74.223221,96.305031,188.199997,76.135422
2024-02-27,492.085358,103.291885,71.422523,38.422581,88.081284,83.497597,74.223221,96.170921,188.000000,76.226181
2024-02-28,491.434998,102.619347,71.007828,37.919765,88.253838,84.027718,74.295982,96.161972,188.339996,76.997711
2024-02-29,493.201721,103.138161,71.192131,37.938740,88.399101,84.620728,74.341454,96.251373,189.309998,77.651230
2024-03-01,497.831970,103.666588,71.883324,38.403606,88.823494,85.147995,74.487419,96.837303,192.889999,78.577042
2024-03-04,497.298096,103.138161,71.699005,38.318214,88.604950,84.805489,74.414436,96.657852,196.009995,79.312263
2024-03-05,492.328033,102.686600,71.569984,37.976685,89.087601,86.013298,74.469162,97.187271,197.190002,78.350128
2024-03-06,494.822784,103.051697,72.417839,38.526936,89.224220,86.518005,74.487419,97.447487,198.809998,78.740433
2024-03-07,499.734619,103.858734,73.274910,38.764118,89.415482,86.436874,74.578621,97.689766,199.940002,78.722267
2024-03-08,496.735107,103.772263,73.035301,38.726166,89.497452,86.283684,74.615112,97.824364,201.630005,79.629951
2024-03-11,496.308014,103.301498,72.620583,38.811546,89.397263,86.238617,74.551254,97.842300,202.000000,79.248726
2024-03-12,501.646942,103.022873,73.201172,39.238464,89.169586,85.517548,74.478302,97.528244,199.789993,79.076271
2024-03-13,500.860626,103.109337,73.210403,39.115135,89.005669,85.102951,74.441795,97.429543,201.190002,78.676903
2024-03-14,499.870544,101.533699,72.675880,38.915901,88.440987,83.796013,74.377937,96.711716,200.350006,77.496925
2024-03-15,496.438080,101.908386,72.703529,38.678726,88.431900,83.768982,74.332329,96.738602,199.710007,77.324463
2024-03-18,499.388489,101.581718,72.685097,38.745136,88.340805,83.516632,74.341461,96.577110,200.029999,77.360771
2024-03-19,502.163757,102.283066,72.814133,38.555397,88.559402,83.750961,74.405334,96.855270,199.800003,77.333534
2024-03-20,506.808319,103.974030,73.588234,38.991795,88.741531,83.723892,74.523903,97.034714,202.179993,77.841835
2024-03-21,508.483185,105.184402,73.551376,39.039242,88.805298,83.904198,74.523903,97.178307,201.970001,78.404587
2024-03-22,507.519104,103.854515,73.394714,38.764118,89.087601,84.706375,74.578621,97.510300,200.350006,77.417755
2024-03-25,506.117065,103.632896,73.238037,38.792572,88.923683,84.282730,74.542137,97.178307,200.990005,76.941734
2024-03-26,505.182251,103.478699,73.320984,38.764118,89.014763,84.517082,74.560387,97.151375,201.639999,76.630493
2024-03-27,509.427795,105.964958,73.763336,38.830521,89.306175,85.355309,74.642487,97.824364,203.100006,78.607819
2024-03-28,509.330353,106.504616,73.597458,38.972828,89.196884,85.283211,74.596863,97.734619,205.720001,79.166237
2024-04-01,508.444244,105.415672,73.284119,39.039242,88.548378,83.693443,74.441284,96.798798,207.820007,77.838852
2024-04-02,505.211456,103.575066,72.768028,39.162567,88.484406,83.232239,74.477882,96.654663,210.889999,76.859344
2024-04-03,505.766418,104.239983,73.173538,39.191032,88.539207,83.214157,74.532791,96.717728,212.740005,76.941734
2024-04-04,499.593018,103.363060,72.546860,39.048725,88.749329,83.810982,74.606010,96.825813,211.520004,76.447411
2024-04-05,504.812286,103.709984,72.777252,39.134106,88.310867,82.644440,74.487053,96.402466,215.139999,76.841042
2024-04-08,505.094604,104.461639,73.136673,39.390255,88.228661,82.635399,74.413803,96.393486,216.479996,77.664925
2024-04-09,505.678833,104.943466,73.127449,39.655895,88.530106,83.404068,74.487053,96.888878,217.669998,78.699371
2024-04-10,500.615448,101.821198,72.159798,39.115135,87.470505,81.586411,74.185020,95.510780,215.610001,75.440437
2024-04-11,504.393494,102.254829,72.353325,39.352310,87.488792,81.215637,74.276558,95.312607,219.800003,75.696762
2024-04-12,497.431335,100.712975,71.182915,38.451035,87.653198,81.649712,74.322319,95.528801,216.889999,74.799637
2024-04-15,491.199463,99.778221,70.970955,38.204372,87.123405,80.383682,74.294861,94.474960,220.949997,73.527191
2024-04-16,490.303589,99.238571,70.270554,37.701561,86.876770,79.850143,74.249115,94.159714,221.220001,72.492752
2024-04-17,487.401825,98.419441,70.316635,37.673100,87.278694,80.736351,74.304016,94.673103,219.589996,71.961807
2024-04-18,486.398956,98.621803,70.123100,37.824890,87.032051,80.329445,74.267403,94.483971,220.339996,71.970963
2024-04-19,482.153503,99.469833,70.150742,37.673100,87.123405,80.618797,74.285675,94.583054,221.029999,72.318810
2024-04-22,486.593719,100.327507,70.970955,38.081043,87.178207,80.483147,74.322319,94.817245,215.570007,72.959633
2024-04-23,492.367920,102.110298,71.745079,38.394119,87.360886,80.510269,74.386383,94.979362,215.039993,73.627892
2024-04-24,492.134247,101.869370,71.606834,38.526936,87.132530,79.940575,74.358932,94.610054,214.639999,73.765213
2024-04-25,490.264648,101.050262,71.275063,38.612320,86.885902,79.379898,74.304016,94.330872,215.919998,73.344101
2024-04-26,494.909393,101.811546,71.846451,39.058212,87.077736,79.795883,74.322319,94.691139,216.619995,73.380722
2024-04-29,496.662109,102.543945,72.122940,39.437695,87.342628,80.465057,74.358932,95.087463,216.179993,74.131378
2024-04-30,488.794373,100.597328,71.210564,38.887444,86.986397,79.777786,74.267403,94.565041,211.869995,72.877235
2024-05-01,487.207153,100.934616,71.053886,38.925392,87.293335,80.365829,74.416138,94.958412,213.789993,72.904709
2024-05-02,491.764221,102.466858,72.012344,39.931023,87.687325,80.710678,74.526329,95.546181,213.130005,73.929993
2024-05-03,497.859772,103.237778,72.731163,40.291531,88.136337,81.527382,74.645691,96.215347,212.960007,74.424309
2024-05-06,503.001068,104.326729,73.228828,40.329479,88.200462,81.845039,74.636497,96.486618,215.199997,74.488388
2024-05-07,503.556122,104.673653,73.422356,40.101784,88.383713,82.344131,74.645691,96.531837,214.210007,75.193268
2024-05-08,503.604889,104.326729,73.339424,40.111275,88.200462,81.845039,74.627312,96.287720,213.580002,74.561623
2024-05-09,506.506561,105.579483,73.901588,40.234608,88.365395,82.244316,74.691566,96.441422,216.949997,76.090385
2024-05-10,507.158997,105.020576,74.039810,40.319992,88.182129,81.781494,74.627312,96.133972,218.710007,75.879837
2024-05-13,507.227142,105.338577,74.039810,40.623577,88.227943,81.990204,74.645691,96.170143,216.259995,76.127014
2024-05-14,509.554352,106.388977,74.592773,40.841778,88.466171,82.453041,74.719124,96.450485,218.089996,76.712891
2024-05-15,515.864014,106.851540,75.385323,41.278179,89.052605,83.578293,74.856865,97.309517,220.889999,77.774773
2024-05-16,514.802795,106.398613,74.979836,41.363564,88.951820,83.496620,74.801788,97.155785,220.029999,77.719849
2024-05-17,515.542725,106.379349,75.237877,41.543823,88.667770,82.933975,74.755852,96.929756,223.660004,77.710693
2024-05-20,516.136780,106.215530,75.293167,41.392029,88.585289,82.688965,74.737480,96.884521,224.559998,77.252975
2024-05-21,517.402588,106.157707,75.173363,41.135876,88.750229,83.115486,74.774239,97.047279,224.229996,77.225510
2024-05-22,515.912903,105.415672,74.463753,41.003063,88.640282,83.215294,74.719124,96.902611,220.110001,76.529785
2024-05-23,512.144592,103.893074,74.085892,40.699474,88.392868,82.679909,74.682411,96.477615,215.720001,74.882027
2024-05-24,515.533020,104.866379,74.694138,40.813313,88.493668,82.924919,74.709961,96.739830,215.919998,74.936943
2024-05-28,515.893433,104.480911,74.666489,40.756393,88.081345,81.736137,74.645691,96.161095,218.190002,74.442619
2024-05-29,512.280762,103.208862,73.486870,40.149223,87.742325,80.746979,74.618141,95.645638,216.160004,73.719429
2024-05-30,508.882507,104.471283,74.104324,40.035378,88.154625,81.527382,74.700737,96.233421,216.570007,74.799637
2024-05-31,513.517456,105.666237,74.813950,39.646408,88.438683,82.080978,74.801788,96.658440,215.300003,76.200226
2024-06-03,513.936096,105.290390,75.025917,40.063839,88.973625,83.408585,74.886513,97.325607,217.220001,76.026299
2024-06-04,514.510681,103.709984,74.933754,39.504101,89.295349,84.382889,74.960182,97.706871,215.270004,76.612183
2024-06-05,520.625610,104.856750,75.459038,40.139732,89.571068,85.002083,75.033905,98.033646,217.820007,76.520622
2024-06-06,520.615906,104.124367,75.717102,40.338963,89.598648,84.874611,75.043114,97.970116,219.429993,76.667107
2024-06-07,519.982971,103.045052,74.896881,39.883583,88.808189,83.317505,74.849655,97.089615,211.600006,75.943932
2024-06-10,521.589661,102.582481,74.841591,40.120762,88.734634,82.762085,74.858894,96.889900,213.539993,76.200226
2024-06-11,522.845703,102.182083,73.991135,39.987022,89.037971,83.618019,74.941750,97.307449,214.149994,75.925613
2024-06-12,527.139954,103.787582,74.863159,40.388233,89.460800,84.246323,75.043114,97.906563,214.720001,76.603020
2024-06-13,528.201233,102.772057,73.794220,40.292709,89.911163,85.484680,75.162834,98.369507,212.970001,76.914276
2024-06-14,528.522705,101.243912,72.978455,40.340466,90.003075,86.204056,75.172058,98.451202,215.729996,76.895966
2024-06-17,532.729126,102.201424,73.269135,40.598389,89.681389,85.348114,75.098381,97.988243,214.610001,76.593872
2024-06-18,534.082642,102.230438,73.559807,40.970940,90.003075,86.131187,75.199677,98.442108,215.470001,76.895966
2024-06-20,532.631714,101.833885,73.606697,40.904072,89.846809,85.557526,75.172058,98.115318,218.160004,76.676254
2024-06-21,531.917786,101.978966,73.090973,40.760780,89.856003,85.557526,75.199677,98.142570,214.779999,76.868500
2024-06-24,530.188538,102.675339,73.672325,40.760780,89.929543,85.903549,75.208893,98.242416,215.630005,77.463539
2024-06-25,532.230286,101.795212,73.850487,40.665257,89.920349,86.049248,75.218109,98.206108,214.559998,76.511490
2024-06-26,532.894592,101.843567,73.306641,40.579281,89.515930,84.819969,75.144417,97.670532,212.580002,76.273476
2024-06-27,533.734741,102.327156,73.362900,40.607941,89.662987,85.156891,75.199677,97.861168,214.990005,77.014969
2024-06-28,531.634399,103.158920,73.447289,40.684364,89.221802,83.572495,75.208893,97.234840,215.009995,77.629440
2024-07-01,532.728455,102.356163,73.578568,40.779884,88.743271,82.130119,75.144188,96.657326,215.570007,76.897263
2024-07-02,536.313660,102.897781,73.756721,40.904072,89.038322,82.769531,75.208885,97.276733,215.559998,77.258728
2024-07-03,538.706970,102.849426,74.600616,41.505886,89.517769,83.856598,75.319794,97.996361,217.990005,77.184570
2024-07-05,541.813416,102.066002,75.097572,41.677826,89.969551,84.550812,75.458427,98.506493,220.929993,77.397743
2024-07-08,542.438538,102.733368,74.722519,41.687378,89.997200,84.733498,75.449173,98.497360,218.190002,77.647980
2024-07-09,542.966125,102.075691,74.422462,41.859329,89.914230,84.358978,75.430702,98.315178,218.559998,77.629440
2024-07-10,548.338928,103.168594,75.472649,42.098141,90.006432,84.623901,75.458427,98.552032,219.360001,78.204063
2024-07-11,543.610779,106.611740,75.688301,42.346508,90.467438,85.446014,75.634033,99.080368,223.250000,80.446938
2024-07-12,547.039734,107.636948,76.494698,42.518452,90.716347,85.811409,75.744942,99.444733,223.110001,81.058632
2024-07-15,548.544067,109.107056,75.819580,42.069481,90.402924,84.824829,75.744942,98.898193,223.830002,81.605453
2024-07-16,551.797058,112.995102,76.185265,42.308296,90.771675,86.021500,75.772652,99.472038,228.289993,82.606400
2024-07-17,544.060242,112.472809,75.782082,41.620514,90.836227,86.039795,75.781876,99.517593,227.229996,83.171753
2024-07-18,539.879150,110.741577,75.031937,41.228855,90.587288,85.382057,75.744942,99.089470,225.779999,82.439575
2024-07-19,536.294128,109.977524,74.572487,40.827652,90.402924,84.879669,75.707954,98.725098,221.729996,82.291283
2024-07-22,541.823242,111.583031,75.360130,41.171535,90.366013,84.633034,75.717194,98.670448,221.800003,83.143951
2024-07-23,540.973267,112.453476,74.938171,40.808544,90.356789,84.514259,75.754173,98.597580,222.580002,83.079071
2024-07-24,528.713562,110.383720,73.991135,40.216286,90.080200,83.600807,75.791130,97.996361,221.800003,81.855690
2024-07-25,525.958740,111.786125,73.522301,40.053890,90.329132,84.285881,75.800369,98.388046,218.330002,81.586906
2024-07-26,531.849304,113.875221,74.459976,40.464653,90.651833,84.943588,75.902023,98.934624,220.630005,83.014191
2024-07-29,532.161926,113.149849,74.131783,40.330917,90.799370,85.400337,75.911285,99.144127,220.320007,83.440529
2024-07-30,529.465759,113.788170,74.300552,40.149418,90.891579,85.729179,75.938965,99.226135,222.520004,84.089302
2024-07-31,538.071960,114.455536,75.350746,41.028252,91.380234,86.606110,76.096107,99.799988,226.550003,83.792717
2024-08-01,530.452332,111.244522,73.353523,40.311813,91.763100,87.353065,76.227768,100.130913,225.770004,84.636116
2024-08-02,520.576172,107.453178,72.200203,39.738659,92.789680,90.075119,76.654289,101.109093,225.339996,84.589767
2024-08-05,505.415100,104.135780,70.624916,38.611454,92.715698,90.551704,76.635757,100.853127,222.479996,82.170799
2024-08-06,510.074768,105.335068,70.746803,38.831165,92.160797,88.526207,76.543037,100.194893,220.699997,83.792717
2024-08-07,506.665405,104.319534,71.084366,39.069981,91.883339,87.902962,76.496674,99.737816,220.550003,83.218102
2024-08-08,518.378296,106.669762,72.275208,39.958366,91.744606,87.362228,76.459564,99.783524,224.009995,84.033684
2024-08-09,520.664124,106.466660,72.556503,40.178078,92.068306,88.223770,76.478142,100.295479,224.559998,84.422935
2024-08-12,520.937683,105.170639,72.490875,40.311813,92.225525,88.544548,76.524475,100.505753,228.410004,83.801994
2024-08-13,529.504822,106.969589,73.737961,40.760780,92.595482,89.158615,76.645035,101.209663,228.059998,84.534172
2024-08-14,531.175293,106.456985,74.009888,40.541069,92.761932,89.717682,76.635757,101.657623,226.199997,84.756599
2024-08-15,540.279663,108.961975,74.910049,40.990044,92.373505,88.993645,76.450310,101.346809,226.910004,84.691719
2024-08-16,541.491028,109.281143,75.322617,41.467674,92.595482,89.305275,76.533760,101.648476,231.990005,84.645386
2024-08-19,546.668518,110.199966,76.241531,41.868881,92.697205,89.717682,76.515205,101.886154,231.610001,85.349747
2024-08-20,545.779541,108.932953,76.007118,41.544098,92.974663,90.432571,76.626480,102.151283,232.460007,85.247810
2024-08-21,547.655029,110.190292,76.710358,41.706482,93.150368,90.487579,76.709930,102.379822,232.149994,85.701950
2024-08-22,543.356812,109.358513,76.260277,41.190643,92.771179,89.589378,76.607933,101.959305,229.369995,85.952187
2024-08-23,549.130188,112.627563,77.657402,41.878433,93.196602,90.175926,76.784111,102.544380,232.020004,87.842873
2024-08-26,547.821228,112.588882,77.310463,41.524990,93.113373,89.946823,76.747047,102.416382,232.759995,87.805794
2024-08-27,548.573303,111.892525,77.666786,41.582306,93.141136,89.791023,76.793365,102.334106,233.389999,87.935539
2024-08-28,545.388794,111.544334,77.394859,41.324383,93.057877,89.681038,76.784111,102.123848,231.750000,87.592628
2024-08-29,545.437561,112.124634,77.685532,41.343487,92.937668,89.387726,76.774826,101.950142,232.949997,87.323860
2024-08-30,550.644409,112.675926,77.807426,41.429462,92.715698,88.434555,76.774826,101.666748,231.289993,88.167252
2024-09-03,539.312744,109.455238,76.579086,40.607941,93.107208,89.880959,76.856712,101.974113,230.289993,88.120895
2024-09-04,538.208740,109.184418,76.241531,40.598389,93.515404,91.039513,77.024185,102.607224,230.429993,88.371147
2024-09-05,536.899719,108.720184,76.260277,40.655704,93.756607,91.554413,77.052109,103.111862,232.350006,88.083847
2024-09-06,527.863586,106.853546,74.825653,39.910599,93.877220,91.545227,77.191673,103.065987,230.630005,88.000420
2024-09-09,533.773743,106.592400,75.575783,40.244949,94.016365,91.940613,77.200989,103.295387,231.600006,88.982834
2024-09-10,536.098755,106.234543,75.200722,40.092102,94.303986,92.584267,77.312653,103.579811,232.619995,90.271111
2024-09-11,541.598511,106.427979,75.650803,40.388233,94.276146,92.510681,77.247498,103.625687,232.250000,90.095009
2024-09-12,546.160522,107.791687,76.269661,40.722576,94.192642,92.078537,77.256798,103.552269,236.330002,90.474991
2024-09-13,549.013062,110.596497,76.447815,40.913624,94.387482,92.326813,77.368469,103.873421,238.679993,91.420341
2024-09-16,549.823853,111.051079,77.066673,41.047359,94.610123,93.172737,77.414978,104.332169,238.660004,91.726204
2024-09-17,550.048462,111.911858,76.635353,41.095119,94.517357,92.722183,77.359154,104.341347,237.339996,91.086693
2024-09-18,548.417114,112.056938,76.391556,40.951832,94.220474,91.572807,77.331253,103.910110,235.509995,90.975479
2024-09-19,557.775513,114.242760,77.901199,41.821117,94.229767,91.269371,77.396416,104.001869,239.169998,90.994019
2024-09-20,556.811462,113.111153,77.132317,41.735138,94.146271,90.919975,77.424294,104.093628,242.210007,90.632561
2024-09-23,558.202759,113.101494,77.422989,42.059929,94.109146,90.726875,77.424294,103.946823,242.679993,91.531570
2024-09-24,559.799927,113.130501,77.882439,43.492809,94.239021,90.708481,77.498734,104.121140,246.070007,91.661316
2024-09-25,558.565247,111.668465,77.460495,43.034286,93.877220,89.954521,77.433609,103.506401,245.729996,91.049629
2024-09-26,560.779846,112.387352,79.167046,44.610462,93.895775,90.165977,77.359154,103.506401,246.979996,90.224770
2024-09-27,559.966492,113.232506,78.688835,44.524494,94.164810,90.634918,77.480125,103.919281,245.020004,90.339729
2024-09-30,562.210510,113.621086,78.416908,43.808048,93.951439,90.202744,77.368469,103.662384,243.059998,91.050026
2024-10-01,557.173889,112.154175,77.835556,44.123283,94.199898,90.854027,77.417969,104.160576,245.610001,90.461220
2024-10-02,557.409119,111.639320,77.676155,44.992569,94.004463,90.088394,77.399277,103.930344,245.660004,90.143448
2024-10-03,556.389954,110.803871,76.954155,44.457626,93.622963,89.239700,77.296570,103.258102,245.490005,89.320999
2024-10-04,561.446167,112.474754,77.404228,44.868382,93.018105,88.141960,77.035187,102.696381,245.000000,88.891083
2024-10-07,556.370361,111.406166,76.972908,45.240932,92.701706,87.477791,76.932526,102.171509,244.169998,88.106003
2024-10-08,561.632385,111.279884,76.851006,44.123283,92.859886,87.625381,76.997871,102.374054,242.369995,88.283577
2024-10-09,565.522461,111.590744,76.869766,43.884468,92.617966,87.127251,76.923172,102.171509,241.050003,88.377045
2024-10-10,564.532776,110.833000,76.775986,43.970440,92.562119,86.785927,76.988541,102.060974,242.820007,87.591957
2024-10-11,567.913330,112.882774,77.169823,44.285675,92.590042,86.435394,77.053864,102.042542,245.470001,88.582649
2024-10-14,572.557861,113.650223,77.394859,44.104176,92.506294,86.499954,77.016533,102.051773,245.070007,89.115379
2024-10-15,568.109253,113.795952,76.110252,43.168026,92.878510,87.551598,77.053864,102.549042,245.919998,90.190186
2024-10-16,570.578491,115.330841,76.307167,43.502365,92.999481,87.920555,77.100555,102.871353,247.149994,91.180870
2024-10-17,570.627441,115.136528,76.316544,43.435501,92.543518,86.527664,77.035187,102.107010,248.630005,90.461220
2024-10-18,572.822449,114.777107,76.832260,43.865360,92.608658,86.592224,77.100555,101.987305,251.270004,91.134148
2024-10-21,571.881653,112.756485,75.922722,43.559681,91.966576,85.079369,76.988541,100.946724,251.220001,89.349030
2024-10-22,571.577942,112.095909,75.491402,43.464153,91.985176,85.162384,76.979187,100.937492,253.929993,89.479874
2024-10-23,566.355286,111.386749,74.731888,43.206238,91.752533,84.931770,76.932526,100.596771,250.869995,90.134117
2024-10-24,567.580078,111.697601,75.153839,43.139370,91.929329,85.476028,76.969856,100.900665,252.800003,90.330383
2024-10-25,567.384094,111.202164,74.900673,43.101158,91.743225,84.996346,76.941856,100.661232,253.320007,89.479874
2024-10-28,569.138123,112.882774,75.500771,43.292213,91.594337,84.765717,76.904510,100.578362,253.330002,89.760262
2024-10-29,570.059204,112.367905,75.228859,43.158478,91.696716,84.894867,76.932526,100.698051,256.089996,89.115379
2024-10-30,568.334595,112.503906,74.741257,42.738167,91.603645,85.143936,76.867157,100.569153,257.500000,89.507912
2024-10-31,557.193481,110.667870,74.281815,42.461136,91.585037,85.282310,76.885834,100.366570,253.509995,87.993843
2024-11-01,559.545166,111.027313,74.431831,42.499348,91.220978,84.079948,76.860565,99.816696,252.470001,87.021858
2024-11-04,558.339905,111.717033,74.488106,42.738167,91.603722,85.385063,76.916763,100.556007,252.830002,87.975151
2024-11-05,565.091309,114.019394,75.228859,43.320866,91.818405,85.838577,76.898010,101.036560,253.399994,89.143425
2024-11-06,579.142578,120.848694,74.141159,42.785927,91.099632,83.487602,76.804337,99.983047,245.699997,87.246147
2024-11-07,583.620605,120.003517,75.266357,43.731628,91.790390,84.533524,76.935493,101.165939,249.649994,88.292923
2024-11-08,586.148743,120.702972,74.225548,42.652191,91.949104,85.607193,76.879280,101.517105,247.960007,89.610725
2024-11-11,586.707214,122.655594,74.244301,42.327404,91.743744,85.190674,76.823082,101.323051,242.139999,89.162109
2024-11-12,584.884644,120.770973,72.865936,41.524990,91.211639,83.913376,76.748146,100.408150,240.050003,87.928421
2024-11-13,585.168884,119.750954,72.434608,41.257511,91.192978,83.117378,76.860565,100.029251,237.630005,88.414413
2024-11-14,581.406067,118.206337,72.584633,41.028252,91.155624,83.598671,76.748146,100.001511,237.009995,87.619987
2024-11-15,573.959106,117.089172,72.322083,41.028252,91.164963,83.376526,76.832458,100.047745,236.589996,87.666733
2024-11-18,576.310730,117.147438,72.715912,41.496330,91.248962,83.524620,76.888641,100.232552,241.089996,88.302269
2024-11-19,578.417480,117.409752,72.622139,41.467674,91.379669,83.950401,76.888641,100.445114,243.250000,88.732201
2024-11-20,578.613464,117.565178,72.425232,41.419910,91.286324,83.681976,76.851173,100.204826,244.619995,88.620033
2024-11-21,581.719727,119.469238,72.443985,41.333935,91.239655,83.617188,76.832458,100.084679,246.660004,89.274269
2024-11-22,583.522583,121.480141,72.725288,41.343487,91.304993,83.663452,76.823082,100.177109,249.839996,89.947182
2024-11-25,585.502014,123.743622,73.100349,41.372147,92.126472,85.829346,76.972954,101.424713,242.479996,91.199562
2024-11-26,588.559143,122.548729,72.678406,41.200199,91.986450,85.496117,76.972954,101.165939,242.949997,91.564072
2024-11-27,586.775818,122.616745,73.072227,41.257511,92.238495,86.088478,77.019783,101.535599,243.490005,92.152870
2024-11-29,590.420898,122.917885,74.047394,41.324383,92.602531,86.977058,77.113480,102.164009,245.589996,91.741638
2024-12-02,591.479187,123.209312,74.253677,41.486778,92.613792,87.186028,77.108765,102.324440,243.440002,90.405151
2024-12-03,591.753540,122.296158,74.675629,41.572754,92.435860,86.433708,77.118179,101.962784,243.929993,89.947182
2024-12-04,595.427979,122.723587,74.731888,41.677826,92.735519,87.362480,77.202759,102.454292,244.669998,89.704185
2024-12-05,594.448181,120.955551,75.097572,41.954849,92.754250,87.538979,77.202759,102.426453,242.860001,89.489227
2024-12-06,595.574951,120.965263,75.088203,41.887981,93.016457,87.669014,77.277939,102.658295,242.949997,89.358376
2024-12-09,592.507996,120.819550,75.041321,42.747715,92.744896,86.860931,77.249741,102.398628,245.360001,89.610725
2024-12-10,590.665833,120.392113,74.366196,42.059929,92.632507,86.452263,77.240341,102.240974,248.589996,88.311615
2024-12-11,595.232117,121.110977,74.835030,42.231873,92.417130,85.634926,77.221535,101.962784,250.960007,88.106003
2024-12-12,592.165039,120.139526,74.178665,42.021721,92.042557,84.594696,77.183937,101.387817,247.279999,87.965813
2024-12-13,592.047485,119.323517,73.972382,42.059929,91.696060,83.730904,77.146355,100.822144,244.289993,87.713463
2024-12-16,594.575562,119.750954,73.728577,41.830669,91.780357,83.981697,77.155762,100.951973,244.880005,87.405037
2024-12-17,592.125854,118.062515,73.611679,41.730614,91.780357,84.186005,77.165154,100.961227,243.940002,86.984459
2024-12-18,574.478455,113.258049,71.805847,40.759232,91.081390,83.133339,77.023697,99.709511,239.259995,83.395546
2024-12-19,574.302124,112.846214,71.577736,40.895226,90.846519,81.874573,77.108582,99.169739,239.600006,82.105789
2024-12-20,581.199951,113.571808,71.378143,41.060364,91.090782,82.340782,77.118004,99.560608,242.100006,83.489006
2024-12-23,584.680420,113.375710,71.843864,41.293495,90.808945,81.585556,77.070862,99.272095,240.960007,83.815514
2024-12-24,591.179077,114.326790,72.100479,41.419773,90.912285,81.930542,77.108582,99.579208,241.440002,84.372276
2024-12-26,591.218445,115.101395,72.442642,41.274071,90.978027,81.883926,77.127449,99.672295,243.070007,84.598740
2024-12-27,584.994995,113.542397,72.338097,41.089504,90.790146,81.212585,77.146286,99.253502,241.399994,83.749458
2024-12-30,578.319336,112.728569,71.862877,40.759232,91.147148,81.865265,77.259453,99.681587,240.630005,83.334244
2024-12-31,576.215271,112.973709,71.862877,40.623238,91.034431,81.427032,77.306602,99.430321,242.130005,84.060867
2025-01-02,574.799500,112.728569,71.615761,40.564957,91.043823,81.650826,77.287743,99.439636,245.419998,83.315384
2025-01-03,581.986511,113.964020,71.929405,40.943798,90.949867,81.389740,77.287743,99.206955,243.490005,84.410019
2025-01-06,585.339050,113.954208,72.613724,41.089504,90.855919,81.026108,77.306602,98.955681,243.190002,83.324821
2025-01-07,578.722412,113.110977,72.556686,40.798088,90.536507,80.112328,77.259453,98.499680,244.559998,82.532143
2025-01-08,579.567871,113.140396,72.442642,40.603809,90.639839,80.214897,77.306602,98.657890,245.860001,82.749184
2025-01-10,570.719360,110.875412,71.340126,39.914131,90.132515,79.683426,77.165154,98.090195,248.210007,80.729759
2025-01-13,571.604248,111.326454,71.140533,39.642143,90.047974,79.655464,77.183990,97.810989,245.740005,81.720596
2025-01-14,572.390747,112.846214,71.397156,40.088982,90.076149,79.524925,77.202896,97.922684,247.029999,82.466087
2025-01-15,582.802551,114.748405,72.309578,40.613529,90.855919,80.895576,77.372604,99.095284,248.880005,82.937920
2025-01-16,581.681702,115.081795,72.680252,40.564957,91.053207,81.156639,77.419769,99.290718,250.600006,84.655373
2025-01-17,587.521729,115.689697,72.974892,40.885513,91.053207,81.296486,77.400917,99.374474,249.270004,84.598740
2025-01-21,592.899658,117.621284,74.448074,41.322636,91.353821,82.023781,77.429207,99.951477,253.130005,86.184097
2025-01-22,596.232605,116.601555,74.277000,41.351780,91.137756,81.594864,77.410324,99.635056,254.429993,84.683670
2025-01-23,599.486816,116.993767,74.885277,41.448914,90.987434,80.960831,77.410324,99.495468,254.070007,85.306496
2025-01-24,597.736755,116.748650,75.303467,41.720905,91.137756,81.324471,77.457474,99.690895,255.649994,85.599014
2025-01-27,589.281616,116.454475,75.303467,40.963223,91.645073,82.284843,77.570633,100.379585,252.990005,86.740852
2025-01-28,594.344971,116.385857,75.208427,41.264351,91.616867,82.228905,77.589493,100.239990,255.179993,85.693382
2025-01-29,591.680542,116.013260,75.198921,41.274071,91.560516,82.061073,77.542351,100.109711,254.199997,84.561005
2025-01-30,594.856140,117.111427,76.025803,41.973461,91.692039,82.368767,77.589493,100.333031,258.049988,85.636772
2025-01-31,591.690369,116.130920,75.312965,41.497486,91.504135,81.827957,77.598930,100.007317,258.559998,85.448051
2025-02-03,587.708496,114.591537,74.429062,41.196354,91.590851,82.494209,77.545006,100.165176,259.940002,85.268745
2025-02-04,591.651062,115.875992,75.293968,41.934608,91.760544,82.746841,77.620689,100.361336,262.500000,85.334801
2025-02-05,594.049866,116.915314,76.025803,41.827755,92.250687,84.113007,77.667999,101.061844,264.130005,86.533241
2025-02-06,596.114624,116.493706,76.386978,42.002609,92.156403,84.075607,77.639603,100.875031,263.429993,86.750275
2025-02-07,590.658081,114.866074,75.664635,41.963749,91.864220,83.532860,77.554466,100.436043,263.899994,86.467178
2025-02-10,594.669312,114.993530,76.177872,42.468868,91.892494,83.280220,77.592308,100.464066,268.369995,86.429436
2025-02-11,595.121582,114.787636,76.539040,42.303734,91.685120,82.746841,77.573380,100.239899,267.390015,86.806908
2025-02-12,593.204407,113.346283,76.824173,42.536865,91.204407,81.623978,77.469299,99.698158,267.670013,86.004799
2025-02-13,599.467163,114.895493,77.755600,42.808849,91.751106,82.980766,77.573380,100.473412,270.309998,86.863518
2025-02-14,599.437744,114.807236,77.869659,43.139122,92.090431,83.420570,77.677467,100.865677,266.290009,86.467178
2025-02-18,601.197510,115.523018,78.430420,43.411110,91.722824,82.438072,77.611221,100.454712,270.700012,86.854080
2025-02-19,602.613281,115.081795,77.622543,43.343113,91.854790,82.540993,77.667999,100.510773,270.850006,86.920143
2025-02-20,600.106323,113.777718,77.983711,43.741383,91.996178,82.849785,77.677467,100.753624,270.989990,87.335350
2025-02-21,589.841980,110.757759,77.498985,43.615101,92.392052,83.851028,77.809906,101.108536,270.739990,86.476624
2025-02-24,587.158020,110.345955,77.451462,42.944843,92.552299,84.094299,77.866684,101.370087,272.209991,86.816338
2025-02-25,584.237976,110.453804,78.154800,42.973988,93.127281,85.544701,77.970757,102.145317,268.619995,87.882660
2025-02-26,584.532776,110.228279,78.259331,43.401398,93.278084,86.049980,77.999146,102.360153,269.029999,87.514641
2025-02-27,575.202576,108.679085,77.375435,42.556293,93.136703,85.441788,78.027534,101.930473,264.929993,87.863800
2025-02-28,584.178894,109.610580,77.537003,41.973461,93.551430,86.489799,78.169456,102.378822,263.269989,88.609283
2025-03-03,573.944153,107.061256,78.392403,41.604340,93.753777,86.893425,78.219749,102.702278,266.739990,89.024483
2025-03-04,567.150452,105.433617,78.373390,41.954033,93.517395,85.823326,78.229233,102.364761,269.059998,87.995918
2025-03-05,573.246094,106.531784,80.245766,43.207119,93.195938,85.138084,78.143814,102.036613,269.619995,88.977318
2025-03-06,563.070312,105.168884,79.418869,42.935131,93.101379,84.856491,78.191277,101.717842,268.250000,86.693672
2025-03-07,566.226257,105.708168,80.245766,43.148834,92.987930,84.584267,78.181786,101.558449,268.390015,87.212669
2025-03-10,551.144531,103.227478,78.354385,42.119171,93.432320,85.466637,78.324135,101.905342,266.040009,86.372818
2025-03-11,546.562927,102.658791,78.088264,42.468868,93.101379,84.856491,78.276688,101.239662,269.160004,85.363106
2025-03-12,549.463257,102.207756,78.649017,42.702000,92.827194,84.349609,78.219749,100.939651,270.329987,85.098885
2025-03-13,542.138733,100.491875,78.126282,42.527149,93.110855,85.091156,78.276688,101.258423,275.130005,83.419182
2025-03-14,553.336914,102.952942,79.561447,43.304256,92.921753,84.640587,78.219749,101.211533,275.239990,85.089462
2025-03-17,557.603882,104.051117,80.454865,44.042507,93.044655,85.063011,78.191277,101.417786,276.730011,86.542679
2025-03-18,551.577087,103.404945,80.445358,43.819092,93.139221,85.147469,78.191277,101.661575,279.959991,86.089729
2025-03-19,557.584229,104.801514,80.682968,43.925945,93.413414,85.588654,78.305168,102.261620,281.109985,86.193527
2025-03-20,555.971802,104.299950,80.008148,43.517960,93.470146,85.644974,78.324135,102.111610,280.750000,86.136909
2025-03-21,556.155212,103.631157,79.513931,43.304256,93.356674,85.138084,78.371590,101.970985,278.489990,85.183807
2025-03-24,566.115173,106.227585,79.504417,43.498535,92.997398,84.265114,78.267204,101.530319,277.250000,86.495499
2025-03-25,567.476013,105.588326,79.941620,43.372257,93.082474,84.255730,78.295670,101.633453,278.470001,85.524994
2025-03-26,560.701355,105.027725,78.905632,43.109982,92.855568,83.701920,78.276688,101.220924,278.239990,85.858658
2025-03-27,559.212280,104.555634,79.076714,43.323685,92.808296,83.457886,78.314644,101.099037,281.970001,85.639389
2025-03-28,547.950745,102.293602,78.373390,42.517437,93.347229,84.612434,78.457016,101.708473,284.059998,85.524994
2025-03-31,551.628967,102.844353,77.679573,42.449444,93.526848,85.447861,78.513969,101.905342,288.140015,86.316261
2025-04-01,553.187012,103.070564,77.793625,42.585438,93.873085,86.188309,78.542526,102.269592,287.570007,86.354401
2025-04-02,556.687805,104.594986,77.974213,42.643719,93.768730,86.131790,78.485374,102.504875,288.160004,86.878746
2025-04-03,529.253784,97.267921,76.339447,41.740334,94.262016,86.527443,78.780602,102.495468,286.420013,83.913826
2025-04-04,498.269684,93.068390,71.302109,39.418728,94.347404,87.469498,78.732964,102.382530,279.720001,80.272034
2025-04-07,497.382172,91.789841,69.581802,37.951935,93.152153,84.831741,78.742493,100.387199,273.709991,78.165123
2025-04-08,489.591827,89.065544,69.344208,37.417675,92.668381,83.230278,78.694878,99.116585,275.200012,76.067764
2025-04-09,541.008484,96.933533,74.695183,40.011269,92.877060,83.720131,78.647263,100.773102,285.380005,80.605713
2025-04-10,517.301941,92.665154,73.222008,39.321587,92.146652,81.412102,78.637741,99.060127,292.350006,78.765739
2025-04-11,526.532104,93.835510,75.056351,40.555244,92.051781,81.854874,78.494888,99.041290,297.929993,79.728622
2025-04-14,531.640137,94.868179,75.864227,40.924370,92.592499,82.438950,78.666306,99.653061,296.230011,81.377914
2025-04-15,530.151123,94.641991,76.548553,40.885513,92.782204,82.730995,78.666306,100.189545,297.779999,81.625786
2025-04-16,518.366943,93.707657,76.253914,40.409538,93.076279,83.192589,78.771065,100.613083,307.470001,81.568588
2025-04-17,519.106506,94.710831,77.080795,40.720379,92.839111,82.457787,78.799644,100.471924,306.119995,82.788864
2025-04-21,506.750366,92.822502,76.662605,40.710663,92.279442,81.016441,78.751991,99.389534,315.589996,81.063309
2025-04-22,519.934875,95.064903,78.249840,41.322636,92.450203,81.468628,78.780602,99.634262,311.109985,82.636337
2025-04-23,527.991455,96.274590,78.563484,41.798615,92.677856,82.259964,78.723442,100.076614,303.649994,82.788864
2025-04-24,539.105164,98.231750,79.608971,42.284302,93.190094,83.126633,78.818672,101.102509,308.070007,83.093956
2025-04-25,543.000305,98.192406,79.951126,42.206593,93.531593,83.738976,78.885338,101.638969,304.730011,82.950943
2025-04-28,543.207458,98.536636,80.483368,42.284302,93.787735,84.266510,78.999596,101.874290,309.070007,83.465752
2025-04-29,546.629272,99.175903,80.644943,42.400871,94.015388,84.973053,79.047218,102.109589,306.059998,83.913826
2025-04-30,546.846252,98.477623,80.549896,42.507725,93.929993,84.285370,79.151962,101.629578,303.769989,84.209366
2025-05-01,550.721741,99.087395,80.293289,42.498009,93.674004,83.857994,78.988625,101.272362,297.459991,84.485832
2025-05-02,558.896729,101.329773,81.833000,43.712238,93.217194,82.950302,78.835785,101.026688,297.980011,85.524994
2025-05-05,555.691833,100.601982,81.975571,44.042507,93.055412,82.486992,78.826225,100.884933,306.880005,85.334320
2025-05-06,551.047119,99.972549,81.871010,43.867664,93.283813,82.761185,78.893097,101.083382,315.480011,84.676498
2025-05-07,553.364563,100.110237,81.595383,43.362537,93.426559,83.111031,78.921761,101.291275,310.750000,84.771828
2025-05-08,557.220276,101.939537,81.310257,43.333401,92.941223,82.184425,78.759361,100.780998,304.630005,84.438171
2025-05-09,556.510315,101.910027,81.709442,43.624813,93.036385,82.307343,78.797585,100.743187,306.839996,85.000641
2025-05-12,574.901611,105.745682,82.127640,44.567059,92.722336,81.541481,78.654266,100.724266,298.190002,85.420120
2025-05-13,578.698120,106.237419,82.232185,44.644764,92.627151,81.210541,78.635185,100.809341,299.459991,84.333298
2025-05-14,579.437683,105.155571,81.833000,44.984753,92.360695,80.671600,78.577866,100.299065,293.160004,83.503883
2025-05-15,582.267883,105.883369,82.726418,44.965321,92.884102,81.380722,78.730698,101.017242,297.839996,85.029259
2025-05-16,585.955994,106.699669,82.916496,44.936180,92.941223,81.598206,78.711601,101.206223,294.239990,86.087471
2025-05-19,586.596924,106.011223,83.705376,45.033318,92.912659,81.361832,78.740257,101.215683,298.029999,86.106529
2025-05-20,584.624756,105.834190,84.104553,44.984753,92.750877,80.775604,78.749802,100.969963,303.579987,85.601265
2025-05-21,574.773315,102.913200,83.610329,44.868183,92.141808,79.395149,78.702042,99.845474,305.820007,83.322746
2025-05-22,575.000183,102.814857,83.562798,44.722477,92.408272,79.811172,78.749802,100.355751,303.109985,82.941414
2025-05-23,571.075317,102.273933,83.676857,44.907036,92.541496,79.943550,78.797585,100.431358,309.750000,83.027206
2025-05-27,582.948364,104.870369,84.893417,44.800186,92.960236,81.059258,78.826225,101.338516,304.500000,84.476295
2025-05-28,579.575745,103.611481,83.914467,44.596195,92.788940,80.709419,78.768898,101.092834,303.809998,84.390503
2025-05-29,581.863586,104.093399,84.285141,44.761337,93.131538,81.456375,78.854889,101.546410,305.609985,85.153183
2025-05-30,581.212769,103.631157,84.408691,44.217358,93.359932,81.579292,78.950401,101.839355,303.600006,85.153183
2025-06-02,584.486633,103.277107,85.311623,44.537910,93.114555,80.820068,78.885223,101.551018,311.670013,85.267586
2025-06-03,587.819763,104.939201,84.665314,44.644764,93.047722,80.677719,78.866066,101.598457,308.910004,85.095978
2025-06-04,587.661926,104.663826,85.045502,45.198452,93.601517,81.987389,79.009834,102.338264,310.899994,85.334320
2025-06-05,584.821899,104.634315,84.988464,45.431587,93.362816,82.044319,78.923569,102.025261,309.329987,85.267586
2025-06-06,590.827454,105.893204,85.292610,45.577293,92.885414,81.000366,78.789383,101.408752,305.179993,85.677521
2025-06-09,591.359985,107.024223,85.283104,45.965847,92.999977,81.085800,78.846893,101.712265,306.619995,85.791931
2025-06-10,594.712830,107.673340,85.397156,46.228119,93.210052,81.503357,78.846893,101.958862,306.709991,86.526009
2025-06-11,593.016663,107.024223,85.254585,46.422401,93.525124,81.750114,78.971489,102.281334,308.369995,86.058853
2025-06-12,595.373535,106.611153,85.910393,46.500107,93.868874,82.727631,79.038582,102.850426,312.200012,86.478340
2025-06-13,588.717163,104.545807,84.807884,45.761860,93.534676,81.930435,78.981079,102.233917,316.290009,85.639389
2025-06-16,594.318298,105.600037,85.125999,46.322868,93.343727,81.104767,78.971489,102.053711,311.779999,85.706123
2025-06-17,589.239807,104.484612,84.081741,45.714779,93.630165,82.091766,79.009834,102.404648,311.940002,85.401062
2025-06-18,589.151001,104.918930,84.226776,45.704967,93.697014,82.234138,79.048157,102.480530,310.260010,85.696602
2025-06-20,587.767395,104.770866,83.472595,45.440159,93.782936,82.082283,79.105675,102.565872,310.130005,85.639389
2025-06-23,593.573059,106.172546,84.101082,45.812855,93.973900,82.348000,79.211098,102.821960,311.079987,86.926414
2025-06-24,600.130371,107.238617,85.125999,46.999615,94.355827,82.945915,79.278168,103.305672,306.190002,87.155205
2025-06-25,600.466675,106.172546,84.661880,47.038849,94.346268,83.050301,79.287758,103.182365,307.119995,85.057854
2025-06-26,605.164673,107.751915,85.609444,47.352703,94.604080,83.467865,79.383614,103.561752,306.779999,84.978905
2025-06-27,608.171326,108.077660,86.382957,47.166351,94.336754,82.936417,79.354851,103.391014,301.220001,85.190704
2025-06-30,611.079102,107.880241,86.431305,47.313473,94.718666,83.752586,79.412354,103.960098,304.829987,85.739449
2025-07-01,610.881287,109.528694,86.286278,47.401745,94.631508,83.960236,79.329666,104.085754,307.549988,86.365219
2025-07-02,613.650574,111.019218,86.537674,47.607712,94.516548,83.426804,79.320045,104.066719,309.250000,86.567383
2025-07-03,618.487000,111.621346,86.557007,47.823483,94.324966,82.845741,79.233536,103.819199,307.140015,86.663658
2025-07-07,613.878113,109.726120,85.619110,47.146736,93.989716,82.055084,79.214279,103.200455,307.369995,85.922371
2025-07-08,613.541809,110.575012,86.247597,47.440975,93.951385,81.950302,79.223915,102.905334,304.160004,85.797218
2025-07-09,617.221008,111.493027,86.895424,47.362514,94.344116,82.807617,79.291222,103.495552,305.519989,85.864616
2025-07-10,618.961731,112.598572,86.837410,47.490013,94.315392,82.864784,79.291222,103.514580,306.200012,86.403725
2025-07-11,616.785828,111.364700,86.005875,47.333088,93.922661,81.721687,79.271980,102.886314,309.140015,86.413353
2025-07-14,617.962708,111.660835,86.005875,47.401745,93.913071,81.550224,79.281601,102.857758,308.010010,86.971725
2025-07-15,615.322083,109.390503,85.106659,47.745018,93.635277,80.978683,79.204674,102.486511,306.730011,85.691322
2025-07-16,617.379211,110.120956,85.454742,47.970604,93.769394,81.092995,79.310432,102.648315,308.260010,86.499992
2025-07-17,621.157349,111.414062,85.677132,48.245224,93.807701,81.073929,79.281601,102.895805,307.589996,86.403725
2025-07-18,620.702454,110.426956,85.435402,48.137341,93.980118,81.197769,79.348900,103.086227,308.390015,86.586647
2025-07-21,621.879395,110.170311,85.889847,48.451191,94.238754,81.921745,79.396973,103.486023,313.130005,86.942848
2025-07-22,621.968384,111.374580,86.363625,48.480614,94.420761,82.417068,79.454659,103.733528,316.100006,88.435066
2025-07-23,627.259827,112.677551,88.510147,48.971012,94.210022,81.959839,79.387367,103.571693,312.179993,88.608337
2025-07-24,627.467468,110.871155,87.852661,48.706200,94.152565,81.816948,79.320045,103.419388,310.269989,88.300285
2025-07-25,630.118042,111.453545,87.746292,48.559074,94.305794,82.331337,79.368118,103.752563,307.399994,88.309898
2025-07-28,629.959839,111.344955,86.334618,48.235416,94.181282,81.797897,79.358521,103.543144,305.410004,86.894714
2025-07-29,628.298279,110.900764,86.160576,48.255035,94.688972,83.179138,79.425812,104.228539,306.250000,88.290642
2025-07-30,627.507080,110.120956,85.541763,47.901947,94.420761,82.750473,79.339279,103.838257,300.959991,87.039124
2025-07-31,625.153137,108.857468,84.623207,47.627327,94.468651,82.798096,79.339279,103.866814,302.959991,85.816467
2025-08-01,614.906616,107.060944,84.400818,47.274242,95.285614,83.975212,79.734772,104.788231,309.109985,85.604660
2025-08-04,624.253052,108.867340,85.522423,47.764637,95.362511,84.204697,79.754059,104.969833,310.910004,86.480743
2025-08-05,621.088135,109.390503,85.512756,47.901947,95.391335,84.462875,79.725136,105.046310,311.160004,86.875458
2025-08-06,625.845459,109.380630,86.073555,48.127529,95.352898,83.975212,79.754059,105.017632,310.500000,86.201553
2025-08-07,625.321228,109.163460,86.847076,48.529652,95.275993,83.831772,79.715477,104.912491,313.119995,86.451866
2025-08-08,630.197266,109.459602,87.378876,48.490421,95.093384,83.468422,79.696190,104.577957,313.049988,85.739449
2025-08-11,628.951050,109.390503,87.011444,48.353111,95.160660,83.564026,79.696190,104.740440,308.549988,85.171463
2025-08-12,635.646912,112.904579,88.075035,48.941589,95.160660,83.143295,79.754059,104.836021,308.269989,85.652809
2025-08-13,637.822754,115.293365,88.606834,49.530064,95.506676,83.831772,79.860176,105.390411,309.209991,86.451866
2025-08-14,637.882141,113.664642,88.616508,48.921974,95.237541,83.210236,79.773346,105.027184,307.250000,85.835716
2025-08-15,636.388672,112.963814,89.138634,48.980820,95.093384,82.617378,79.744415,104.893379,307.429993,86.326706
2025-08-18,636.250122,113.131615,89.041939,49.265251,94.987663,82.378319,79.744415,104.702194,306.950012,85.595055
2025-08-19,632.798401,113.269806,89.051613,48.863125,95.170265,82.856438,79.783005,104.864693,305.269989,87.068001
2025-08-20,631.117004,112.736771,89.370689,48.794472,95.227943,83.038124,79.811951,104.912491,308.359985,87.318298
2025-08-21,628.585083,112.647926,88.809883,48.686584,95.006882,82.626938,79.744415,104.511032,307.290009,87.058372
2025-08-22,638.238159,116.971436,90.144218,49.657570,95.535500,83.238914,79.918045,105.333054,310.579987,88.743126
2025-08-25,635.429199,115.865883,88.954926,49.373138,95.391335,82.999863,79.879463,105.055870,309.829987,88.232887
2025-08-26,638.089783,116.260712,88.858231,49.245636,95.506676,82.952049,79.946991,105.132332,312.079987,88.001846
2025-08-27,639.543640,117.228081,88.645508,48.951397,95.602791,82.856438,80.004883,105.170563,312.709991,88.550583
2025-08-28,641.808533,117.001045,88.974258,49.137745,95.718109,83.401474,79.975937,105.333054,315.029999,88.319527
2025-08-29,637.980957,116.517372,88.452141,48.902359,95.593170,82.808624,80.043457,104.950729,318.070007,88.800880
2025-09-02,633.253357,115.638855,87.581924,48.863125,95.339569,82.192398,80.002800,104.599648,325.589996,87.327934
2025-09-03,636.685364,115.500656,87.717293,49.049473,95.686714,83.094643,80.060867,105.223129,328.140015,87.376068
2025-09-04,642.006348,117.228081,88.355438,48.892548,96.072411,83.728165,80.118919,105.942513,326.690002,88.030716
2025-09-05,640.146973,117.593307,88.751877,49.481026,96.525627,85.004776,80.235046,106.633141,331.049988,89.022316
2025-09-08,641.719543,117.415619,89.641418,49.932190,96.853508,86.137390,80.283424,107.007217,334.820007,88.502441
2025-09-09,643.203125,116.389046,89.341682,50.206810,96.660645,85.647873,80.215691,106.815399,334.059998,88.300285
2025-09-10,645.062561,116.102783,89.322342,50.550091,96.853508,86.137390,80.225372,107.131927,335.260010,88.155869
2025-09-11,650.423157,118.550789,90.269905,51.285686,97.036713,86.713318,80.254410,107.630699,334.760010,89.763603
2025-09-12,650.205444,116.931953,89.912155,51.256260,96.949928,86.338974,80.244720,107.438858,335.420013,89.349640
2025-09-15,653.667114,117.040535,90.511635,51.628960,97.113853,86.540543,80.273750,107.774590,338.910004,89.205223
2025-09-16,652.767090,116.895874,90.260239,52.011471,97.152428,86.722923,80.312431,107.678658,339.589996,88.733498
2025-09-17,651.956177,116.866135,89.921822,52.237053,96.978867,86.502151,80.273750,107.486832,336.970001,88.617973
2025-09-18,655.002441,119.521515,90.269905,52.109554,96.708855,85.609474,80.244720,107.266212,335.619995,88.810516
2025-09-19,658.246521,118.164108,89.921822,51.991856,96.708855,85.446297,80.273750,107.179878,339.179993,88.232887
2025-09-22,661.360779,118.471260,90.211899,52.246861,96.593124,85.139145,80.235046,106.940079,345.049988,88.252136
2025-09-23,657.760620,118.233467,90.037857,52.276283,96.747437,85.734261,80.264069,107.151108,346.459991,88.733498
2025-09-24,655.667847,117.252556,89.515732,52.099743,96.564201,85.407906,80.225372,106.719482,343.320007,87.860718
2025-09-25,652.642944,116.232025,88.877563,51.795696,96.429207,85.407906,80.157623,106.527634,344.750000,87.598305
2025-09-26,656.382019,117.381371,89.564072,51.697617,96.496719,85.331123,80.206001,106.671494,346.739990,88.463303
2025-09-29,658.226685,117.490356,89.912155,52.168396,96.679916,86.031822,80.235046,107.026405,352.459991,88.492470
2025-09-30,660.706116,117.738060,90.279579,52.374367,96.670273,85.782257,80.273750,106.920898,355.470001,88.852066
2025-10-01,662.957458,118.084846,91.024094,52.786297,96.916977,86.003799,80.366920,107.350281,356.029999,88.988136
2025-10-02,663.721069,118.441536,91.169128,53.031494,97.023392,86.254227,80.386337,107.523552,354.790009,88.521629
2025-10-03,663.711243,118.976570,91.932976,53.188423,96.916977,86.090469,80.357208,107.388763,357.640015,88.852066
2025-10-06,666.091492,118.669418,92.145699,53.433620,96.704147,85.406616,80.337799,107.042206,364.380005,88.016220
2025-10-07,663.621948,117.153473,91.343170,53.021690,96.868599,85.897835,80.376640,107.244370,366.260010,87.695503
2025-10-08,667.579163,118.223557,91.613899,53.443432,96.878273,85.965256,80.366920,107.109604,372.299988,87.238701
2025-10-09,665.645203,116.866135,90.859726,52.894184,96.762184,85.897835,80.357208,106.897812,365.429993,86.762466
2025-10-10,647.654236,113.219955,89.186974,50.942406,97.158829,87.284836,80.493103,107.196228,369.119995,85.654488
2025-10-13,657.591919,115.508736,89.902489,52.423405,97.342651,87.236679,80.648399,107.562065,378.089996,86.198761
2025-10-14,656.788574,117.262466,90.308594,51.952625,97.497429,87.516014,80.590164,107.918259,380.790009,87.083199
2025-10-15,659.704407,118.253281,90.743690,52.805916,97.458740,87.323364,80.551331,107.918259,387.390015,88.346680
2025-10-16,655.211609,116.707611,91.217468,53.149189,97.807007,87.978340,80.658104,108.226318,396.450012,88.035667
2025-10-17,658.930847,116.509445,91.381844,53.139381,97.671570,87.843498,80.648399,108.014511,388.989990,88.609093
2025-10-20,665.784058,118.352364,92.136024,53.865170,97.836029,88.180611,80.658104,108.341850,403.149994,89.503250
2025-10-21,665.774109,118.689240,91.459198,53.266891,97.932785,88.614052,80.677505,108.361076,377.239990,89.250557
2025-10-22,662.312805,117.817322,91.323830,53.217846,97.923096,88.671837,80.677505,108.466980,377.279999,89.629601
2025-10-23,666.240295,118.986473,91.749268,53.688629,97.748970,88.065025,80.619278,108.332214,378.790009,89.571297
2025-10-24,671.685181,120.026833,91.894302,54.041714,97.845703,88.103554,80.667801,108.515129,377.519989,89.833710
2025-10-27,679.609497,120.036743,92.532455,54.639999,97.913429,88.402138,80.648399,108.698051,367.010010,90.086403
2025-10-28,681.414551,119.343163,92.493782,54.620380,97.971474,88.633308,80.658104,108.707657,364.380005,88.317520
2025-10-29,681.741882,117.797516,91.971664,54.934235,97.507111,87.737541,80.502831,108.091537,363.000000,86.043251
2025-10-30,674.244019,116.519356,91.565552,54.365376,97.323288,87.227043,80.512520,107.513916,370.130005,86.451454
2025-10-31,676.455566,116.717522,91.362503,54.237873,97.265259,86.966995,80.541641,107.080711,368.119995,86.674995
2025-11-03,677.725159,116.955322,91.401184,54.581154,97.145866,86.749481,80.544548,106.792786,368.779999,86.548645
2025-11-04,669.691711,115.528542,90.463287,53.580742,97.194397,86.942810,80.573776,106.937714,362.320007,86.694427
2025-11-05,672.012451,117.460640,91.043434,54.061329,96.932343,85.995476,80.515350,106.618881,366.510010,86.772179
2025-11-06,664.802185,115.865433,90.840378,53.659203,97.291451,86.768814,80.612701,107.179260,366.070007,86.354256
2025-11-07,665.456726,116.866135,91.178802,53.502277,97.252640,86.585144,80.651672,106.966690,368.309998,87.695503
2025-11-10,675.840698,118.015480,92.136024,54.443836,97.213821,86.565819,80.632195,107.024658,378.380005,87.646904
2025-11-11,677.387878,118.491074,92.812859,54.502686,97.504990,86.962158,80.700356,107.449783,379.869995,88.628540
2025-11-12,677.764832,118.401901,93.363991,54.512493,97.466156,87.116821,80.671135,107.343506,385.989990,87.967636
2025-11-13,666.518005,115.875336,92.368080,53.874981,97.174980,86.401474,80.622444,106.812103,382.869995,86.888817
2025-11-14,666.408875,115.776253,92.107025,53.904404,97.058517,85.908493,80.651672,106.522255,375.959991,87.073471
2025-11-17,660.200317,113.249695,90.908066,53.266891,97.077919,86.121140,80.641922,106.589890,371.649994,86.354256
2025-11-18,654.656250,113.160515,89.728447,53.002071,97.136162,86.092148,80.690620,106.638206,374.350006,86.704155
2025-11-19,657.185303,113.031708,89.457703,52.815720,97.136162,85.918137,80.680878,106.647850,374.959991,86.023811
2025-11-20,647.168335,111.020363,88.220078,52.089935,97.252640,86.256485,80.749031,106.792786,374.850006,85.664207
2025-11-21,653.614929,114.517921,89.583412,52.080128,97.485580,86.517479,80.846397,107.169594,374.269989,87.054039
2025-11-24,663.235107,116.014046,89.660767,52.629372,97.679688,87.010490,80.856140,107.594727,380.200012,87.287292
2025-11-25,669.473511,119.006294,90.734016,52.815720,97.834999,87.232826,80.904823,107.894234,380.079987,88.093979
2025-11-26,674.095215,119.670143,91.729935,53.198235,97.990280,87.619484,80.895088,108.261391,383.119995,88.482750
2025-11-28,677.774719,119.759315,92.039345,53.276695,97.854408,87.203827,80.895088,108.077812,387.880005,88.774315
2025-12-01,674.680298,119.115295,91.584892,53.237465,97.431793,86.118248,80.825752,107.498856,389.750000,87.753807
2025-12-02,675.930054,119.164818,91.894302,53.257080,97.558380,86.157043,80.874580,107.566750,387.239990,87.442802
2025-12-03,678.270630,120.819489,92.387428,53.296314,97.743378,86.399582,80.923401,107.809189,386.880005,87.666344
2025-12-04,678.766479,120.720398,92.638817,53.286507,97.509697,85.933922,80.864815,107.615227,387.130005,87.452522
2025-12-05,680.055786,120.512321,92.638817,53.688629,97.402580,85.536171,80.835503,107.508560,386.440002,87.355331
2025-12-08,678.012756,120.016922,92.348747,53.570930,97.246788,85.254837,80.815987,107.285507,385.420013,86.684715
2025-12-09,677.427551,120.571785,92.223053,53.482662,97.159157,85.342140,80.776909,107.149734,387.399994,86.354256
2025-12-10,681.920410,122.949715,93.247963,54.080944,97.470741,85.671989,80.913628,107.644318,389.049988,86.665268
2025-12-11,683.507202,124.307137,93.799095,53.825939,97.490219,85.555580,80.923401,107.489159,393.239990,87.044319
2025-12-12,676.158142,122.979446,93.305977,53.198235,97.188362,84.730965,80.933174,106.839417,395.440002,86.937408
2025-12-15,675.136536,122.583130,93.876450,53.041306,97.285744,84.789177,80.982002,106.965492,395.799988,87.209549
2025-12-16,673.291870,121.679283,93.441338,52.706047,97.470741,85.254837,81.021080,107.207924,395.890015,86.568085
2025-12-17,665.883240,121.320946,92.683334,52.328011,97.441536,85.177231,81.030838,107.091560,399.290009,86.888817
2025-12-18,670.911499,121.569794,93.342896,52.924911,97.684975,85.584686,81.089432,107.498856,398.570007,86.432014
2025-12-19,676.992310,121.818649,93.972923,53.442223,97.542320,85.265236,81.074745,107.222366,399.019989,86.101562
2025-12-22,681.209900,122.734436,94.209183,53.730721,97.503242,85.080185,81.035553,107.202873,408.230011,86.543900
2025-12-23,684.323303,122.176994,94.790001,54.029171,97.503242,85.216553,80.996368,107.309975,413.640015,86.485054
2025-12-24,686.730530,122.575165,94.908134,54.138599,97.718178,85.732697,81.045349,107.728630,411.929993,87.053909
2025-12-26,686.660889,122.565208,95.065636,54.516636,97.737724,85.450272,81.104126,107.718887,416.739990,87.151978
2025-12-29,684.213867,121.967964,94.780151,54.377361,97.854965,85.771660,81.143318,107.864937,398.600006,87.328522
2025-12-30,683.378357,121.131821,94.937660,54.596222,97.815880,85.567154,81.162903,107.738365,398.890015,87.505066
2025-12-31,678.315247,119.628738,94.534042,54.427101,97.581406,84.885414,81.133530,107.280777,396.309998,86.789093
2026-01-02,679.558594,120.813286,95.528313,55.949192,97.552094,84.758804,81.172707,107.251572,398.279999,86.818512
2026-01-05,684.084534,122.326309,96.621025,56.565983,97.737724,85.177589,81.202095,107.553383,408.760010,87.014671
2026-01-06,688.152954,124.147919,96.768692,56.983810,97.718178,85.002281,81.211899,107.553383,413.179993,87.652184
2026-01-07,685.934753,123.152504,96.404449,56.556034,97.815880,85.498978,81.202095,107.631271,409.230011,86.798897
2026-01-08,685.865112,124.894470,96.414299,56.575932,97.640038,85.070457,81.172707,107.329460,411.489990,87.573723
2026-01-09,690.401001,125.840118,97.270737,56.844536,97.854965,85.635323,81.143318,107.718887,414.470001,87.750252
2026-01-12,691.485229,125.959572,97.861397,57.640396,97.806122,85.382103,81.143318,107.592323,422.230011,87.867943
2026-01-13,690.102600,125.939659,97.300270,57.212620,97.894043,85.528198,81.162903,107.825981,421.630005,88.358330
2026-01-14,686.710632,126.656349,97.753113,57.451382,98.040596,86.024887,81.182510,108.098602,425.940002,89.123344
2026-01-15,688.580688,128.468018,97.713730,57.789623,97.913574,86.005402,81.123726,107.962296,423.329987,89.741241
2026-01-16,688.003723,128.030029,97.979523,57.570759,97.747505,85.508713,81.104126,107.650749,421.290009,90.839706
2026-01-20,673.998169,126.238281,96.493042,57.013657,97.376236,84.388718,81.113930,106.998428,437.230011,89.152771
2026-01-21,681.776855,129.523132,97.487312,57.958744,97.698647,85.031494,81.153107,107.640999,443.600006,89.505852
2026-01-22,685.337952,129.831711,97.871239,58.396469,97.718178,85.401581,81.123726,107.845451,451.790009,88.623146
2026-01-23,685.586548,127.502449,98.412674,58.764557,97.806122,85.635323,81.153107,107.913612,458.000000,88.799690
2026-01-26,689.068054,127.552231,98.904884,58.864037,97.952660,86.044357,81.182510,108.001244,464.700012,88.681999
2026-01-27,691.813477,127.074432,100.499641,60.027988,97.884262,85.508713,81.202095,107.884407,476.100006,88.652573
2026-01-28,691.743835,126.477180,99.436470,60.435867,97.845184,85.313934,81.202095,107.728630,494.559998,87.740448
2026-01-29,690.371155,127.273514,100.105881,60.127472,97.845184,85.333405,81.231476,107.757835,495.899994,88.966415
2026-01-30,688.312073,126.447319,99.170670,58.794399,97.825653,84.856186,81.300049,107.650749,444.950012,89.054695
2026-02-02,691.733948,127.761276,99.820396,58.973469,97.712936,84.613747,81.260757,107.551056,427.130005,88.132759
2026-02-03,685.885010,127.651772,99.869614,59.291813,97.722725,84.819046,81.250931,107.599915,454.290009,87.936607
2026-02-04,682.562683,128.746719,100.194473,58.495953,97.663925,84.603966,81.290230,107.463120,453.970001,89.201805
2026-02-05,674.037964,127.840889,98.767067,58.227348,98.085396,85.522949,81.417969,107.981026,441.880005,89.074303
2026-02-06,686.969238,131.364670,101.011543,59.759384,98.144211,85.581596,81.417969,108.039658,455.459991,90.476822
2026-02-09,690.281677,131.384583,102.370041,60.197109,98.173615,85.562035,81.437630,108.039658,467.029999,90.859322
2026-02-10,688.461304,131.464203,102.616150,60.286644,98.457863,86.549438,81.486740,108.293739,462.399994,92.075485
2026-02-11,688.302185,131.215347,103.305252,61.241680,98.232430,86.089966,81.408134,108.176468,467.630005,91.565483
2026-02-12,677.668701,128.806442,102.527557,60.545300,98.673492,87.233810,81.486740,108.684616,451.390015,91.457603
2026-02-13,678.146118,130.349335,102.616150,60.803955,98.987137,87.712830,81.614479,109.046188,462.619995,92.771835
2026-02-17,679.240295,130.209976,102.596466,60.555248,98.996948,87.859482,81.585007,109.153687,448.200012,93.654541
2026-02-18,682.662109,130.578278,102.714592,60.873592,98.859718,87.527077,81.535881,109.046188,458.279999,92.556076
2026-02-19,680.861633,130.329422,102.429115,60.724369,98.879333,87.615074,81.535881,109.134125,459.559998,92.359909
2026-02-20,685.785583,131.026230,103.265869,62.017647,98.898933,87.409775,81.545700,109.046188,468.619995,93.056267
2026-02-23,678.782776,128.398331,102.842567,61.331215,99.094971,87.732376,81.614479,109.163452,481.279999,93.066078
2026-02-24,683.716492,129.582855,103.029610,62.296200,99.085159,87.888802,81.614479,109.134125,474.609985,93.301460
2026-02-25,689.485901,130.060684,104.014038,62.982632,99.036163,87.898582,81.594833,109.104820,473.420013,93.046463
2026-02-26,685.656189,130.787308,103.925430,62.385735,99.192978,88.250519,81.624313,109.173225,477.480011,93.683960
2026-02-27,682.363708,129.105072,103.738388,62.256409,99.389030,88.788216,81.732399,109.134125,483.750000,93.850708
2026-03-02,682.751709,129.981033,101.690796,61.181992,98.991791,87.896599,81.587578,108.764458,490.000000,94.086090
2026-03-03,676.733704,128.607361,98.530800,58.117916,98.883636,87.720047,81.577721,108.715431,468.140015,93.585892
2026-03-04,681.508240,129.314117,99.800705,58.744659,98.844307,87.445389,81.528458,108.813484,471.799988,93.703583
2026-03-05,677.708496,127.074432,97.615295,57.332005,98.559174,87.092278,81.469345,108.382034,466.130005,92.762039
2026-03-06,668.825684,124.217598,96.748993,57.023605,98.441177,86.768585,81.508759,108.019234,473.510010,91.751831
2026-03-09,674.684570,124.794937,97.447937,58.147762,98.755821,87.523880,81.548164,108.666405,472.529999,91.957802
2026-03-10,673.600281,124.217598,97.674355,58.376572,98.431358,86.592026,81.498909,107.921165,477.859985,91.820488
2026-03-11,672.754822,123.948830,97.467628,58.525799,97.988892,85.473824,81.420090,107.038666,476.239990,90.869133
2026-03-12,662.539062,121.639473,95.941772,56.655518,97.625099,85.307083,81.282143,106.460121,466.880005,90.241440
2026-03-13,658.789001,121.490166,94.799843,56.506294,97.546440,84.885300,81.331413,106.067902,460.839996,90.388557
2026-03-16,665.493408,122.386032,96.571800,58.078125,97.929901,85.542488,81.429939,106.577797,460.429993,91.143745
2026-03-17,667.244019,123.456795,96.837601,58.446209,98.126556,85.777901,81.439789,107.175941,459.269989,91.545868
2026-03-18,657.933533,121.861618,95.183769,57.262367,97.713585,85.297264,81.292007,106.597404,444.739990,90.192390
2026-03-19,656.312195,122.399986,95.016411,57.322052,97.821747,85.817139,81.272293,107.068077,426.410004,89.829506
2026-03-20,646.903442,120.047104,92.132057,55.352291,97.005669,84.188873,81.094940,105.754112,413.380005,87.044098
2026-03-23,653.695923,122.519630,94.347000,57.013657,97.369453,84.738167,81.213181,106.450317,404.040009,87.720833
2026-03-24,651.501587,123.396973,93.785881,56.227741,97.103996,84.365433,81.094940,106.234596,404.130005,87.141937
2026-03-25,655.132202,124.703026,95.154236,57.123085,97.448120,85.179565,81.183624,106.617020,416.290009,87.072540
2026-03-26,643.432373,123.297272,93.185394,55.183174,96.897514,84.463524,81.006279,105.783539,400.640015,86.953598
2026-03-27,632.460632,121.383064,92.338791,54.914570,96.887680,84.002502,81.173767,105.528587,414.700012,86.239883
2026-03-30,630.346069,120.505722,92.604576,54.466896,97.379295,85.120712,81.282143,106.205170,414.579987,86.567001
2026-03-31,648.668884,123.935349,95.616905,56.496346,97.605438,85.032433,81.351112,106.871956,430.290009,87.925026
2026-04-01,653.556274,124.543510,97.073860,56.934071,97.671539,84.948730,81.348145,106.986183,437.820007,88.242233
2026-04-02,654.144775,125.051971,96.473358,56.297379,97.898453,85.470665,81.387672,107.439087,429.410004,89.441666
2026-04-06,657.236816,125.729927,96.955727,56.814693,97.720871,85.332802,81.308617,107.271698,427.649994,89.570526
2026-04-07,657.526001,126.138687,96.817902,57.013657,97.839249,85.322952,81.367912,107.389862,431.809998,89.699387
2026-04-08,674.272949,129.438721,100.598091,60.127472,98.095764,85.598686,81.446968,107.803383,434.529999,91.315155
2026-04-09,678.162842,130.355942,100.361824,59.968300,98.154961,85.382034,81.466728,107.803383,437.910004,91.969383
2026-04-10,677.714050,129.797623,100.588242,60.246853,97.987244,85.175224,81.437088,107.517853,437.130005,92.167641
2026-04-13,684.336975,131.412735,101.208427,60.754215,98.184555,85.431282,81.496384,107.931389,435.359985,92.514580
2026-04-14,692.675537,132.030869,102.025497,61.918167,98.441071,85.884285,81.555664,108.285843,445.089996,93.396805
2026-04-15,698.141418,131.861389,101.700638,61.878372,98.283226,85.510063,81.535912,108.246452,440.459991,93.466194
2026-04-16,699.856995,132.290100,101.405312,62.127079,98.145096,84.968414,81.506264,107.744308,440.079987,94.328590
2026-04-17,708.315247,134.981949,102.694908,63.310925,98.510132,85.746407,81.664375,108.344917,445.929993,95.835312
2026-04-20,706.898804,135.739655,102.291298,62.853306,98.500259,85.726715,81.624840,108.335068,442.089996,96.182251
2026-04-21,702.270813,134.672897,100.046806,61.928112,98.135231,85.254005,81.506264,107.921539,429.570007,94.477280
2026-04-22,709.382507,135.211258,100.381516,63.052269,98.273346,85.421425,81.545784,108.128304,435.260010,93.694176
2026-04-23,706.629578,135.161423,99.662888,62.027596,98.115494,85.234314,81.506264,107.832924,431.040009,94.655708
2026-04-24,712.105469,135.889221,100.184624,63.410408,98.253616,85.391884,81.595192,107.911697,433.250000,94.467369
2026-04-27,713.332275,136.148422,99.800705,63.310925,98.105644,84.968414,81.575439,107.606476,429.890015,93.951912
2026-04-28,709.861206,135.380737,99.387245,62.664288,98.066170,85.057060,81.526016,107.655693,421.910004,94.814308
2026-04-29,709.751526,134.323944,98.373291,62.365837,97.632072,84.397240,81.417320,107.055099,417.410004,94.070862
2026-04-30,716.813293,136.686813,100.726059,63.659119,97.770195,84.318459,81.506264,107.173241,423.660004,95.488373
2026-05-01,718.798218,137.025772,100.509491,63.798389,97.898880,84.619926,81.519142,107.346230,423.179993,95.220726
2026-05-04,716.164978,135.759598,99.131294,63.768543,97.592018,83.977432,81.420044,107.000267,414.709991,94.625969
2026-05-05,721.910217,137.693756,100.450424,65.061829,97.770195,84.442009,81.459679,107.395653,418.269989,94.923347
2026-05-06,731.944336,138.511276,103.177269,67.141014,98.185951,85.084496,81.568703,107.929420,430.959991,96.241722
2026-05-07,729.700134,137.225174,101.287186,66.245667,97.948372,84.659470,81.499329,107.484612,431.679993,95.547844
2026-05-08,735.724609,137.933044,102.340515,67.588692,98.176048,85.084496,81.568703,107.939301,433.769989,95.775833
2026-05-11,737.400269,136.936050,102.123940,67.538948,97.918678,84.570503,81.489410,107.672424,434.649994,95.845222
2026-05-12,736.283142,135.380737,101.533287,65.479652,97.631607,84.007095,81.429955,107.306686,432.929993,95.845222
2026-05-13,740.402527,134.872284,102.212540,66.862465,97.671211,83.819298,81.459679,107.365997,430.500000,95.052208
2026-05-14,746.247498,135.729691,101.848305,67.031586,97.641518,83.937904,81.429955,107.296814,427.209991,94.487190
2026-05-15,737.270630,133.526352,100.135406,64.733528,97.027786,82.692482,81.330833,106.614769,417.290009,93.089516
2026-05-18,736.751953,133.994934,101.060768,64.634048,97.017891,82.593636,81.370483,106.417084,418.429993,94.179901
2026-05-19,731.844604,132.758682,100.332291,63.927723,96.641739,82.059875,81.311012,105.883316,411.500000,94.447540
2026-05-20,739.345276,135.450546,102.005814,65.121513,97.225769,82.939590,81.420044,106.703735,417.399994,95.646965
2026-05-21,740.811462,135.859314,102.566933,65.688568,97.344551,83.245995,81.410126,106.921196,416.989990,95.825394
2026-05-22,743.723999,136.985886,102.360207,65.539337,97.443542,83.700676,81.390305,107.118889,413.820007,95.924522
2026-05-26,748.661316,139.169296,103.492287,68.046310,97.720703,84.115822,81.479492,107.524147,414.000000,96.370590
2026-05-27,748.531616,139.199203,103.137894,68.036362,97.799896,84.313507,81.489410,107.672424,408.489990,96.073212
2026-05-28,752.660950,139.298904,103.059143,68.255226,97.997871,84.748421,81.529053,107.998604,412.769989,95.706451
2026-05-29,754.536133,138.242096,103.167435,68.245277,98.057251,84.768196,81.568703,108.097458,417.119995,94.863869
2026-06-01,756.590820,138.042709,102.813042,69.717628,98.008598,84.813835,81.521988,108.080589,411.260010,93.267937
2026-06-02,757.618225,139.268997,103.383995,70.433907,98.038399,84.992462,81.521988,108.070656,411.950012,93.694176
2026-06-03,752.301880,138.032730,102.498024,69.558449,97.829819,84.655067,81.482224,107.773003,407.869995,93.585144
2026-06-04,755.144592,139.837265,103.315086,68.742691,97.988731,84.843605,81.541862,108.001205,411.269989,95.260376
2026-06-05,735.654785,137.265045,100.667000,64.256012,97.502060,84.406982,81.372879,107.326508,396.239990,95.944351
2026-06-08,737.320435,138.162338,101.277336,65.410011,97.502060,83.970367,81.412643,107.217361,397.269989,94.635880
2026-06-09,735.156067,139.468399,101.297028,65.479652,97.700706,84.466530,81.452400,107.564636,390.779999,96.816658
2026-06-10,723.565918,138.481369,99.987747,64.325653,97.641113,84.228363,81.452400,107.316597,374.579987,96.826576
2026-06-11,735.864258,141.861160,103.098526,67.150963,98.207230,85.319923,81.601509,108.229416,386.320007,96.757187
2026-06-12,739.843994,143.237000,103.383995,67.528999,98.088058,85.111534,81.581627,108.159958,386.540009,97.649323
2026-06-15,752.890381,143.389999,104.080002,69.750000,98.177437,85.061920,81.621391,108.140114,396.549988,96.965347
2026-06-16,748.401978,142.619995,104.309998,68.639999,98.296623,85.528313,81.641273,108.269104,397.630005,97.203247
2026-06-17,739.056030,140.669998,103.779999,68.559998,97.939072,85.667244,81.392754,107.921829,388.600006,94.774658
2026-06-18,746.739990,143.210007,104.410004,70.790001,98.227104,86.084015,81.502106,108.219490,387.119995,94.725090
2026-06-22,744.390015,143.259995,104.580002,71.209999,97.958939,85.429070,81.422585,107.931747,384.589996,95.746094
2026-06-23,733.580017,142.770004,102.459999,67.169998,98.038399,85.538231,81.482224,108.060745,377.320007,97.004997
2026-06-24,733.239990,144.419998,102.260002,67.250000,98.515129,86.709167,81.581627,108.556839,365.920013,97.010002
2026-06-25,734.299988,146.270004,103.150002,67.959999,98.574722,86.679405,81.601509,108.646133,369.459991,97.190002
2026-06-26,728.989990,147.410004,102.540001,67.190002,98.664101,86.689331,81.700912,108.646133,373.630005,98.669998
2026-06-29,741.000000,147.360001,103.449997,67.430000,98.693901,86.778633,81.681023,108.844582,368.579987,98.150002
2026-06-30,746.770020,148.309998,103.879997,68.410004,98.306564,85.756538,81.621391,108.219490,368.380005,96.430000
2026-07-01,745.760010,147.539993,103.019997,66.480003,98.158073,85.176880,81.589485,107.992470,370.600006,96.820000
2026-07-02,744.780029,146.479996,104.370003,65.699997,98.267693,85.166924,81.689186,108.171692,378.130005,98.019997
2026-07-06,751.280029,146.809998,105.459999,67.570000,98.317520,85.107155,81.729065,108.201561,382.130005,97.239998
2026-07-07,747.710022,145.389999,104.160004,65.720001,97.869080,84.210777,81.609428,107.414970,377.489990,98.400002
2026-07-08,745.400024,143.690002,103.360001,66.230003,97.699677,84.021538,81.589485,107.205872,374.450012,96.800003
2026-07-09,751.710022,145.470001,103.919998,66.779999,97.839188,84.151009,81.659279,107.245705,378.179993,97.089996
2026-07-10,754.950012,145.559998,104.330002,66.900002,97.739532,84.131096,81.629364,106.996780,377.010010,97.320000
2026-07-13,749.169983,144.990005,103.239998,64.500000,97.370819,83.633102,81.539642,106.498940,367.130005,97.830002
2026-07-14,751.830017,145.380005,103.959999,65.669998,97.659813,83.742661,81.679214,106.747856,372.149994,97.570000
2026-07-15,754.809998,146.160004,104.650002,65.570000,97.799324,83.902016,81.749001,107.116264,372.350006,97.860001
2026-07-16,750.719971,147.160004,103.809998,64.190002,97.789360,83.872131,81.749001,107.036606,364.959991,100.070000
2026-07-17,743.289978,146.020004,103.330002,63.290001,97.859116,84.180885,81.739029,107.096352,368.410004,100.019997
2026-07-20,742.090027,145.100006,102.570000,63.560001,97.609985,83.553421,81.709122,106.688118,367.600006,99.480003
2026-07-21,748.280029,146.570007,104.059998,65.339996,97.400711,83.324348,81.639336,106.389412,374.809998,99.519997
2026-07-22,747.409973,145.779999,104.250000,64.989998,97.241272,83.105225,81.579521,106.210182,379.119995,99.019997
2026-07-23,738.179993,144.880005,102.900002,64.599998,97.002098,82.836304,81.519699,105.801956,371.519989,98.690002
2026-07-24,738.929993,144.860001,103.410004,63.330002,97.121681,82.915985,81.599457,105.772087,371.899994,100.809998
2026-07-27,739.090027,145.509995,103.910004,63.619999,97.350891,83.413979,81.619400,106.050880,374.630005,100.540001
2026-07-28,740.859985,146.309998,103.889999,62.360001,97.580086,83.902016,81.689186,106.369499,369.369995,100.949997
2026-07-29,729.460022,144.320007,103.370003,61.070000,97.211380,82.517593,81.739029,105.762131,371.079987,100.660004
2026-07-30,741.690002,145.500000,106.239998,63.590000,97.281136,82.467796,81.758972,105.951309,377.160004,99.489998
2026-07-31,747.030029,145.460007,105.580002,64.089996,97.031998,81.919998,81.749001,105.792000,371.540009,98.949997
2026-08-03,757.669983,147.860001,106.019997,64.320000,97.260002,82.190002,81.769997,106.110001,371.709991,99.070000
2026-08-04,771.330017,150.410004,107.320000,66.000000,97.660004,82.820000,81.870003,106.760002,374.160004,98.919998
2026-08-05,769.789978,148.940002,107.430000,65.720001,97.709999,83.000000,81.900002,106.739998,389.640015,98.919998
2026-08-06,768.559998,147.820007,107.360001,65.019997,97.430000,82.519997,81.800003,106.360001,389.670013,98.040001
2026-08-07,773.260010,148.929993,108.550003,65.639999,97.599998,82.760002,81.919998,106.550003,398.470001,98.430000
2026-08-10,773.030029,148.059998,108.010002,65.169998,97.239998,82.059998,81.860001,105.959999,402.540009,97.110001
2026-08-11,770.559998,148.410004,108.089996,65.430000,97.320000,82.190002,81.870003,105.989998,400.959991,96.379997
2026-08-12,772.489990,149.039993,108.500000,66.459999,97.430000,82.110001,81.919998,106.120003,404.920013,97.309998
2026-08-13,777.880005,149.720001,108.690002,66.680000,97.690002,82.589996,82.029999,106.550003,398.959991,98.580002
2026-08-14,776.340027,150.440002,108.639999,66.610001,97.480003,82.040001,82.000000,106.120003,401.480011,98.830002
2026-08-17,772.669983,149.830002,108.449997,67.320000,97.250000,81.349998,82.000000,105.699997,405.489990,97.980003
2026-08-18,767.450012,147.690002,107.269997,65.339996,97.349998,81.660004,82.019997,105.839996,398.549988,97.620003
2026-08-19,769.059998,147.919998,107.660004,66.110001,97.820000,83.019997,82.059998,106.570000,413.839996,98.610001
2026-08-20,762.599976,146.369995,107.349998,66.620003,97.489998,82.339996,82.019997,106.059998,415.260010,98.599998
2026-08-21,765.719971,147.309998,108.239998,67.120003,97.349998,82.050003,82.000000,105.919998,423.359985,98.500000
